{
  "startPos": "intake",
  "finalPos": "score_high_cone",
  "totalTime": 0.7286331147669605,
  "grannyFactor": 1.25,
  "theta1": [
    -2.4,
    -2.404513526386159,
    -2.4086098795636284,
    -2.402844828674654,
    -2.377774142128135,
    -2.3239535885727327,
    -2.2319389385368256,
    -2.1010680909432713,
    -1.9407852768637204,
    -1.7605347294288913,
    -1.5697606822598582,
    -1.3779073691693031,
    -1.1944190240487005,
    -1.0287398808017898,
    -0.8903141732840194,
    -0.7885861352166249,
    -0.733
  ],
  "theta2": [
    -0.9499999999999998,
    -0.9419320947407349,
    -0.9082847586901828,
    -0.8396142487871634,
    -0.7296745453244681,
    -0.5879097220423846,
    -0.4237639512533301,
    -0.24668143341458929,
    -0.06610638140569587,
    0.10851698524233426,
    0.2677444545933181,
    0.4021318310330611,
    0.502234972025895,
    0.5634292431409589,
    0.5951587423865676,
    0.6068676134503934,
    0.6080000000000001
  ]
}