{
  "startPos": "score_high_cube",
  "finalPos": "intake",
  "totalTime": 0.7946402479881508,
  "grannyFactor": 1.25,
  "theta1": [
    -0.727,
    -0.7359369899827517,
    -0.7749983524314761,
    -0.8564344920227094,
    -0.9874317954036214,
    -1.1557398375961077,
    -1.3491081837436265,
    -1.5552864007216705,
    -1.7620240579922701,
    -1.9570707291667726,
    -2.1281759952661887,
    -2.2630894531895245,
    -2.3495607506329574,
    -2.3942371283297903,
    -2.409368894243023,
    -2.407206400696488,
    -2.4
  ],
  "theta2": [
    0.32199999999999995,
    0.3342504400622673,
    0.36323944705271527,
    0.396716581484662,
    0.4224314033000139,
    0.428133472444872,
    0.4015723494611287,
    0.3304975969577593,
    0.21140334614775463,
    0.05654003357413291,
    -0.12184190217952573,
    -0.31149202190497954,
    -0.5001598861441222,
    -0.6755950553688862,
    -0.8255470901211671,
    -0.937765551192728,
    -0.9999999999999999
  ]
}