{
  "startPos": "hold",
  "finalPos": "defense",
  "totalTime": 1.1247446510174333,
  "grannyFactor": 1.25,
  "theta1": [
    -1.5909999999999986,
    -1.5996042192899005,
    -1.6082084385798023,
    -1.6223597590241772,
    -1.6456531405021693,
    -1.6756728618815908,
    -1.7128181534834468,
    -1.7564349090991027,
    -1.8064662623255479,
    -1.8629222901231968,
    -1.9252613796482523,
    -1.9931221155131829,
    -2.0633102943413015,
    -2.1315515867245871,
    -2.1976236407125911,
    -2.2612973713201985,
    -2.3224849518328927,
    -2.3809214982746796,
    -2.436535333038734,
    -2.4890465011361051,
    -2.538379229868859,
    -2.584352128864237,
    -2.6266423614075176,
    -2.6631890472498179,
    -2.6938727615704767,
    -2.7192359853013053,
    -2.7398203911769818,
    -2.7555383366369828,
    -2.7671472710295681,
    -2.77568047072075,
    -2.7820639158928571,
    -2.78690357554069,
    -2.7906094737924443,
    -2.7935053423989196,
    -2.7957647583018193,
    -2.7974980846589155,
    -2.7987371881291043,
    -2.7992747599848187,
    -2.7998123318405339,
    -2.8
  ],
  "theta2": [
    1.2710000000000008,
    1.2621201337438956,
    1.2532402674877905,
    1.2386326543222137,
    1.2145790586421989,
    1.183551910819902,
    1.1450850128857297,
    1.0997745866092485,
    1.04754286866734,
    0.98814452023791888,
    0.92184380049530557,
    0.84857085646029207,
    0.77123925600732823,
    0.69412586865908432,
    0.6172176984500215,
    0.5403886778763014,
    0.46348579361512116,
    0.38630914500048968,
    0.30861513341571473,
    0.23000748580973385,
    0.14994940840008367,
    0.067504390448887425,
    -0.018715781509803964,
    -0.10598224410952073,
    -0.193248706709237,
    -0.28051516930895376,
    -0.3676218784353964,
    -0.45033729812090345,
    -0.52613202662842751,
    -0.59481947658808143,
    -0.65658426591650976,
    -0.71142887547569045,
    -0.75915403499294687,
    -0.79995325099377534,
    -0.83374219680776585,
    -0.8605342109297861,
    -0.88001122719306446,
    -0.88852033447890588,
    -0.89702944176474719,
    -0.9
  ]
}