{
  "startPos": "double_substation",
  "finalPos": "double_substation",
  "totalTime": 0.0,
  "grannyFactor": 1.25,
  "theta1": [
    -0.6239999999999999
  ],
  "theta2": [
    0.17699999999999988
  ]
}