{
  "startPos": "intake",
  "finalPos": "double_substation",
  "totalTime": 0.739580159155677,
  "grannyFactor": 1.25,
  "theta1": [
    -2.3,
    -2.3083644983447353,
    -2.3235816834646705,
    -2.3357752309072817,
    -2.3350688136681197,
    -2.311586104396032,
    -2.255450777032774,
    -2.1567865112196647,
    -2.023545187041929,
    -1.8656031287375539,
    -1.6928366665439765,
    -1.5151221320694088,
    -1.3423358574389377,
    -1.18435417494403,
    -1.0510534167992962,
    -0.9523099148524845,
    -0.898
  ],
  "theta2": [
    -0.955,
    -0.945123665452446,
    -0.9056183279816474,
    -0.8266076551990387,
    -0.7122257949238292,
    -0.5723490786775691,
    -0.4168538393631248,
    -0.2556164102272752,
    -0.09851312451324817,
    0.044579684891475464,
    0.16378568653740966,
    0.24922855351327702,
    0.2957401267029694,
    0.3131967297911552,
    0.3114746906978721,
    0.3004503381274821,
    0.2899999999999999
  ]
}