{
  "startPos": "auto_start",
  "finalPos": "score_mid_cone",
  "totalTime": 0.5796657370522575,
  "grannyFactor": 1.25,
  "theta1": [
    -2.34,
    -2.335769308337767,
    -2.319528499021901,
    -2.2883330933500714,
    -2.24042620903088,
    -2.176234774443763,
    -2.0979015257752707,
    -2.008372407358195,
    -1.9110074847457421,
    -1.8094067183539135,
    -1.7073191813847617,
    -1.6085875430079324,
    -1.5171054356542346,
    -1.4367626011257029,
    -1.3713885013377443,
    -1.32467164093955,
    -1.2999999999999998
  ],
  "theta2": [
    -0.4219999999999999,
    -0.4172447547317264,
    -0.3982237740320457,
    -0.3601818133968719,
    -0.29836362964691115,
    -0.21276922454202146,
    -0.10815384086932062,
    0.010727277197336262,
    0.13911888507935946,
    0.27226573801509074,
    0.40541259114695627,
    0.5338041995672608,
    0.652685318348671,
    0.7573007025728566,
    0.842895107371721,
    0.9047132879982405,
    0.9380000000000004
  ]
}