{
  "startPos": "score_high_cube",
  "finalPos": "defense",
  "totalTime": 0.7655430993977252,
  "grannyFactor": 1.25,
  "theta1": [
    -0.727,
    -0.728916615913711,
    -0.7456198350487757,
    -0.7880630444048539,
    -0.8671996322152575,
    -0.9939829810461778,
    -1.1652167529048345,
    -1.3699475585216339,
    -1.5972220114573625,
    -1.8360867292523924,
    -2.0755883352994706,
    -2.3047734621211253,
    -2.512688757690425,
    -2.688380899477176,
    -2.820896633777773,
    -2.8992829527999264,
    -2.933
  ],
  "theta2": [
    0.32199999999999995,
    0.3329533997333953,
    0.35981127448061995,
    0.3916202251344816,
    0.41742685183354145,
    0.42627775460905337,
    0.40721953374420433,
    0.3492987910607425,
    0.24787982666733827,
    0.11391603807369327,
    -0.041639175601795426,
    -0.207832414748273,
    -0.3737102795579014,
    -0.5283193701676875,
    -0.6607062867697931,
    -0.7599176297533632,
    -0.8150000000000001
  ]
}