{
  "startPos": "score_high_cone",
  "finalPos": "double_substation",
  "totalTime": 0.38258117925200213,
  "grannyFactor": 1.25,
  "theta1": [
    -0.733,
    -0.733816956240813,
    -0.7367314276478971,
    -0.7420374957640856,
    -0.7498378291777313,
    -0.7600439275069311,
    -0.7723996115317372,
    -0.7865152914283616,
    -0.8019013400415212,
    -0.8179962110759099,
    -0.8341894812540747,
    -0.8498414642952399,
    -0.8643013440534238,
    -0.8769259746112719,
    -0.8871021112222252,
    -0.8942763417930292,
    -0.8979999999999998
  ],
  "theta2": [
    0.6080000000000001,
    0.6066328668355092,
    0.6011643343652087,
    0.590227269804349,
    0.5724545409535629,
    0.5478461489776065,
    0.5177692258929163,
    0.4835909042979838,
    0.44667831697755866,
    0.4083985968017586,
    0.3701188766833855,
    0.3332062895535344,
    0.29902796834330025,
    0.268951045965485,
    0.2443426552902065,
    0.22656992910221418,
    0.21699999999999992
  ]
}