{
  "startPos": "score_hybrid",
  "finalPos": "intake",
  "totalTime": 0.4079348355301159,
  "grannyFactor": 1.25,
  "theta1": [
    -2.688,
    -2.6864559786867255,
    -2.680430269723889,
    -2.6686778867322416,
    -2.650348013129382,
    -2.625762159530672,
    -2.595930965612089,
    -2.5620737239015354,
    -2.5255007190001897,
    -2.487569385747485,
    -2.4496622658694753,
    -2.4131730802586717,
    -2.3794956917824086,
    -2.350012898674277,
    -2.326081772160135,
    -2.3090092505668425,
    -2.3
  ],
  "theta2": [
    -0.5160000000000001,
    -0.517657342995419,
    -0.5242867147637343,
    -0.5375454578686245,
    -0.5590909142082279,
    -0.5889230824582925,
    -0.6253846209286618,
    -0.66681818726742,
    -0.7115664389108891,
    -0.7579720331983327,
    -0.8043776274204858,
    -0.849125878847285,
    -0.8905594447486668,
    -0.927020982415366,
    -0.9568531491866464,
    -0.9783986024988296,
    -0.9899999999999999
  ]
}