{
  "startPos": "score_high_cube",
  "finalPos": "intake",
  "totalTime": 0.7871189518431019,
  "grannyFactor": 1.25,
  "theta1": [
    -0.727,
    -0.7362223600090836,
    -0.7757952629453091,
    -0.8576245436818528,
    -0.9879020077577966,
    -1.154721800357076,
    -1.346178056955518,
    -1.5503649147310186,
    -1.7553765134032437,
    -1.9493069967693024,
    -2.120250515907489,
    -2.256301237498536,
    -2.345553378143828,
    -2.3931435674800343,
    -2.410977545296489,
    -2.410961095002831,
    -2.405
  ],
  "theta2": [
    0.32199999999999995,
    0.33390586964159824,
    0.3625964944343343,
    0.39616600530134616,
    0.4227085326050346,
    0.4303182067118263,
    0.4070891585722829,
    0.34111552116454696,
    0.22816284070311396,
    0.08013698337802175,
    -0.09105618261911144,
    -0.2735107884839388,
    -0.4553209651670219,
    -0.6245808435502974,
    -0.7693845545843274,
    -0.8778262294647666,
    -0.9380000000000001
  ]
}