{
  "startPos": "double_substation",
  "finalPos": "score_mid_cube",
  "totalTime": 0.6145016582395654,
  "grannyFactor": 1.25,
  "theta1": [
    -0.6239999999999999,
    -0.6265912900714081,
    -0.6400302000107102,
    -0.6699818067162322,
    -0.7221111770260373,
    -0.800478517599322,
    -0.8994187375068523,
    -1.013266727747136,
    -1.1363573738550041,
    -1.263025558885907,
    -1.3876061675138407,
    -1.5044340870884316,
    -1.607844209914464,
    -1.692171439397794,
    -1.7517507164288342,
    -1.7858052377165252,
    -1.8000000000000003
  ],
  "theta2": [
    0.17699999999999988,
    0.1826651212140697,
    0.2053256052686433,
    0.24345861203288388,
    0.2913990215019187,
    0.34348171305617625,
    0.3940415659318485,
    0.4374134593895153,
    0.46793227291981504,
    0.4799328871433457,
    0.47060550548425994,
    0.44561524669661107,
    0.4106272307072116,
    0.3713065777712493,
    0.33331840822600434,
    0.3023278423266575,
    0.284
  ]
}