{
  "startPos": "defense",
  "finalPos": "hold",
  "totalTime": 0.7317789998402765,
  "grannyFactor": 1.25,
  "theta1": [
    -2.821,
    -2.8114329107838283,
    -2.773164556056579,
    -2.6966278529006438,
    -2.585399230145561,
    -2.4490457686877063,
    -2.29713455349616,
    -2.1392326707193488,
    -1.9849072068729918,
    -1.8437252483636446,
    -1.7252538809235398,
    -1.6390601872510207,
    -1.5911498278144678,
    -1.5719557178206072,
    -1.5719107692759682,
    -1.5814478931679787,
    -1.5909999999999986
  ],
  "theta2": [
    -0.9,
    -0.8922610985070152,
    -0.8631753351982109,
    -0.8078005221006435,
    -0.7223410303282465,
    -0.6048167025886081,
    -0.45614110689201337,
    -0.2801245687163927,
    -0.08260770981643432,
    0.12890119731624672,
    0.34745628070936185,
    0.5634904704114782,
    0.7674366827611034,
    0.9497278306688111,
    1.1007968256739764,
    1.2110765786303732,
    1.2710000000000008
  ]
}