{
  "startPos": "hold",
  "finalPos": "auto_start",
  "totalTime": 1.1247446510010617,
  "grannyFactor": 1.25,
  "theta1": [
    -1.5909999999999986,
    -1.5562622359635925,
    -1.48242959254219,
    -1.3986379327479135,
    -1.3318105401442082,
    -1.304852790039433,
    -1.332907445219495,
    -1.4180122603829757,
    -1.5510055071984834,
    -1.7173827165718565,
    -1.9004957862266456,
    -2.083377082646182,
    -2.2503099329397367,
    -2.3888066587577317,
    -2.4921847734262506,
    -2.5593227759812374,
    -2.592
  ],
  "theta2": [
    1.2710000000000008,
    1.2362622359610618,
    1.162247976817167,
    1.0766678042103435,
    1.0013217879075242,
    0.9421092517093592,
    0.8873470609009485,
    0.8199147619913357,
    0.7222393778792346,
    0.5797314519528428,
    0.3862211984661313,
    0.15019626107702588,
    -0.10940126554541199,
    -0.36868576598334835,
    -0.6014873687040322,
    -0.7811741679974518,
    -0.882
  ]
}