{
  "startPos": "hold",
  "finalPos": "double_substation",
  "totalTime": 1.124744651425621,
  "grannyFactor": 1.25,
  "theta1": [
    -1.5909999999999986,
    -1.5562622359867562,
    -1.4574306330380504,
    -1.3102532103306614,
    -1.1334156506635458,
    -0.9464437169952343,
    -0.7685837410121389,
    -0.6176213881789042,
    -0.5081645364567179,
    -0.44957719852853706,
    -0.4439770201086113,
    -0.48590008274063884,
    -0.563889683493117,
    -0.662442759978944,
    -0.7635950910517313,
    -0.8482894083642323,
    -0.8979999999999998
  ],
  "theta2": [
    1.2710000000000008,
    1.2362622359335305,
    1.1617415790168912,
    1.0748165908329124,
    0.9981921087378527,
    0.9448585497247485,
    0.9135663563555202,
    0.8945614517254377,
    0.875236237222913,
    0.8432460374409841,
    0.7889308980930428,
    0.707804386224354,
    0.6028480052819692,
    0.48447483849191303,
    0.36830882384283525,
    0.27280074652172936,
    0.21699999999999992
  ]
}