{
  "startPos": "double_substation",
  "finalPos": "score_mid_cone",
  "totalTime": 0.47044567199451004,
  "grannyFactor": 1.25,
  "theta1": [
    -0.6029999999999996,
    -0.6055419584915843,
    -0.6157097921741634,
    -0.6360454589651255,
    -0.66909091589672,
    -0.7148461612077496,
    -0.7707692381425713,
    -0.8343181890654319,
    -0.902951056058943,
    -0.9741258810766331,
    -1.0453007060074895,
    -1.1139335727128388,
    -1.1774825230540074,
    -1.2334055989199826,
    -1.279160842264293,
    -1.3122062951695501,
    -1.3300000000000003
  ],
  "theta2": [
    0.4719999999999994,
    0.4744006947262986,
    0.48381038308447644,
    0.5022329344000731,
    0.5311035662192042,
    0.5698395061142486,
    0.6167822730863586,
    0.6699848387339181,
    0.7273786275552603,
    0.7868337647946113,
    0.8461892044121346,
    0.9032719984907616,
    0.9559130417305403,
    1.0019636876188227,
    1.0393181670519358,
    1.0659514503420062,
    1.0799999999999998
  ]
}