{
  "startPos": "score_hybrid",
  "finalPos": "score_high_cube",
  "totalTime": 0.7429473752600094,
  "grannyFactor": 1.25,
  "theta1": [
    -2.688,
    -2.682343409232788,
    -2.6553623628195737,
    -2.597045315119119,
    -2.4973807933417462,
    -2.354707580392434,
    -2.179037322761062,
    -1.9803817856880155,
    -1.7687527701354966,
    -1.5541620932467362,
    -1.3466215810085567,
    -1.1561430648097806,
    -0.9927383795955187,
    -0.8664193627830462,
    -0.7866978484994339,
    -0.7435620058864597,
    -0.727
  ],
  "theta2": [
    -0.5160000000000001,
    -0.5059881537555401,
    -0.4659407709940214,
    -0.38739770282938385,
    -0.2803707923921024,
    -0.15487188452246564,
    -0.020912824539961024,
    0.11149454211635147,
    0.23233837012797826,
    0.33160681465781294,
    0.39928803258989626,
    0.42726496850505946,
    0.42554946644783614,
    0.40415337221929565,
    0.3730885321409957,
    0.3423667926306991,
    0.32199999999999995
  ]
}