{
  "startPos": "defense",
  "finalPos": "double_substation",
  "totalTime": 0.6680873758425317,
  "grannyFactor": 1.25,
  "theta1": [
    -2.933,
    -2.926532238402271,
    -2.8998488647493974,
    -2.8456697660232204,
    -2.7567148356571978,
    -2.6309217763917556,
    -2.475570710311089,
    -2.297941771267453,
    -2.105315096672162,
    -1.9049708255515116,
    -1.7041890978152308,
    -1.5102500537283061,
    -1.3304338337013413,
    -1.172020578162718,
    -1.0422904274391984,
    -0.9485235215838664,
    -0.898
  ],
  "theta2": [
    -0.8150000000000001,
    -0.8077198583698121,
    -0.7785992925268943,
    -0.7203581628677148,
    -0.6329060199837991,
    -0.5235230026996524,
    -0.3994892511404768,
    -0.268084905769026,
    -0.13659010707834643,
    -0.012284995321160007,
    0.09755029014244673,
    0.18563561186517455,
    0.24469083852062662,
    0.2773747625502296,
    0.2909675099227945,
    0.29274921196410153,
    0.2899999999999999
  ]
}