{
  "startPos": "hold",
  "finalPos": "score_high_cube",
  "totalTime": 0.75674342673875672,
  "grannyFactor": 1.25,
  "theta1": [
    -1.591,
    -1.5850634807865356,
    -1.5766126973089931,
    -1.5595123900815184,
    -1.5350282232925885,
    -1.5036507473240754,
    -1.4652998857284434,
    -1.4198988680466682,
    -1.367541582307592,
    -1.3082047216940291,
    -1.241893764563994,
    -1.1685967762467526,
    -1.088939059323111,
    -1.0118944913063881,
    -0.9413126587868148,
    -0.87767459482525045,
    -0.82060453622237017,
    -0.7699236918887834,
    -0.72520528986426269,
    -0.68910094827747415,
    -0.66445865564157613,
    -0.64763264234894935,
    -0.63698678176754886,
    -0.63172863137568713,
    -0.63134118323010491,
    -0.63545999808720588,
    -0.64355883571342132,
    -0.65381522739218811,
    -0.66478429208104983,
    -0.67569392266772543,
    -0.68604298878651293,
    -0.69549736240065474,
    -0.7039245228345441,
    -0.71101324741102356,
    -0.71680904057136208,
    -0.721384217704846,
    -0.72336357729516776,
    -0.72534293688548956,
    -0.72700000000000009
  ],
  "theta2": [
    1.271,
    1.2715321268682698,
    1.272292187395069,
    1.2738505557503514,
    1.276181927616296,
    1.2794317415887031,
    1.283934078984597,
    1.2901325004029585,
    1.2984264118873274,
    1.3091579737814227,
    1.3222508739419196,
    1.3364610341077567,
    1.3499078271556031,
    1.3593751992930789,
    1.3633798656174738,
    1.3611346191654927,
    1.3521560510816433,
    1.3350769625091785,
    1.307391034164058,
    1.2673142593657254,
    1.2211001285967975,
    1.1688828342003585,
    1.1104025980095291,
    1.0453468823932479,
    0.97348115268759672,
    0.8948226360064333,
    0.81116448694377308,
    0.73204427298238151,
    0.65992382791721638,
    0.59477292271827875,
    0.53661041703835755,
    0.48550089048546574,
    0.44100601357362784,
    0.40416681720887526,
    0.37427857031927247,
    0.35077742798750594,
    0.34063442829875068,
    0.33049142860999547,
    0.32200000000000017
  ]
}