{
  "startPos": "defense",
  "finalPos": "double_substation",
  "totalTime": 0.6900724604065855,
  "grannyFactor": 1.25,
  "theta1": [
    -2.821,
    -2.818663921094483,
    -2.8036329325892195,
    -2.7678842750705734,
    -2.7033951885222716,
    -2.6021429156954254,
    -2.465203128318522,
    -2.300598586913242,
    -2.1163520553552853,
    -1.9204862985598807,
    -1.721024081923858,
    -1.525988171029467,
    -1.3434013315351192,
    -1.1812863291152569,
    -1.04766592940846,
    -0.9505628979461751,
    -0.8979999999999998
  ],
  "theta2": [
    -0.9,
    -0.8925504781828465,
    -0.8621802577867516,
    -0.8008676770515142,
    -0.7083804018374107,
    -0.5927409486948967,
    -0.4619719845216494,
    -0.32409621904625796,
    -0.18713638145304287,
    -0.05911521168797238,
    0.05194454365199065,
    0.13802015192900827,
    0.19108892737913474,
    0.21749867518538885,
    0.22527198905591922,
    0.22243153921436729,
    0.21699999999999992
  ]
}