{
  "startPos": "score_high_cone",
  "finalPos": "auto_start",
  "totalTime": 1.1895820003095432,
  "grannyFactor": 1.25,
  "theta1": [
    -0.733,
    -0.73195175565768766,
    -0.72976381095209586,
    -0.72757586624650394,
    -0.72506404800213864,
    -0.71984028959298962,
    -0.71359741248408559,
    -0.70632059041465145,
    -0.69824774618968755,
    -0.68977109762872524,
    -0.68162054216726975,
    -0.67496867061663646,
    -0.67196406221077087,
    -0.67570758473462322,
    -0.68974103998077219,
    -0.71837527131802936,
    -0.75621301083618908,
    -0.79967138156436335,
    -0.849044994866647,
    -0.90461487425720277,
    -0.96676165757143551,
    -1.0356561326282907,
    -1.1108387195420177,
    -1.1916054139733436,
    -1.2771501149453308,
    -1.3644165775450472,
    -1.4510662267443726,
    -1.5351895237613205,
    -1.616465684356889,
    -1.6950113815164709,
    -1.7709007161065342,
    -1.8441725104240307,
    -1.9148355127222039,
    -1.982864608313714,
    -2.0480393837882658,
    -2.1104473105611765,
    -2.1700008415341032,
    -2.2265891112994938,
    -2.2799234517584606,
    -2.3299128317337203,
    -2.3764674175127158,
    -2.4193952421579561,
    -2.4584937473907003,
    -2.4935046441572237,
    -2.5232458986507269,
    -2.5473024237345023,
    -2.5661068572523651,
    -2.5801319705850951,
    -2.5896727201422922,
    -2.59529070776451,
    -2.5980872355295794,
    -2.5989123534381982,
    -2.5986164369179994,
    -2.5976724850158064,
    -2.5964701428800447,
    -2.5952416098419242,
    -2.5941600162438263,
    -2.5933302531146452,
    -2.5928868354097636,
    -2.5924434177048816,
    -2.592
  ],
  "theta2": [
    0.6080000000000001,
    0.61363994225866658,
    0.62541189399415,
    0.63718384572963327,
    0.65073085123001584,
    0.67914118770183407,
    0.71366956356554,
    0.75508925285732176,
    0.80332711602129858,
    0.85930656812904016,
    0.92174369619627949,
    0.99134693052059852,
    1.0680427041463609,
    1.1473685856023359,
    1.2209292919265473,
    1.2876186731410781,
    1.333174876567788,
    1.3628036025272749,
    1.3822747357718275,
    1.3933127169506618,
    1.3963039184389983,
    1.3910756222723091,
    1.3772927141988776,
    1.354661305032691,
    1.3227096278636743,
    1.2824074452111227,
    1.2354167887017748,
    1.1836252985003737,
    1.1280876735704934,
    1.0694163139986281,
    1.0080852251550918,
    0.94446749954693587,
    0.87886099940439388,
    0.81150181787128073,
    0.74249835700925537,
    0.67210912827442182,
    0.60045218466528327,
    0.52760551202593808,
    0.45354185344010672,
    0.37823096301452813,
    0.30150698038574247,
    0.222918005579129,
    0.14149289266370102,
    0.056067504544124923,
    -0.031198958055591614,
    -0.11846542065530803,
    -0.20573188325502434,
    -0.29299834585474094,
    -0.37924640694755429,
    -0.45949216805181092,
    -0.53288326471036029,
    -0.59900135085647865,
    -0.65826209294734417,
    -0.71043186138417957,
    -0.75582006081386355,
    -0.79397006684774785,
    -0.82448402585576586,
    -0.84705036798882771,
    -0.85870024532588518,
    -0.87035012266294265,
    -0.882
  ]
}