{
  "startPos": "intake",
  "finalPos": "score_mid_cube",
  "totalTime": 0.5593561317714323,
  "grannyFactor": 1.25,
  "theta1": [
    -2.405,
    -2.4054769081222345,
    -2.4054939405581273,
    -2.402479986433876,
    -2.3935557918923593,
    -2.375827744110059,
    -2.3466549214682173,
    -2.304293672839914,
    -2.2498435878491074,
    -2.186231158087016,
    -2.1169715974913905,
    -2.045839647539817,
    -1.976750005236603,
    -1.9136668139274646,
    -1.860562952863066,
    -1.8213857073397084,
    -1.8000000000000003
  ],
  "theta2": [
    -0.9380000000000001,
    -0.9337272720916348,
    -0.9166363608593253,
    -0.882454539206449,
    -0.8269090812877059,
    -0.7499999895929035,
    -0.6559999895763021,
    -0.5491818079363764,
    -0.433818171769749,
    -0.31418180835552784,
    -0.19454544506406282,
    -0.0791818093048081,
    0.027636371512782122,
    0.12163637001835748,
    0.19854545893280987,
    0.2540909111595158,
    0.284
  ]
}