{
  "startPos": "score_mid_cone",
  "finalPos": "defense",
  "totalTime": 0.5582860300489916,
  "grannyFactor": 1.25,
  "theta1": [
    -1.7629999999999997,
    -1.7671995931349063,
    -1.7839296268701006,
    -1.8172510307796188,
    -1.8710167030756912,
    -1.944808387809842,
    -2.034826810225551,
    -2.1370770097041665,
    -2.2474986625502806,
    -2.3620010913825893,
    -2.47647836824433,
    -2.586818037173979,
    -2.688907709161337,
    -2.7786417038414326,
    -2.851929933054876,
    -2.9047133761061508,
    -2.933
  ],
  "theta2": [
    0.39999999999999997,
    0.3957517476185327,
    0.37875873849228964,
    0.34477272104845685,
    0.2895454449607768,
    0.21307691270954812,
    0.11961537423148756,
    0.013409080702781271,
    -0.1012937163037528,
    -0.2202447650335067,
    -0.3391958136409774,
    -0.45389861024170647,
    -0.5601049029512355,
    -0.6535664399240605,
    -0.7300349694055718,
    -0.7852622398229487,
    -0.8150000000000001
  ]
}