{
  "startPos": "defense",
  "finalPos": "score_mid_cube",
  "totalTime": 0.5534969546862861,
  "grannyFactor": 1.25,
  "theta1": [
    -2.821,
    -2.817065828542419,
    -2.801620849852293,
    -2.771326752183855,
    -2.723665283456511,
    -2.6593473879119083,
    -2.5811086745242324,
    -2.4921935378568625,
    -2.3960565647266288,
    -2.2962592543255944,
    -2.196421421203329,
    -2.100192744387016,
    -2.011231781552584,
    -1.9331837885541396,
    -1.8696519006015422,
    -1.8241498811860257,
    -1.8000000000000003
  ],
  "theta2": [
    -0.9,
    -0.8958601392377481,
    -0.8793006965815323,
    -0.8461818120639264,
    -0.7923636269427494,
    -0.717846143655924,
    -0.626769220562741,
    -0.5232727172407753,
    -0.41149649365745294,
    -0.2955804099588815,
    -0.1796643263805097,
    -0.06788810319607495,
    0.03560839932068526,
    0.12668532093432247,
    0.20120280149872924,
    0.25502098104647986,
    0.284
  ]
}