{
  "startPos": "auto_start",
  "finalPos": "double_substation",
  "totalTime": 0.8600643182271487,
  "grannyFactor": 1.25,
  "theta1": [
    -2.592,
    -2.59336760538287,
    -2.5819385199498925,
    -2.5421806881792675,
    -2.458562042380134,
    -2.315550570764043,
    -2.1232130206503133,
    -1.8970814699540328,
    -1.652688064331423,
    -1.4055649704115298,
    -1.1712443645466009,
    -0.9652584285051914,
    -0.8031393474172535,
    -0.7004192919411911,
    -0.6466774866823753,
    -0.626381777520839,
    -0.6239999999999999
  ],
  "theta2": [
    -0.882,
    -0.8664678056900454,
    -0.8043390310208606,
    -0.6865063857877658,
    -0.5285020606651067,
    -0.34585824832406287,
    -0.1541071419949289,
    0.031219064952218753,
    0.19458817928707434,
    0.32046800833843486,
    0.39332636143190225,
    0.40917979864003506,
    0.38356051170220207,
    0.33200069430172213,
    0.27003254051314973,
    0.2131882444537165,
    0.17699999999999988
  ]
}