{
  "startPos": "score_hybrid",
  "finalPos": "hold",
  "totalTime": 0.7348163154597097,
  "grannyFactor": 1.25,
  "theta1": [
    -2.688,
    -2.6783132884521685,
    -2.639566444476497,
    -2.5620727630305584,
    -2.452103021601767,
    -2.3193439232424065,
    -2.173482175215048,
    -2.0242044860242694,
    -1.8811975646004122,
    -1.7541481198528552,
    -1.652742859877476,
    -1.5866684895498842,
    -1.555823288403094,
    -1.5505205495712255,
    -1.5610735628380579,
    -1.5777956169146923,
    -1.5909999999999986
  ],
  "theta2": [
    -0.5160000000000001,
    -0.5116429371867129,
    -0.49532950380845486,
    -0.46305810729325436,
    -0.41062109042227907,
    -0.33410394470145577,
    -0.2305035538745308,
    -0.09879620788245369,
    0.05892253638045008,
    0.23786378901558708,
    0.4283408650599353,
    0.6206670609256929,
    0.8051556683685953,
    0.9721199772817766,
    1.1118732766270678,
    1.2147288548341262,
    1.2710000000000008
  ]
}