{
  "startPos": "auto_start",
  "finalPos": "double_substation",
  "totalTime": 0.8600643182270764,
  "grannyFactor": 1.25,
  "theta1": [
    -2.592,
    -2.593367605383678,
    -2.5819385199521454,
    -2.54218068818301,
    -2.4585620423848282,
    -2.3155505707682527,
    -2.123213020653554,
    -1.8970814699562333,
    -1.652688064332711,
    -1.4055649704121012,
    -1.1712443645466688,
    -0.9652584285049696,
    -0.8031393474169518,
    -0.7004192919410163,
    -0.646677486682291,
    -0.6263817775208118,
    -0.6239999999999999
  ],
  "theta2": [
    -0.882,
    -0.8664678056900494,
    -0.8043390310208801,
    -0.6865063857878104,
    -0.528502060665182,
    -0.3458582483241706,
    -0.15410714199506695,
    0.031219064952056428,
    0.19458817928689762,
    0.32046800833825756,
    0.39332636143174204,
    0.40917979863990106,
    0.38356051170209976,
    0.33200069430165297,
    0.27003254051311126,
    0.21318824445370238,
    0.17699999999999988
  ]
}