{
  "startPos": "intake",
  "finalPos": "score_high_cone",
  "totalTime": 0.7495644753319346,
  "grannyFactor": 1.25,
  "theta1": [
    -2.3,
    -2.3076371894308347,
    -2.320267016894114,
    -2.327607736394352,
    -2.3193776011591836,
    -2.285294864670219,
    -2.215077782400263,
    -2.099835329131786,
    -1.9498492510868486,
    -1.775401296668793,
    -1.5867732148010176,
    -1.394246754610014,
    -1.2081036653057933,
    -1.038625696111419,
    -0.8960945961988988,
    -0.7907921145982483,
    -0.733
  ],
  "theta2": [
    -0.955,
    -0.9478750284628783,
    -0.91621886648685,
    -0.8497501407640692,
    -0.7397021744599558,
    -0.5963565500025558,
    -0.42999495187203657,
    -0.2508990942220123,
    -0.0693507042681546,
    0.10436848379597193,
    0.25997674371704216,
    0.3871923662565054,
    0.475733696622926,
    0.5260034989732414,
    0.5482833804582737,
    0.552854995869875,
    0.5499999999999999
  ]
}