{
  "startPos": "intake",
  "finalPos": "score_high_cone",
  "totalTime": 0.7276828811897418,
  "grannyFactor": 1.25,
  "theta1": [
    -2.405,
    -2.4093693691473863,
    -2.413070151996498,
    -2.406695019091375,
    -2.380836640244793,
    -2.326087685508596,
    -2.2330408268089124,
    -2.101416114744802,
    -1.9406208789855095,
    -1.7600624512534746,
    -1.5691481637600257,
    -1.3772853489075416,
    -1.1938813391769647,
    -1.0283434670614604,
    -0.8900790650060297,
    -0.7884954653218197,
    -0.733
  ],
  "theta2": [
    -0.9380000000000001,
    -0.9303410756297674,
    -0.8979574506218747,
    -0.8314421527119068,
    -0.7235293890003517,
    -0.5836263322750133,
    -0.4211402530262795,
    -0.24547845015656783,
    -0.06604823507484416,
    0.10774307412884557,
    0.26648816696692346,
    0.40077974924272525,
    0.5012105788897327,
    0.5627408040943367,
    0.5947776213045988,
    0.6067282725849129,
    0.6080000000000001
  ]
}