{
  "startPos": "score_high_cube",
  "finalPos": "hold",
  "totalTime": 0.748411786506363,
  "grannyFactor": 1.25,
  "theta1": [
    -0.72700000000000009,
    -0.72598349936565076,
    -0.72356665097421735,
    -0.72114980258278394,
    -0.71672443874624037,
    -0.71018078833360554,
    -0.70193483739986062,
    -0.69211288733891263,
    -0.68081460543565631,
    -0.66829337171593917,
    -0.65490597186798238,
    -0.64120427480310438,
    -0.62802019500222839,
    -0.61668121156379452,
    -0.60971639286821566,
    -0.60830834443965764,
    -0.61305884985842607,
    -0.62437305947220079,
    -0.64310465199926525,
    -0.67112398842755039,
    -0.7111858996410102,
    -0.75882190899535262,
    -0.81216816264063907,
    -0.87152051833196242,
    -0.93714289715303833,
    -1.0094105021066115,
    -1.0885060168259593,
    -1.1685614152735928,
    -1.241879667361562,
    -1.3082556174806106,
    -1.367560972867524,
    -1.4199061148669487,
    -1.465272104566556,
    -1.5036566979780484,
    -1.5351371726112903,
    -1.5595202360959304,
    -1.5770174262358068,
    -1.5870447132102183,
    -1.591
  ],
  "theta2": [
    0.32200000000000017,
    0.326155602220824,
    0.33603602944678934,
    0.34591645667275472,
    0.36404042358740119,
    0.39091378643837493,
    0.424993575623327,
    0.46607230865145477,
    0.51429921755122965,
    0.56956303022254839,
    0.63188795735047509,
    0.70110937820489383,
    0.77734692912452852,
    0.86025147484639286,
    0.94204662486819757,
    1.0172814890716653,
    1.0855951936380366,
    1.147445599468341,
    1.2031901542905696,
    1.2530431469217631,
    1.2967528747375405,
    1.3279874946798058,
    1.3496045658521556,
    1.3642318453525415,
    1.3729926329464641,
    1.3763167199040109,
    1.3744278270373154,
    1.3679280132420297,
    1.3586710503222932,
    1.3479004394207668,
    1.3364552160539596,
    1.324953008180874,
    1.3138236560260286,
    1.303343847385241,
    1.2935891618595188,
    1.2847377138924467,
    1.2773964767034007,
    1.2728336396528337,
    1.271
  ]
}