{
  "startPos": "defense",
  "finalPos": "score_high_cube",
  "totalTime": 0.90785498446113611,
  "grannyFactor": 1.25,
  "theta1": [
    -2.26,
    -2.2571852418261225,
    -2.2521246083913176,
    -2.2420581703592055,
    -2.2269888213438502,
    -2.2062302068783142,
    -2.17953228973093,
    -2.1464497429711598,
    -2.1072069974635337,
    -2.0611290207699371,
    -2.0080439411867088,
    -1.9471534195426818,
    -1.8780759099937905,
    -1.8024017239737993,
    -1.7247071674307881,
    -1.6458030250704356,
    -1.5654847271397556,
    -1.483558828564985,
    -1.3998140884583883,
    -1.3138370800107966,
    -1.2266516574834807,
    -1.1412186531252648,
    -1.0601965872845436,
    -0.98483872768376179,
    -0.91571062599440545,
    -0.85336375464523373,
    -0.79746005730549951,
    -0.74761762369092777,
    -0.70352163904935194,
    -0.66481209035722677,
    -0.63336534212913742,
    -0.61524041216695236,
    -0.60706415161449478,
    -0.60651643205868377,
    -0.61125337637553889,
    -0.61886355946571425,
    -0.62769414157907311,
    -0.63681413703703127,
    -0.64561234860406769,
    -0.65372033319214906,
    -0.6607980982880397,
    -0.66680805881808558,
    -0.67167320071446179,
    -0.67414864437921485,
    -0.67617616802190883,
    -0.6782036916646027,
    -0.679
  ],
  "theta2": [
    0.27,
    0.27504924069782771,
    0.28406848679906477,
    0.30146822462764572,
    0.32593907434127323,
    0.35738898584045575,
    0.39568512121593852,
    0.44119184217168278,
    0.4934587762315219,
    0.552869952215527,
    0.61915056157163273,
    0.69248868031716149,
    0.77246169673880438,
    0.85604961424062587,
    0.93742504713021857,
    1.0153559665169289,
    1.0893354750814845,
    1.1587998759393292,
    1.2230410991280884,
    1.2805253639850944,
    1.329101871343952,
    1.3663583865359583,
    1.3919236090162086,
    1.4061418194190729,
    1.4103482376079448,
    1.4051664440285299,
    1.3912159278912779,
    1.36841133164513,
    1.3355144222926407,
    1.288568795413273,
    1.2209815053680955,
    1.1457750746428905,
    1.0645224587835393,
    0.97815965130486093,
    0.89514224840354928,
    0.81921064682006273,
    0.750201992034928,
    0.68808770509620676,
    0.63308546683093825,
    0.58483830952200377,
    0.54410202680549646,
    0.51008657562807036,
    0.4828306083680996,
    0.46901874727328252,
    0.45772682122732389,
    0.4464348951813652,
    0.44200000000000006
  ]
}