{
  "startPos": "auto_start",
  "finalPos": "intake",
  "totalTime": 0.35024486073853606,
  "grannyFactor": 1.25,
  "theta1": [
    -2.34,
    -2.3389510487018326,
    -2.334755243666445,
    -2.326363633913931,
    -2.3127272689549945,
    -2.293846149765819,
    -2.270769226682386,
    -2.244545450528498,
    -2.216223772284061,
    -2.186853143000527,
    -2.1574825137651232,
    -2.1291608356804064,
    -2.102937059848935,
    -2.0798601373579353,
    -2.0609790192588595,
    -2.0473426565316135,
    -2.04
  ],
  "theta2": [
    -0.4219999999999999,
    -0.42230413705137454,
    -0.4233657243784489,
    -0.425294260289611,
    -0.42814882687429584,
    -0.4319312706879812,
    -0.43658377698660894,
    -0.44199071485399355,
    -0.4479840025328818,
    -0.454350964230773,
    -0.46084375898081387,
    -0.46718982021455163,
    -0.4731031734766966,
    -0.47829691319888057,
    -0.48249751882668407,
    -0.4854620994663847,
    -0.48699999999999977
  ]
}