{
  "startPos": "defense",
  "finalPos": "score_mid_cube",
  "totalTime": 0.5454328682858082,
  "grannyFactor": 1.25,
  "theta1": [
    -2.933,
    -2.9290384609340587,
    -2.9131923050517354,
    -2.881499994058946,
    -2.8299999908514337,
    -2.7586922977966473,
    -2.671538451627029,
    -2.57249999025808,
    -2.465538451983885,
    -2.354615375272047,
    -2.2436922986769274,
    -2.1367307607900714,
    -2.037692300203025,
    -1.950538455470152,
    -1.8792307650590596,
    -1.8277307672638385,
    -1.8000000000000003
  ],
  "theta2": [
    -0.8150000000000001,
    -0.811075777201053,
    -0.7954316298060006,
    -0.7642483266037535,
    -0.7138592581885017,
    -0.6445977044379672,
    -0.5600723876300417,
    -0.4640471929782078,
    -0.36033810272912553,
    -0.25278550667712063,
    -0.14524234077707363,
    -0.041567406668825885,
    0.05437944041398534,
    0.13874192248764708,
    0.20767424153079747,
    0.25735185757736107,
    0.284
  ]
}