{
  "startPos": "score_mid_cube",
  "finalPos": "auto_start",
  "totalTime": 0.5506777364583356,
  "grannyFactor": 1.25,
  "theta1": [
    -1.8000000000000003,
    -1.803691411918291,
    -1.8179337757117762,
    -1.845266724812816,
    -1.886585287331786,
    -1.940450884572811,
    -2.004482462163248,
    -2.075943451697564,
    -2.151952062882831,
    -2.229590428730039,
    -2.305976529629481,
    -2.3783037217777103,
    -2.4438796053426306,
    -2.500172885405984,
    -2.5448764442641254,
    -2.5759983657168752,
    -2.592
  ],
  "theta2": [
    0.284,
    0.27992307630701035,
    0.263615381923852,
    0.230999993944284,
    0.1779999906748604,
    0.10461537452872524,
    0.014923066820326526,
    -0.08700000992998386,
    -0.19707693281596475,
    -0.3112307787545089,
    -0.42538462457407616,
    -0.5354615470652264,
    -0.6373846230185197,
    -0.7270769292624158,
    -0.8004615427138073,
    -0.8534615404664527,
    -0.882
  ]
}