{
  "startPos": "score_high_cube",
  "finalPos": "defense",
  "totalTime": 1.2906061229510941,
  "grannyFactor": 1,
  "theta1": [
    -0.727,
    -0.72562563886947939,
    -0.72303400168620713,
    -0.72044236450293486,
    -0.71785072731966271,
    -0.71270127062967781,
    -0.70627751460823074,
    -0.69834202540803592,
    -0.68928870756500993,
    -0.67937233317304624,
    -0.66885267351383226,
    -0.65828584208228591,
    -0.64843158967416559,
    -0.64041418622860435,
    -0.63623049677940857,
    -0.637820657343341,
    -0.64644832502245331,
    -0.66361823727308744,
    -0.6921352716058139,
    -0.73048994692893654,
    -0.77420318277356082,
    -0.82354583537446235,
    -0.87865243323984143,
    -0.93977139626514772,
    -1.0072595136211646,
    -1.0814933881043327,
    -1.162333368224385,
    -1.2483767158934822,
    -1.335643178493199,
    -1.4229096410929154,
    -1.5100977280978629,
    -1.5956994401899551,
    -1.6780374440542416,
    -1.7571576760422989,
    -1.8332012307538963,
    -1.9062710002451073,
    -1.9764188781499192,
    -2.04360946848713,
    -2.107949004013185,
    -2.1694349742519536,
    -2.2280447326562074,
    -2.2837380293275622,
    -2.3364605994413266,
    -2.3861506246205244,
    -2.4321692520224172,
    -2.4728575887151774,
    -2.5084338324086271,
    -2.5394348783041969,
    -2.566355017127175,
    -2.5895725186695882,
    -2.6095869287990894,
    -2.6268020525328195,
    -2.6415896825075205,
    -2.6541135207400393,
    -2.6643228765408171,
    -2.6724535197087191,
    -2.679185223182964,
    -2.684620810859212,
    -2.689154840918548,
    -2.6929165912484749,
    -2.696035062670664,
    -2.6985062939668247,
    -2.6999676413858205,
    -2.7009784275905471,
    -2.7019892137952732,
    -2.703
  ],
  "theta2": [
    0.32199999999999995,
    0.32907439534745309,
    0.34241460529990009,
    0.35575481525234715,
    0.3690950252047942,
    0.39579729141135611,
    0.42924314313992828,
    0.47117489407346075,
    0.52024144868297006,
    0.57605274782455429,
    0.6394354989407407,
    0.70935865084249328,
    0.78634643539170379,
    0.87005166193939887,
    0.95713287626350085,
    1.041791989057806,
    1.1202420497941206,
    1.1926384184095626,
    1.2595950206105062,
    1.3127382582715605,
    1.3502689626758704,
    1.377702550432327,
    1.3973618593419133,
    1.4100227278750945,
    1.4158165187208132,
    1.414472622899013,
    1.4055086438097877,
    1.3886381762259439,
    1.3646106659266555,
    1.33397165428341,
    1.2967626781685526,
    1.2536582370924045,
    1.2059390327468935,
    1.1541346795047387,
    1.0986153155096483,
    1.0396749635263163,
    0.97752415199941967,
    0.91225960635020908,
    0.84409512055226432,
    0.773090376966808,
    0.69923579993616192,
    0.622430975445056,
    0.54244233625419369,
    0.45882015045780145,
    0.37192270992303789,
    0.28465624732332145,
    0.19738978472360477,
    0.11012332212388803,
    0.02285685952417181,
    -0.064409603075544719,
    -0.15167606567526126,
    -0.23894252827497758,
    -0.32620899087469424,
    -0.41208175805355718,
    -0.49251272280197217,
    -0.565572110885837,
    -0.63216052639307729,
    -0.6910556051345712,
    -0.74315028586095377,
    -0.78826676434790266,
    -0.82672737776937111,
    -0.85783533858501548,
    -0.8763428020916797,
    -0.88922853472778651,
    -0.90211426736389322,
    -0.915
  ]
}