{
  "startPos": "defense",
  "finalPos": "intake",
  "totalTime": 0.499464266396081,
  "grannyFactor": 1.25,
  "theta1": [
    -2.26,
    -2.2586742749432047,
    -2.254169161130963,
    -2.2463390122774465,
    -2.235319053867782,
    -2.221435793407277,
    -2.205143448701883,
    -2.186983426543083,
    -2.167560024824804,
    -2.147526063058301,
    -2.1275733112760467,
    -2.108423566025216,
    -2.0908169408401704,
    -2.07549434086802,
    -2.0631710018346303,
    -2.0544971355552364,
    -2.05
  ],
  "theta2": [
    0.2700000000000002,
    0.26695804145123664,
    0.25479020757602777,
    0.23045454047282668,
    0.19090908323778874,
    0.13615383785608057,
    0.0692307609197654,
    -0.006818189987060376,
    -0.08895105696284969,
    -0.17412588196055717,
    -0.25930070686038836,
    -0.3414335735113705,
    -0.4174825237625309,
    -0.48440559949407513,
    -0.5391608426589577,
    -0.5787062953556315,
    -0.6
  ]
}