{
  "startPos": "auto_start",
  "finalPos": "intake",
  "totalTime": 0.30183187673430484,
  "grannyFactor": 1.25,
  "theta1": [
    -2.592,
    -2.59132867114359,
    -2.588643355834755,
    -2.583272725453443,
    -2.5745454517439557,
    -2.56246153543126,
    -2.5476923046571947,
    -2.5309090879258807,
    -2.51278321385737,
    -2.493986011124849,
    -2.4751888084280718,
    -2.4570629344781785,
    -2.4402797179863085,
    -2.4255104876522164,
    -2.413426572149088,
    -2.4046993000969756,
    -2.4
  ],
  "theta2": [
    -0.882,
    -0.8825353683481233,
    -0.8845353707288766,
    -0.8882886419210526,
    -0.8939170343880325,
    -0.9013407399847381,
    -0.9103267780240989,
    -0.9205504203736202,
    -0.9316326399172358,
    -0.9431615417230942,
    -0.9547057828315322,
    -0.9658241572201489,
    -0.9760736491221815,
    -0.9850176102688303,
    -0.9922358888649236,
    -0.9973399824222898,
    -0.9999999999999999
  ]
}