{
  "startPos": "score_high_cone",
  "finalPos": "hold",
  "totalTime": 0.6518692846623587,
  "grannyFactor": 1.25,
  "theta1": [
    -0.733,
    -0.726323611723097,
    -0.7130571397171445,
    -0.6999632955049343,
    -0.6938047932002551,
    -0.7013443471746129,
    -0.7293446702064805,
    -0.7845684683223275,
    -0.8647021193523071,
    -0.9629829128349472,
    -1.0726481312215532,
    -1.1869350547012048,
    -1.2990809623859176,
    -1.402323132773625,
    -1.4898988439733425,
    -1.5550453738299974,
    -1.5909999999999986
  ],
  "theta2": [
    0.6080000000000001,
    0.6012372902333791,
    0.5838426864201192,
    0.5625788929422554,
    0.5442086212330496,
    0.5354945840315318,
    0.54319949277254,
    0.5740860518471181,
    0.6323161867634292,
    0.7111271877690641,
    0.8037563375591552,
    0.903440916436189,
    1.0034182035716799,
    1.0969254774965485,
    1.1772000163383887,
    1.2374790979523491,
    1.2710000000000008
  ]
}