{
  "startPos": "defense",
  "finalPos": "intake",
  "totalTime": 0.3905672210230424,
  "grannyFactor": 1.25,
  "theta1": [
    -2.821,
    -2.819545454235553,
    -2.8137272713733434,
    -2.8020909060446844,
    -2.7831818134909656,
    -2.7569999949260766,
    -2.7249999949179813,
    -2.688636358641251,
    -2.6493636314645737,
    -2.608636358845605,
    -2.5679090862864857,
    -2.5286363593084222,
    -2.4922727234326194,
    -2.460272724161219,
    -2.4340909069518766,
    -2.4151818171732797,
    -2.405
  ],
  "theta2": [
    -0.9,
    -0.8998011674132949,
    -0.8992508622430799,
    -0.8985827004290557,
    -0.8981181588644385,
    -0.8981865564482109,
    -0.8990689681569494,
    -0.9009558307311442,
    -0.903917169274797,
    -0.907889290852151,
    -0.9126800979692042,
    -0.9179892120178947,
    -0.9234360083929396,
    -0.928590710338004,
    -0.933007540936627,
    -0.936262326342127,
    -0.9380000000000001
  ]
}