{
  "startPos": "auto_start",
  "finalPos": "score_mid_cone",
  "totalTime": 0.88230254491469762,
  "grannyFactor": 1.25,
  "theta1": [
    -2.34,
    -2.3405063894702907,
    -2.3410127789405815,
    -2.3416939998117945,
    -2.3429203673677561,
    -2.3444318185672133,
    -2.3460533654924864,
    -2.3475178026098096,
    -2.3484040521685396,
    -2.3480655052735626,
    -2.345565378745023,
    -2.3396682846251387,
    -2.3286709080104067,
    -2.3108014826225531,
    -2.2855300955736233,
    -2.2544188908221221,
    -2.2188681893121913,
    -2.1789346065278492,
    -2.1349085298886754,
    -2.0868871746169293,
    -2.0349753319842923,
    -1.9795123019042773,
    -1.9206482436265655,
    -1.8584473576401459,
    -1.7932710437413311,
    -1.7250669055093755,
    -1.6555493652019213,
    -1.5886242579448082,
    -1.5260020594203016,
    -1.4700067660370921,
    -1.4208709798952437,
    -1.3788514481889007,
    -1.3437567562814112,
    -1.3156290934321051,
    -1.2944781774344614,
    -1.2865502996082678,
    -1.2864963341259577,
    -1.2884234746746934,
    -1.2909457287416897,
    -1.2934661407963277,
    -1.2956700012210887,
    -1.2974513440861482,
    -1.2986030550661389,
    -1.2992635093894793,
    -1.2999239637128202,
    -1.3
  ],
  "theta2": [
    -0.422,
    -0.41241689335468229,
    -0.40283378670936471,
    -0.38979948088351135,
    -0.36584003017715755,
    -0.3343139700410851,
    -0.29608640985968637,
    -0.25070289313761551,
    -0.19840252978983147,
    -0.13912758898713967,
    -0.072852310700220552,
    0.00039397192645754817,
    0.080683407147286446,
    0.16696255851036185,
    0.2540975173371483,
    0.33639446487253921,
    0.41253273006857027,
    0.48433486270765358,
    0.55325153012185346,
    0.62063069799752957,
    0.687233375439603,
    0.75343194055611273,
    0.81935848632185759,
    0.88502662796551368,
    0.95039604981226133,
    1.0153106703674419,
    1.078315630179064,
    1.1360450245742444,
    1.1872883727961168,
    1.2306119626051453,
    1.2661959905730429,
    1.2938633790734466,
    1.31333728339925,
    1.3205172410789321,
    1.2946449575313967,
    1.2280279940958418,
    1.167976288253942,
    1.1147857580502889,
    1.0687237447493532,
    1.0293829717850704,
    0.997674419950388,
    0.972863984040546,
    0.95704443852052845,
    0.94804051757017826,
    0.9390365966198283,
    0.938
  ]
}