{
  "startPos": "intake",
  "finalPos": "score_hybrid",
  "totalTime": 0.3924359919693406,
  "grannyFactor": 1.25,
  "theta1": [
    -2.405,
    -2.406264329081223,
    -2.4110678896427995,
    -2.4201862665325393,
    -2.4339480720629147,
    -2.452083356378576,
    -2.473942394941113,
    -2.4986873420736435,
    -2.5253803449375187,
    -2.5530275589956752,
    -2.5806051174542395,
    -2.6070774115102773,
    -2.6314127095899846,
    -2.6525995819650428,
    -2.669668037782017,
    -2.68172218740892,
    -2.688
  ],
  "theta2": [
    -0.9380000000000001,
    -0.936524475211601,
    -0.9306223762554601,
    -0.918818178742735,
    -0.8996363589005114,
    -0.8730769179543252,
    -0.8406153794846136,
    -0.8037272676842419,
    -0.7638881069420523,
    -0.72257342173671,
    -0.6812587365917915,
    -0.641419576050121,
    -0.6045314646545228,
    -0.5720699269285733,
    -0.5455104873509378,
    -0.5263286703104583,
    -0.5160000000000001
  ]
}