{
  "startPos": "auto_start",
  "finalPos": "hold",
  "totalTime": 0.7546359763534255,
  "grannyFactor": 1.25,
  "theta1": [
    -2.64,
    -2.637832386236078,
    -2.62083779376551,
    -2.578524420941505,
    -2.5004004795498287,
    -2.3895469713277553,
    -2.256455716777155,
    -2.111618560945555,
    -1.965527356296232,
    -1.8286739586568141,
    -1.7115502240787488,
    -1.624648006438541,
    -1.5784591363178624,
    -1.562491760122055,
    -1.5662540189710457,
    -1.5792540525702758,
    -1.5909999999999986
  ],
  "theta2": [
    -0.9400000000000001,
    -0.9295081387051252,
    -0.8875406948988915,
    -0.8036058115240164,
    -0.6763696246929384,
    -0.5163239891523387,
    -0.333960762233329,
    -0.13977180151236232,
    0.055751036789181946,
    0.2421159081640357,
    0.425893926235271,
    0.6148935057618442,
    0.7986228023169725,
    0.9665899597000378,
    1.1083031187604708,
    1.2132704191674424,
    1.2710000000000008
  ]
}