{
  "startPos": "score_mid_cube",
  "finalPos": "auto_start",
  "totalTime": 0.87151739437184772,
  "grannyFactor": 1.25,
  "theta1": [
    -1.8,
    -1.7989740425079455,
    -1.7971924633435425,
    -1.79541088417914,
    -1.7918013497829135,
    -1.7868428283094664,
    -1.7807507563854545,
    -1.7736274063371491,
    -1.7658781253079014,
    -1.7580370546464743,
    -1.7511487658788889,
    -1.7475979843904916,
    -1.7538880255195122,
    -1.7838740277923955,
    -1.82255781589914,
    -1.8682248327814788,
    -1.9202068230063993,
    -1.9774449182231855,
    -2.0391313085057892,
    -2.1032823645264651,
    -2.164937104549133,
    -2.2233427449392886,
    -2.278379445808087,
    -2.329917296033023,
    -2.3779301253563165,
    -2.4220201038312905,
    -2.4622338868215849,
    -2.4983548025221429,
    -2.5298671912800441,
    -2.5551216695903669,
    -2.574401275178781,
    -2.5883094298634459,
    -2.5973916993284525,
    -2.6022150290098867,
    -2.6040472045766081,
    -2.6039269070685656,
    -2.6026641903298358,
    -2.60081534943231,
    -2.5987973059423752,
    -2.5968582205318707,
    -2.5951539480399624,
    -2.5938188585613369,
    -2.5931118132588562,
    -2.5925559066294284,
    -2.592
  ],
  "theta2": [
    0.28400000000000003,
    0.28971402497240573,
    0.29963645150035823,
    0.30955887802831084,
    0.32976501273255077,
    0.35775117063600392,
    0.39273725523685987,
    0.43523844693167862,
    0.48450472348846224,
    0.540873468928648,
    0.60410782387605111,
    0.67448074626777388,
    0.75177495949836226,
    0.80950472631179493,
    0.82053701402172086,
    0.80973125272183433,
    0.78348392122757571,
    0.74431832047479352,
    0.69351754135644827,
    0.63303038562302294,
    0.56823630606371123,
    0.50089224492957862,
    0.43160507072387022,
    0.36072162594938617,
    0.28835647384896718,
    0.21406720835815346,
    0.13689329957150972,
    0.055322789231090706,
    -0.031205994181666131,
    -0.1184724567813828,
    -0.20573891938109912,
    -0.29300538198081555,
    -0.37927003779247759,
    -0.45952579476817479,
    -0.53282129228475317,
    -0.59911732539887241,
    -0.65849721484192791,
    -0.71076348639934239,
    -0.75596772060253259,
    -0.79442641865188812,
    -0.82604161332665771,
    -0.84992069515046653,
    -0.8624325582299,
    -0.87221627911495014,
    -0.882
  ]
}