{
  "startPos": "double_substation",
  "finalPos": "score_mid_cube",
  "totalTime": 0.4873060382824327,
  "grannyFactor": 1.25,
  "theta1": [
    -0.6029999999999996,
    -0.6058251753076064,
    -0.6171258762335703,
    -0.6397272774694076,
    -0.6764545527569146,
    -0.7273077002063965,
    -0.7894615463728442,
    -0.8600909168669247,
    -0.9363706369971214,
    -1.015475531933417,
    -1.0945804267765433,
    -1.1708601465975537,
    -1.2414895164675015,
    -1.303643361487119,
    -1.3544965068263883,
    -1.3912237777937928,
    -1.4109999999999998
  ],
  "theta2": [
    0.4719999999999994,
    0.4729407398605349,
    0.4759457004407119,
    0.4807064257389379,
    0.4866195387686019,
    0.4929432011923643,
    0.49891123622162403,
    0.5038234217971387,
    0.5071212369478608,
    0.5084520916847535,
    0.5077176215838073,
    0.5050945358563339,
    0.5010203441636325,
    0.49614827122270133,
    0.491281552572907,
    0.48729060659415446,
    0.4849999999999999
  ]
}