{
  "startPos": "double_substation",
  "finalPos": "auto_start",
  "totalTime": 0.6982494568842859,
  "grannyFactor": 1.25,
  "theta1": [
    -0.898,
    -0.9063113548809112,
    -0.9395567728382441,
    -1.0060476041258997,
    -1.1124706285892991,
    -1.2505144975052067,
    -1.4118678591611797,
    -1.5882193609910558,
    -1.7712576501836947,
    -1.9526713740593262,
    -2.1241491805621746,
    -2.2773797196147907,
    -2.404051645456114,
    -2.4958536264256725,
    -2.5522381337957816,
    -2.5815164831143353,
    -2.592
  ],
  "theta2": [
    0.2899999999999999,
    0.2971120441102636,
    0.31013683269613473,
    0.3207630150016568,
    0.32067923904016926,
    0.3015741526577981,
    0.25513640432418805,
    0.17305464525775027,
    0.06177997068302619,
    -0.0703762687479177,
    -0.21510271948930557,
    -0.36408802707325294,
    -0.5090208367445365,
    -0.6415897936475271,
    -0.7534835429310468,
    -0.8363907298562842,
    -0.882
  ]
}