{
  "startPos": "hold",
  "finalPos": "score_high_cube",
  "totalTime": 1.1247446513871793,
  "grannyFactor": 1.25,
  "theta1": [
    -1.5909999999999986,
    -1.5562622359918679,
    -1.4559184752027483,
    -1.3047862786719082,
    -1.1211189561830492,
    -0.9244395295622724,
    -0.7343658028411094,
    -0.5691559370524825,
    -0.4438765311508659,
    -0.36830652234858163,
    -0.3450601668310074,
    -0.36941145191516817,
    -0.4308567775997548,
    -0.5149073213591862,
    -0.6044981846527023,
    -0.6812463023525427,
    -0.727
  ],
  "theta2": [
    1.2710000000000008,
    1.2362622359272788,
    1.1625213187276724,
    1.0781093677919944,
    1.0068962100604502,
    0.9627272946749719,
    0.9435683289315181,
    0.9383308780465777,
    0.9331101342350026,
    0.9143317686834261,
    0.8712383232092801,
    0.7987433127643992,
    0.6999450819873418,
    0.5856569428552539,
    0.4719057715163552,
    0.3775268533911563,
    0.32199999999999995
  ]
}