{
  "startPos": "intake",
  "finalPos": "hold",
  "totalTime": 0.7777322719148545,
  "grannyFactor": 1.25,
  "theta1": [
    -2.3,
    -2.30742600814239,
    -2.3182190686750195,
    -2.32089420685525,
    -2.3039664470828876,
    -2.2559508176971717,
    -2.172859282622914,
    -2.0661768181806743,
    -1.9473884054648518,
    -1.8279790270496252,
    -1.7194336657785116,
    -1.633237304298615,
    -1.580874924104894,
    -1.561954986515524,
    -1.5649925091291261,
    -1.5785025083025945,
    -1.5909999999999986
  ],
  "theta2": [
    -0.9899999999999999,
    -0.9785150156171288,
    -0.9325750784626909,
    -0.8406952053145585,
    -0.7017749475186075,
    -0.5272992876790922,
    -0.32875320911259936,
    -0.11762169521809232,
    0.09461027091714604,
    0.2964577084585941,
    0.4764356742438029,
    0.6460291373215477,
    0.8160694790528348,
    0.9750717194416458,
    1.1115508755879184,
    1.2140219637887328,
    1.2710000000000008
  ]
}