{
  "startPos": "score_hybrid",
  "finalPos": "double_substation",
  "totalTime": 0.8008078576682207,
  "grannyFactor": 1.25,
  "theta1": [
    -2.688,
    -2.68139242505188,
    -2.6490321763196207,
    -2.5783815565505335,
    -2.456902915092848,
    -2.2875328010772966,
    -2.0828089767819935,
    -1.855269289764637,
    -1.6174516133087264,
    -1.38189383236588,
    -1.161133838269517,
    -0.9677095262537782,
    -0.8141587941219129,
    -0.7130195272107065,
    -0.6559718880772195,
    -0.6304780056675726,
    -0.6239999999999999
  ],
  "theta2": [
    -0.5160000000000001,
    -0.5034620942973894,
    -0.45331047371831773,
    -0.3608909889397545,
    -0.23874154250855634,
    -0.09940003870485592,
    0.044595617705895874,
    0.18070752183691816,
    0.2963977689227587,
    0.3791284546832821,
    0.41636167657162804,
    0.4106621524405245,
    0.3745677857612386,
    0.32061648168893053,
    0.261346145718448,
    0.2092946833814868,
    0.17699999999999988
  ]
}