{
  "startPos": "double_substation",
  "finalPos": "defense",
  "totalTime": 0.6191161995844114,
  "grannyFactor": 1.25,
  "theta1": [
    -0.6029999999999996,
    -0.6087937070724182,
    -0.6319685348706465,
    -0.6783181894726478,
    -0.7536363754234051,
    -0.8579230896726872,
    -0.9853846281545667,
    -1.1302272852788475,
    -1.286657354967566,
    -1.448881130919199,
    -1.6111049067204437,
    -1.7675349759100918,
    -1.9123776320269346,
    -2.0398391686576693,
    -2.144125879500773,
    -2.219444058478282,
    -2.26
  ],
  "theta2": [
    0.4719999999999994,
    0.4756155660980381,
    0.4870428261078018,
    0.5038990994090367,
    0.5228092858622414,
    0.540079264764246,
    0.5519937417246309,
    0.5550593024392302,
    0.5463855965128231,
    0.5245913575111356,
    0.4911493002010583,
    0.4494418459845809,
    0.4036757041158764,
    0.35833877194256253,
    0.3179948965160062,
    0.2871396618222295,
    0.2700000000000002
  ]
}