{
  "startPos": "auto_start",
  "finalPos": "score_hybrid",
  "totalTime": 0.37424704378331963,
  "grannyFactor": 1.25,
  "theta1": [
    -2.592,
    -2.5925341597930407,
    -2.594383518404924,
    -2.5976789215850533,
    -2.6024392087160195,
    -2.608581887985533,
    -2.6159380142008724,
    -2.624268540136503,
    -2.633280288146564,
    -2.6426408049941674,
    -2.6519921027984448,
    -2.6609636899719717,
    -2.669185503778823,
    -2.6763014928221107,
    -2.681984726092674,
    -2.685955016310357,
    -2.688
  ],
  "theta2": [
    -0.882,
    -0.8807202794357358,
    -0.8756013973582553,
    -0.8653636335666709,
    -0.8487272684202519,
    -0.8256923030335612,
    -0.7975384568722821,
    -0.7655454499590704,
    -0.7309930024948132,
    -0.6951608347620873,
    -0.6593286670843138,
    -0.6247762198024188,
    -0.5927832132573283,
    -0.5646293677724635,
    -0.5415944036304011,
    -0.524958041032028,
    -0.5160000000000001
  ]
}