{
  "startPos": "score_hybrid",
  "finalPos": "auto_start",
  "totalTime": 0.3742470437833183,
  "grannyFactor": 1.25,
  "theta1": [
    -2.688,
    -2.687423902842077,
    -2.6854354092148465,
    -2.681919073275257,
    -2.676890249142449,
    -2.6704729419990865,
    -2.6628758151648135,
    -2.654370188498526,
    -2.64527116574083,
    -2.6359215986134736,
    -2.6266781283928435,
    -2.6178984951719664,
    -2.6099293827037533,
    -2.6030941704383004,
    -2.5976800869209216,
    -2.593924447273571,
    -2.592
  ],
  "theta2": [
    -0.5160000000000001,
    -0.5172797205642642,
    -0.5223986026417448,
    -0.5326363664333288,
    -0.5492727315797473,
    -0.5723076969664376,
    -0.6004615431277163,
    -0.6324545500409277,
    -0.6670069975051847,
    -0.7028391652379105,
    -0.7386713329156841,
    -0.7732237801975794,
    -0.8052167867426703,
    -0.8333706322275354,
    -0.8564055963695982,
    -0.8730419589679718,
    -0.882
  ]
}