{
  "startPos": "defense",
  "finalPos": "score_high_cube",
  "totalTime": 0.8160655242066124,
  "grannyFactor": 1.25,
  "theta1": [
    -2.8,
    -2.7909661916249036,
    -2.7505971780188063,
    -2.6656250491824918,
    -2.522781981072211,
    -2.3346008750711587,
    -2.114349761946214,
    -1.8752968288213616,
    -1.6307103101204605,
    -1.3938584617324294,
    -1.1780095512886508,
    -0.9964318535984645,
    -0.8623936481990399,
    -0.7816996347608691,
    -0.7410815419397317,
    -0.7272710901984901,
    -0.727
  ],
  "theta2": [
    -0.9,
    -0.8867317049842036,
    -0.8336585269167226,
    -0.7277875149810414,
    -0.5823869614714554,
    -0.41072516023740446,
    -0.22607040558910949,
    -0.04169099199806417,
    0.12914478606423743,
    0.27316863428757343,
    0.37711225882249944,
    0.42770736737469633,
    0.43669922410060635,
    0.41735612173147113,
    0.3829463541954177,
    0.3467382156422186,
    0.32199999999999995
  ]
}