{
  "startPos": "double_substation",
  "finalPos": "defense",
  "totalTime": 0.7091403564979847,
  "grannyFactor": 1.25,
  "theta1": [
    -0.8599999999999997,
    -0.8687063601828761,
    -0.9035318000218174,
    -0.9731826778156183,
    -1.0863653487742806,
    -1.2354768260013365,
    -1.4118107560315805,
    -1.6066607824141863,
    -1.8113205479087402,
    -2.0170836951703266,
    -2.215243867313855,
    -2.3970947091293087,
    -2.553929868508673,
    -2.6770430002924646,
    -2.7577277827729247,
    -2.802811355132989,
    -2.821
  ],
  "theta2": [
    0.19200000000000006,
    0.20070635455132585,
    0.21813255982851787,
    0.2355722636802807,
    0.2443191107552863,
    0.23566674510404495,
    0.20090881138495462,
    0.13133895752919406,
    0.029547477222238158,
    -0.09575927497515467,
    -0.2358749409963366,
    -0.3820931616637127,
    -0.525707577456297,
    -0.6580118287330502,
    -0.7702995558572993,
    -0.853864399324172,
    -0.9
  ]
}