{
  "startPos": "double_substation",
  "finalPos": "score_mid_cube",
  "totalTime": 0.6145016582394465,
  "grannyFactor": 1.25,
  "theta1": [
    -0.6239999999999999,
    -0.6265912900709553,
    -0.6400302000093928,
    -0.6699818067141177,
    -0.7221111770245096,
    -0.8004785175983095,
    -0.8994187375062662,
    -1.013266727746909,
    -1.1363573738550778,
    -1.263025558886229,
    -1.3876061675143625,
    -1.5044340870891078,
    -1.607844209915245,
    -1.6921714393986025,
    -1.7517507164294224,
    -1.7858052377168119,
    -1.8000000000000003
  ],
  "theta2": [
    0.17699999999999988,
    0.1826651212140665,
    0.20532560526862734,
    0.24345861203284755,
    0.29139902150185754,
    0.343481713056089,
    0.394041565931737,
    0.4374134593893847,
    0.46793227291967354,
    0.4799328871432047,
    0.47060550548413116,
    0.4456152466965027,
    0.41062723070712837,
    0.37130657777119286,
    0.33331840822597286,
    0.3023278423266459,
    0.284
  ]
}