{
  "startPos": "score_high_cone",
  "finalPos": "defense",
  "totalTime": 0.6841049301798531,
  "grannyFactor": 1.25,
  "theta1": [
    -0.733,
    -0.7408164253962338,
    -0.7720821261957863,
    -0.8346135261574716,
    -0.9362270464053852,
    -1.076467582966982,
    -1.2475187159886216,
    -1.4415640230367026,
    -1.6507870809281593,
    -1.8673714662423913,
    -2.083500755618039,
    -2.291358526096952,
    -2.48312835591306,
    -2.6509938253863483,
    -2.7871385190084994,
    -2.883746031697202,
    -2.933
  ],
  "theta2": [
    0.5499999999999999,
    0.5538968314614723,
    0.5577709257538229,
    0.5538058683416339,
    0.5341852425175271,
    0.49109263228426864,
    0.41671162721206506,
    0.31001042134094675,
    0.17880542984014072,
    0.030913073977163266,
    -0.1258502230590795,
    -0.2836680371762552,
    -0.4347239437727557,
    -0.5712015180731828,
    -0.6852843352793332,
    -0.7691559707033493,
    -0.8150000000000001
  ]
}