{
  "startPos": "score_high_cone",
  "finalPos": "intake",
  "totalTime": 0.7848330222974969,
  "grannyFactor": 1.25,
  "theta1": [
    -0.48699999999999977,
    -0.4899238942428049,
    -0.5104958945005252,
    -0.5605173637183791,
    -0.6517892760827676,
    -0.7864423255500961,
    -0.9526746305028847,
    -1.1386839810576144,
    -1.3326680679331993,
    -1.5228245361021464,
    -1.697351005409245,
    -1.8444450802806973,
    -1.9523044272080499,
    -2.0149872920238647,
    -2.04429595325311,
    -2.0520327445880113,
    -2.05
  ],
  "theta2": [
    0.8519999999999995,
    0.8638024370705928,
    0.8880157711440653,
    0.9128375670462839,
    0.9264653871657464,
    0.9170967934410481,
    0.8729293482498237,
    0.7821606163538307,
    0.6473577789870226,
    0.4803232732065505,
    0.29285953862631636,
    0.09676901567006826,
    -0.09614585498613491,
    -0.2740826325779949,
    -0.42523887634379887,
    -0.5378121456170317,
    -0.6
  ]
}