{
  "startPos": "double_substation",
  "finalPos": "score_high_cone",
  "totalTime": 0.43329211805041656,
  "grannyFactor": 1.25,
  "theta1": [
    -0.6029999999999996,
    -0.6018724895483841,
    -0.5979768640894098,
    -0.5912006870854103,
    -0.5817541776963407,
    -0.5700589768887263,
    -0.5566594065014,
    -0.54216069221395,
    -0.5271851706115029,
    -0.5123393166773,
    -0.49818756664345315,
    -0.48523120387360474,
    -0.473892168652318,
    -0.4645027056258277,
    -0.4573021923170215,
    -0.4524421975477044,
    -0.44999999999999957
  ],
  "theta2": [
    0.4719999999999994,
    0.47398601436742516,
    0.4819300715964189,
    0.497818185567324,
    0.523636369409633,
    0.5593846216293492,
    0.6030769293316203,
    0.6527272788750097,
    0.7063496563791739,
    0.7619580478542703,
    0.8175664392557068,
    0.8711888165154272,
    0.9208391655653752,
    0.9645314723609586,
    1.000279722912335,
    1.0260979033391608,
    1.0399999999999996
  ]
}