{
  "startPos": "score_mid_cube",
  "finalPos": "score_hybrid",
  "totalTime": 0.5028853608814942,
  "grannyFactor": 1.25,
  "theta1": [
    -1.8000000000000003,
    -1.8031048956186697,
    -1.815524477769104,
    -1.8403636414138573,
    -1.8807272805040633,
    -1.9366153930272558,
    -2.0049230853483704,
    -2.08254546282667,
    -2.1663776304996003,
    -2.2533146932571095,
    -2.340251755915396,
    -2.424083923259051,
    -2.5017063000726663,
    -2.5700139911724396,
    -2.6259021014483195,
    -2.666265735937752,
    -2.688
  ],
  "theta2": [
    0.284,
    0.28099163967504237,
    0.26911990582964107,
    0.2456972590271287,
    0.20848673072374438,
    0.1580078488799427,
    0.09656220247942941,
    0.02676568123912958,
    -0.04864679146475404,
    -0.12688076603474915,
    -0.20511027907516347,
    -0.28049418818197586,
    -0.3501888636723692,
    -0.41136088933980997,
    -0.46120325757544584,
    -0.496962613574208,
    -0.5160000000000001
  ]
}