{
  "startPos": "intake",
  "finalPos": "hold",
  "totalTime": 0.74093686537771541,
  "grannyFactor": 1.25,
  "theta1": [
    -2.4,
    -2.395653648938656,
    -2.3913072978773116,
    -2.3812263705299483,
    -2.3677253349609151,
    -2.3530575425765266,
    -2.3414116703124583,
    -2.3402891394845717,
    -2.3618021849224782,
    -2.3997287543398267,
    -2.4446044713432249,
    -2.4964039704051184,
    -2.5551970142861395,
    -2.6208871580663904,
    -2.6898728688305535,
    -2.7554362001377384,
    -2.7936063382069851,
    -2.7980643997532413,
    -2.7787516532206755,
    -2.7427707402345547,
    -2.6942420002541536,
    -2.6358601971238396,
    -2.5700325504763444,
    -2.5006776355315044,
    -2.4296433638707144,
    -2.3570028670076173,
    -2.2826941974848349,
    -2.2069036872642904,
    -2.1296915467597692,
    -2.0513005048280624,
    -1.9748485785176766,
    -1.9060999075200487,
    -1.8452016328063499,
    -1.7917331250961559,
    -1.7451930145519643,
    -1.7054258791083492,
    -1.6718014984729448,
    -1.6442660070196706,
    -1.6223106516237604,
    -1.6061875004093429,
    -1.5995245142467358,
    -1.5929783848474119,
    -1.5909999999999986
  ],
  "theta2": [
    -0.99999999999999989,
    -0.992780375567502,
    -0.98556075113500408,
    -0.96843150596810579,
    -0.943950845941296,
    -0.91264801303345289,
    -0.87422902162355487,
    -0.82887732175000228,
    -0.77678612414999193,
    -0.7347394782181591,
    -0.69718090325232118,
    -0.65885635209122861,
    -0.61683959673820743,
    -0.5677683196619735,
    -0.50812133384743186,
    -0.43086384880443229,
    -0.34359738620471564,
    -0.25633092360499909,
    -0.16906446100528297,
    -0.081797998405566563,
    0.0054684641941498144,
    0.092734926793866274,
    0.1798541876628314,
    0.2640838301041023,
    0.34503115233514575,
    0.42434615020118666,
    0.50295694134996838,
    0.58170388397507578,
    0.66147109814128013,
    0.74337463670864812,
    0.82508889301716748,
    0.90045040227219464,
    0.96886119081930855,
    1.0303068381803873,
    1.0848443160955212,
    1.1321955600379412,
    1.1726719576928935,
    1.2060600326919113,
    1.2327885656963802,
    1.2524575016978297,
    1.260592280004488,
    1.2685845573203052,
    1.2710000000000008
  ]
}