{
  "startPos": "auto_start",
  "finalPos": "score_mid_cube",
  "totalTime": 0.5596611242482274,
  "grannyFactor": 1.25,
  "theta1": [
    -2.64,
    -2.636579601818146,
    -2.623746451471599,
    -2.5994530468911754,
    -2.562471464098338,
    -2.5127635061554883,
    -2.4514964137605473,
    -2.380672597779474,
    -2.302814319777377,
    -2.2207766497994896,
    -2.137637478023777,
    -2.0566278830363514,
    -1.981081801764286,
    -1.9143700771544945,
    -1.8598366862607927,
    -1.8207188595800927,
    -1.8000000000000003
  ],
  "theta2": [
    -0.9400000000000001,
    -0.9357202790839488,
    -0.9186013958213327,
    -0.8843636301087274,
    -0.8287272630953954,
    -0.751692297273858,
    -0.6575384511033883,
    -0.5505454442888282,
    -0.43499299693360227,
    -0.3151608293238182,
    -0.19532866183692554,
    -0.07977621488952033,
    0.02721679110180141,
    0.12137063575959023,
    0.1984055987977385,
    0.25404196011282226,
    0.284
  ]
}