{
  "startPos": "score_high_cube",
  "finalPos": "defense",
  "totalTime": 0.7815269257451665,
  "grannyFactor": 1.25,
  "theta1": [
    -0.727,
    -0.7357487808195062,
    -0.7736490142494927,
    -0.8523546028016653,
    -0.9835194459581255,
    -1.1561441900043639,
    -1.3585749281229071,
    -1.579157756248229,
    -1.8062387745617372,
    -2.028164090410095,
    -2.2332798250679953,
    -2.4099321350618084,
    -2.5464673524041146,
    -2.632387994214985,
    -2.6793477770115706,
    -2.6990005095996046,
    -2.7029999999999994
  ],
  "theta2": [
    0.32199999999999995,
    0.3336539151508499,
    0.36166104168007784,
    0.3943674649834004,
    0.4201192699160987,
    0.42726254133877917,
    0.404143364683667,
    0.33910782735236733,
    0.22813323201086527,
    0.08287349045301104,
    -0.08501748358564265,
    -0.26388577577513084,
    -0.44207747154776184,
    -0.607938656269335,
    -0.7498154153723576,
    -0.8560538345273767,
    -0.9149999999999999
  ]
}