{
  "startPos": "double_substation",
  "finalPos": "auto_start",
  "totalTime": 1.1259988670735279,
  "grannyFactor": 1.25,
  "theta1": [
    -0.603,
    -0.60229532658063822,
    -0.59994597157501939,
    -0.59759661656940055,
    -0.5952472615637816,
    -0.59022355668741944,
    -0.5840072923600359,
    -0.57650391268518686,
    -0.567927463818664,
    -0.5585999082068579,
    -0.54893449710206721,
    -0.53957507481308375,
    -0.53167541588141509,
    -0.52705024632511355,
    -0.52844664230881844,
    -0.537945614923591,
    -0.558349801257676,
    -0.5923872107167768,
    -0.63290338721344763,
    -0.67890565507172529,
    -0.73082094154117749,
    -0.78883377523553044,
    -0.853304067441788,
    -0.92453991142558933,
    -1.0022476117713008,
    -1.0857322959315046,
    -1.1727682168499451,
    -1.2599424549245173,
    -1.3452823906738869,
    -1.427172135560125,
    -1.5057506111283074,
    -1.5812164928725434,
    -1.6536461833013081,
    -1.723076785678765,
    -1.7895110239053611,
    -1.8529210807809138,
    -1.9132517913475975,
    -1.9704236988908188,
    -2.0243366986454152,
    -2.074875494722499,
    -2.1219191833784961,
    -2.1653596099259391,
    -2.2048940138330559,
    -2.2392273274097487,
    -2.2669914444202051,
    -2.2887505807724962,
    -2.3043382162023258,
    -2.3152631188715427,
    -2.3228490110333739,
    -2.3281137766091762,
    -2.3317735488276554,
    -2.3343713421121373,
    -2.3362420918923679,
    -2.3376327331660343,
    -2.3386851316366162,
    -2.3391234210910774,
    -2.3395617105455386,
    -2.34
  ],
  "theta2": [
    0.472,
    0.47564664542340246,
    0.48780442581328515,
    0.49996220620316778,
    0.51211998659305058,
    0.53831833153797382,
    0.57100381048260451,
    0.6111649806076298,
    0.65857555006446944,
    0.71281676599555788,
    0.77414808922630107,
    0.842352099364184,
    0.91776900986648158,
    1.0000752882226984,
    1.0837537378911888,
    1.1614262981712913,
    1.2330772650896205,
    1.2951774801140745,
    1.3376348592191079,
    1.3672943661432864,
    1.3878069184662873,
    1.4006238443189936,
    1.4060184446459822,
    1.4037723364925041,
    1.3934371995192345,
    1.374561030014307,
    1.3467602223099093,
    1.3112850285927085,
    1.2691976576255872,
    1.2218928316400637,
    1.1702260246495713,
    1.114889986269,
    1.0563561681700402,
    0.99500954831152155,
    0.93116433274750343,
    0.865073004563532,
    0.79692854112777134,
    0.72685799364655346,
    0.65490277330651,
    0.58097512294766951,
    0.50476676608674031,
    0.42555160345525073,
    0.34145688947419733,
    0.25419042687448096,
    0.16692396427476455,
    0.0807081432470692,
    0.00050320998249099753,
    -0.0727350854272465,
    -0.13901403593113909,
    -0.19837351042813658,
    -0.25072316149127316,
    -0.29598935378879976,
    -0.33399674133079332,
    -0.36503160267260915,
    -0.38982666873970306,
    -0.40055111249313535,
    -0.41127555624656764,
    -0.422
  ]
}