{
  "startPos": "defense",
  "finalPos": "intake",
  "totalTime": 0.42420301171773184,
  "grannyFactor": 1.25,
  "theta1": [
    -2.933,
    -2.92757223596776,
    -2.9187283901951728,
    -2.9014672593445869,
    -2.8770750276351809,
    -2.8456867367289682,
    -2.8073329255893378,
    -2.7619356082199924,
    -2.7095842696419408,
    -2.6507491763473792,
    -2.5950742034634366,
    -2.5463759100258128,
    -2.5046552237779691,
    -2.4699198902569743,
    -2.4421691459597685,
    -2.421399378154522,
    -2.4089360667132604,
    -2.4024731741607859,
    -2.4002157006892322,
    -2.4
  ],
  "theta2": [
    -0.81500000000000006,
    -0.81594645740543614,
    -0.8174890083792179,
    -0.82050359140093265,
    -0.824781232756234,
    -0.83033841858311763,
    -0.83725519600875165,
    -0.84571680734626642,
    -0.85601611984364834,
    -0.86863629282221055,
    -0.88216669186153851,
    -0.89606393465991041,
    -0.91062571161422778,
    -0.92637484373645773,
    -0.94450596104893414,
    -0.96559882733467894,
    -0.98401619389842132,
    -0.99544925139817075,
    -0.999602333198588,
    -0.99999999999999989
  ]
}