{
  "startPos": "score_high_cube",
  "finalPos": "score_hybrid",
  "totalTime": 0.7184151206714813,
  "grannyFactor": 1.25,
  "theta1": [
    -0.727,
    -0.7306491462040318,
    -0.7506490146100561,
    -0.7960520490383068,
    -0.8759106944175651,
    -0.9992773905836022,
    -1.1575577740067433,
    -1.3416993988231352,
    -1.5426498219149083,
    -1.7513566041372748,
    -1.9587673124187523,
    -2.1558295236990506,
    -2.3334908333588116,
    -2.4826988775740166,
    -2.59440142394275,
    -2.659817803182116,
    -2.688
  ],
  "theta2": [
    0.32199999999999995,
    0.33105245528829813,
    0.35536743029130835,
    0.38589247027138507,
    0.41357511982733947,
    0.4293629234633825,
    0.42420342590462384,
    0.3890441732232275,
    0.31666479946945175,
    0.2161177579858629,
    0.09645550352541615,
    -0.033269508727141794,
    -0.16400482341434677,
    -0.2866979851303814,
    -0.3922965385178082,
    -0.4717480283919468,
    -0.5160000000000001
  ]
}