{
  "startPos": "score_high_cone",
  "finalPos": "score_mid_cube",
  "totalTime": 0.534629369060919,
  "grannyFactor": 1.25,
  "theta1": [
    -0.733,
    -0.736730769857903,
    -0.7516538489018302,
    -0.7815000061799807,
    -0.8300000093275022,
    -0.8971538558482096,
    -0.9792307785900554,
    -1.07250000894173,
    -1.173230777860034,
    -1.27769231610685,
    -1.3821538543412506,
    -1.4828846231745074,
    -1.5761538532103379,
    -1.658230775083925,
    -1.7253846195131748,
    -1.773884617389343,
    -1.8000000000000003
  ],
  "theta2": [
    0.5499999999999999,
    0.550399850148015,
    0.5511556237100294,
    0.5511052717390956,
    0.5488039188884211,
    0.5427857843111444,
    0.5317822526329055,
    0.5149786594895325,
    0.492316492633165,
    0.4646201874358749,
    0.4333610766503462,
    0.4003964502153058,
    0.3677992879938456,
    0.3377438271332404,
    0.3124115606189526,
    0.29388729761682664,
    0.284
  ]
}