{
  "startPos": "score_high_cone",
  "finalPos": "defense",
  "totalTime": 0.85146444061661331,
  "grannyFactor": 1,
  "theta1": [
    -0.45,
    -0.4485925242147587,
    -0.44613714792155923,
    -0.44253445045951612,
    -0.43610248194029178,
    -0.42818681021024624,
    -0.42002529524759635,
    -0.41427639914007786,
    -0.416676297815931,
    -0.43794443430640173,
    -0.47056443185494856,
    -0.51011826814029393,
    -0.556687358764328,
    -0.610109479900722,
    -0.67057752470723664,
    -0.73811187994984784,
    -0.81245283352582842,
    -0.893946707291364,
    -0.98059005839955438,
    -1.0678565209992708,
    -1.1551229835989874,
    -1.242389446198704,
    -1.3296559087984203,
    -1.4157898915595988,
    -1.4987466613246616,
    -1.5784050293833967,
    -1.6552304180205912,
    -1.7293022285472861,
    -1.8003965552895187,
    -1.8676498723231023,
    -1.93148334777352,
    -1.9922793488278339,
    -2.0495283450221295,
    -2.0993153489319289,
    -2.140669233285581,
    -2.1744123682888219,
    -2.2010724553318619,
    -2.221143325961922,
    -2.2355083036497914,
    -2.2454607464790812,
    -2.252117973803037,
    -2.2564649807953074,
    -2.2584885630643852,
    -2.26
  ],
  "theta2": [
    1.04,
    1.0444657701604407,
    1.0522564165770996,
    1.0638062305582694,
    1.0849881212260415,
    1.113172284107669,
    1.1485599016361061,
    1.1908587824144437,
    1.2402265068708287,
    1.2934042676720241,
    1.3281349828310491,
    1.3538465084859508,
    1.3745161667035137,
    1.3912166215940964,
    1.4039913510402944,
    1.4126201411013797,
    1.4168304748224183,
    1.4157182140475368,
    1.4088385293319499,
    1.3958539251703916,
    1.3769908608885253,
    1.3514956130512537,
    1.3188877456628356,
    1.2782794107376205,
    1.2311454883515167,
    1.1778876539532355,
    1.11943896194558,
    1.0559942003932086,
    0.9884193217042021,
    0.9182103042781552,
    0.84534347425749434,
    0.76977902370646079,
    0.69238850627919013,
    0.61913015785134351,
    0.55282474661319558,
    0.49349720138742575,
    0.44113871936387838,
    0.39576430292955966,
    0.35737756634707629,
    0.32585643691046273,
    0.30154113784292058,
    0.28437130237917296,
    0.27616797188721975,
    0.27
  ]
}