{
  "startPos": "defense",
  "finalPos": "score_mid_cube",
  "totalTime": 0.49541281382137664,
  "grannyFactor": 1.25,
  "theta1": [
    -2.26,
    -2.257031468032851,
    -2.245157340478935,
    -2.221409086007862,
    -2.1828181742708255,
    -2.1293846072209175,
    -2.064076914900201,
    -1.9898636283267435,
    -1.909713278830934,
    -1.8265943978863088,
    -1.7434755170379785,
    -1.663325167861728,
    -1.5891118819333416,
    -1.5238041907979303,
    -1.4703706259290303,
    -1.431779718657031,
    -1.4109999999999998
  ],
  "theta2": [
    0.2700000000000002,
    0.2723693598165221,
    0.2810657662163934,
    0.29653582788467747,
    0.3178781320774442,
    0.3435501335846692,
    0.37173806882887506,
    0.4005153369014226,
    0.42793625191467854,
    0.45212089528958427,
    0.4713754032060344,
    0.48444175197079264,
    0.4911093183518795,
    0.49257609935275587,
    0.49068025967866574,
    0.48747303862158975,
    0.4849999999999999
  ]
}