{
  "startPos": "auto_start",
  "finalPos": "score_mid_cube",
  "totalTime": 0.5506777364583418,
  "grannyFactor": 1.25,
  "theta1": [
    -2.592,
    -2.589014348212009,
    -2.5779104850209964,
    -2.5568337019289085,
    -2.524415022599166,
    -2.4800892244492427,
    -2.424407580526038,
    -2.358953469715231,
    -2.286009662410853,
    -2.2083010595641825,
    -2.1288400711407856,
    -2.050833622757985,
    -1.9776226473262342,
    -1.9125988991860954,
    -1.8591458660575904,
    -1.8205733891601261,
    -1.8000000000000003
  ],
  "theta2": [
    -0.882,
    -0.8779230763070102,
    -0.8616153819238508,
    -0.8289999939442808,
    -0.7759999906748535,
    -0.7026153745287153,
    -0.612923066820314,
    -0.5109999900700021,
    -0.40092306718402043,
    -0.2867692212454763,
    -0.17261537542590982,
    -0.06253845293476103,
    0.039384623018530164,
    0.12907692926242362,
    0.2024615427138122,
    0.25546154046645486,
    0.284
  ]
}