{
  "startPos": "defense",
  "finalPos": "intake",
  "totalTime": 0.42420301171773184,
  "grannyFactor": 1.25,
  "theta1": [
    -2.933,
<<<<<<< HEAD
    -2.92998209909688,
    -2.9220730017029575,
    -2.9083164237091634,
    -2.8882802234334646,
    -2.8603279443073419,
    -2.8249862313146825,
    -2.7826542545604882,
    -2.733347890238444,
    -2.6770624840763912,
    -2.6185651603355318,
    -2.5668184529627638,
    -2.5220468620868077,
    -2.4842713207203784,
    -2.4534984608320491,
    -2.4296602156822149,
    -2.4129632724015844,
    -2.404569356729481,
=======
    -2.9286822026931811,
    -2.9189126988679654,
    -2.9015596404804103,
    -2.8771178306107674,
    -2.8457152845824907,
    -2.807322165687947,
    -2.7619563953637067,
    -2.7095937289681635,
    -2.6507433334699626,
    -2.5950701158054645,
    -2.5463767791002168,
    -2.504663690584338,
    -2.4699264505940364,
    -2.4421725384012354,
    -2.4213953852017265,
    -2.4078255440786762,
    -2.4020482730673867,
>>>>>>> new_arm
    -2.4
  ],
  "theta2": [
    -0.81500000000000006,
<<<<<<< HEAD
    -0.81887904901416086,
    -0.82902120038623162,
    -0.84644686644937273,
    -0.87085962959506369,
    -0.901879476925634,
    -0.9346197218252863,
    -0.96379337930977371,
    -0.98547588789503726,
    -0.99890468591394077,
    -1.0052816284319719,
    -1.0069087664102918,
    -1.0063284612991346,
    -1.0048773400024851,
    -1.0032671211604094,
    -1.001855661616341,
    -1.0008178611425094,
    -1.0002887511679355,
=======
    -0.8174358646214851,
    -0.82294466472475292,
    -0.832706991103114,
    -0.84635441928506006,
    -0.86358792212283486,
    -0.88394839668022152,
    -0.90657259696736525,
    -0.93005658232447641,
    -0.95207560211382791,
    -0.96800085488801968,
    -0.97864891698385881,
    -0.9859329497085294,
    -0.99106659607232439,
    -0.99475621235352585,
    -0.99737069942184764,
    -0.99904154348108376,
    -0.99974925371941192,
>>>>>>> new_arm
    -0.99999999999999989
  ]
}