{
  "startPos": "double_substation",
  "finalPos": "score_hybrid",
  "totalTime": 0.7807724752315881,
  "grannyFactor": 1.25,
  "theta1": [
    -0.6239999999999999,
    -0.6225567915217101,
    -0.6298473125192217,
    -0.6574917366063555,
    -0.7171102395454209,
    -0.8203229872266034,
    -0.9730086463713183,
    -1.1635470394090461,
    -1.380317976810208,
    -1.611701271638913,
    -1.8460767409207528,
    -2.0718242082028335,
    -2.2773235090170183,
    -2.45095450527419,
    -2.581097142469282,
    -2.656239010921769,
    -2.688
  ],
  "theta2": [
    0.17699999999999988,
    0.18862019668535038,
    0.22687605320263454,
    0.28014737344383694,
    0.33681396043019607,
    0.3852556169786911,
    0.41385214594100644,
    0.41098335049524504,
    0.36502903542456167,
    0.2776999714494563,
    0.16061635301008925,
    0.0253983762108943,
    -0.11633376235057949,
    -0.25295986590419384,
    -0.3728597376798119,
    -0.4644131810798891,
    -0.5160000000000001
  ]
}