{
  "startPos": "score_mid_cone",
  "finalPos": "double_substation",
  "totalTime": 0.505701126850788,
  "grannyFactor": 1.25,
  "theta1": [
    -1.7629999999999995,
    -1.7598426568231151,
    -1.7472132844434611,
    -1.7219545403476344,
    -1.6809090830450066,
    -1.6240769145706322,
    -1.5546153760955226,
    -1.475681809807653,
    -1.3904335582204264,
    -1.3020279639964005,
    -1.2136223698727109,
    -1.1283741186184542,
    -1.049440553002727,
    -0.9799790157626649,
    -0.9231468495608255,
    -0.8821013969106122,
    -0.8599999999999997
  ],
  "theta2": [
    0.4480000000000001,
    0.44722018893924387,
    0.44437877210738036,
    0.4389126353483907,
    0.43030256099226066,
    0.41816459491332214,
    0.40232982244958837,
    0.382904359434591,
    0.3603014837500257,
    0.33523658431203845,
    0.3086901787418195,
    0.28185361175585794,
    0.25606945006242743,
    0.23277092239577465,
    0.21341765224748838,
    0.19941612520365365,
    0.19200000000000006
  ]
}