{
  "startPos": "score_high_cube",
  "finalPos": "double_substation",
  "totalTime": 0.2904000812853931,
  "grannyFactor": 1.25,
  "theta1": [
    -0.727,
    -0.727597902269229,
    -0.7299895112380207,
    -0.7347727289568107,
    -0.7425454571387583,
    -0.7533076951127736,
    -0.7664615412710951,
    -0.7814090936706019,
    -0.797552450260858,
    -0.8142937089422417,
    -0.8310349675905381,
    -0.8471783240709923,
    -0.8621258762488495,
    -0.8752797219998948,
    -0.8860419592245063,
    -0.8938146858722483,
    -0.898
  ],
  "theta2": [
    0.32199999999999995,
    0.3218506804968297,
    0.3213317484748594,
    0.3203916682105578,
    0.31900229466688446,
    0.317161628815495,
    0.31489517821375623,
    0.3122558122259374,
    0.309322144273777,
    0.30619562361753966,
    0.3029965748279424,
    0.2998593810972489,
    0.29692689064035777,
    0.29434396324345563,
    0.2922498829385292,
    0.2907691521640748,
    0.2899999999999999
  ]
}