{
  "startPos": "score_hybrid",
  "finalPos": "intake",
  "totalTime": 0.3976364495434476,
  "grannyFactor": 1.25,
  "theta1": [
    -2.688,
    -2.6865256569092058,
    -2.680713581199542,
    -2.6692620923405204,
    -2.6511131464631084,
    -2.6265621023923047,
    -2.596712143155654,
    -2.5628263243347087,
    -2.5262306867895323,
    -2.488282420339236,
    -2.450354818636735,
    -2.4138281309280774,
    -2.3800824627130495,
    -2.3504906094468425,
    -2.3264086296567976,
    -2.309159914069687,
    -2.3
  ],
  "theta2": [
    -0.5160000000000001,
    -0.5175349653561883,
    -0.5236748265782165,
    -0.5359545486120548,
    -0.5559090957713111,
    -0.5835384667977466,
    -0.6173076975753677,
    -0.6556818233594114,
    -0.6971258792039078,
    -0.7401049000706675,
    -0.7830839208753915,
    -0.824527976514019,
    -0.8629021018824896,
    -0.896671331896504,
    -0.9243007015178728,
    -0.944255245800626,
    -0.955
  ]
}