{
  "startPos": "score_mid_cube",
  "finalPos": "hold",
  "totalTime": 0.6986504492434008,
  "grannyFactor": 1.25,
  "theta1": [
    -1.8000000000000003,
    -1.791674319757421,
    -1.758371605560585,
    -1.7013441967307552,
    -1.6289177634756498,
    -1.549417981221203,
    -1.4711705266979083,
    -1.402501076636321,
    -1.351735306462656,
    -1.3271988863860749,
    -1.3348693950206492,
    -1.3664211588986266,
    -1.4135284991157808,
    -1.4678657350283426,
    -1.5211071851623301,
    -1.5649271675693621,
    -1.5909999999999986
  ],
  "theta2": [
    0.284,
    0.2756743316592556,
    0.2578173234404771,
    0.23875463770213956,
    0.22681194464724994,
    0.23031491593094755,
    0.2575892217598297,
    0.31696052451451245,
    0.4078602465848494,
    0.5219627196298074,
    0.6509422669197843,
    0.7864732090673855,
    0.9202298654288642,
    1.0438865546488516,
    1.1491175949239276,
    1.227597304148017,
    1.2710000000000008
  ]
}