{
  "startPos": "defense",
  "finalPos": "auto_start",
  "totalTime": 0.30999341702959704,
  "grannyFactor": 1.25,
  "theta1": [
    -2.8,
    -2.799272727077501,
    -2.7963636355107138,
    -2.7905454526264526,
    -2.7810909061358564,
    -2.7679999968036277,
    -2.7519999967985274,
    -2.7338181786714566,
    -2.7141818150956007,
    -2.6938181788001914,
    -2.6734545425424856,
    -2.6538181790917483,
    -2.6356363612172466,
    -2.619636361676236,
    -2.6065454531979486,
    -2.5970909084555696,
    -2.592
  ],
  "theta2": [
    -0.9,
    -0.8997742975248663,
    -0.8990384908588646,
    -0.8978258391453852,
    -0.8962276750160963,
    -0.8943657818164219,
    -0.8923720829385423,
    -0.8903737672329056,
    -0.8884823155365388,
    -0.8867856979063438,
    -0.8853435804415027,
    -0.8841856156006352,
    -0.8833128275041991,
    -0.8827018912350847,
    -0.8823119455213175,
    -0.8820936013484013,
    -0.882
  ]
}