{
  "startPos": "defense",
  "finalPos": "intake",
  "totalTime": 0.3921257657911171,
  "grannyFactor": 1.25,
  "theta1": [
    -2.821,
    -2.8195279717155923,
    -2.8136398587751037,
    -2.8018636332930518,
    -2.782727267998908,
    -2.75623076411627,
    -2.723846148723495,
    -2.687045449510397,
    -2.6473006943624595,
    -2.6060839112548466,
    -2.5648671282075615,
    -2.5251223732598262,
    -2.488321674450862,
    -2.4559370598006725,
    -2.4294405572844218,
    -2.4103041947875923,
    -2.4
  ],
  "theta2": [
    -0.9,
    -0.8998558838730578,
    -0.8994968727469725,
    -0.8991769514424226,
    -0.8992300812280437,
    -0.8999892168197166,
    -0.9017284613107481,
    -0.9046187582322656,
    -0.9086975451628686,
    -0.9138575641700555,
    -0.9198564120499135,
    -0.9263409042880951,
    -0.9328780069621116,
    -0.9389875591114284,
    -0.9441764724329729,
    -0.9479776217410524,
    -0.9499999999999998
  ]
}