{
  "startPos": "defense",
  "finalPos": "defense",
  "totalTime": 0.0,
  "grannyFactor": 1.25,
  "theta1": [
    -2.7029999999999994
  ],
  "theta2": [
    -0.9149999999999999
  ]
}