{
  "startPos": "auto_start",
  "finalPos": "intake",
  "totalTime": 0.3463091925355083,
  "grannyFactor": 1.25,
  "theta1": [
    -2.34,
    -2.338986013742367,
    -2.3349300688656016,
    -2.3268181794232206,
    -2.313636359948385,
    -2.295384611395464,
    -2.273076919081407,
    -2.2477272688000833,
    -2.220349646497976,
    -2.191958038191517,
    -2.163566429932112,
    -2.136188807786156,
    -2.1108391578200436,
    -2.088531466085181,
    -2.0702797185979995,
    -2.057097901304983,
    -2.05
  ],
  "theta2": [
    -0.4219999999999999,
    -0.4228087827919214,
    -0.4258305852159424,
    -0.4315018843569426,
    -0.4400063737228104,
    -0.4512214830010534,
    -0.46479299058275836,
    -0.480228645567385,
    -0.49695489589987385,
    -0.5143492630702473,
    -0.531760590797961,
    -0.5485235116166968,
    -0.563970618298433,
    -0.5774448419547668,
    -0.588314794859912,
    -0.5959976963665334,
    -0.6
  ]
}