{
  "startPos": "score_mid_cone",
  "finalPos": "defense",
  "totalTime": 0.577955806162221,
  "grannyFactor": 1.25,
  "theta1": [
    -1.7629999999999995,
    -1.7673690185832456,
    -1.784378417503601,
    -1.8174302468657648,
    -1.8685956580309475,
    -1.9366797072872015,
    -2.018852720985333,
    -2.1117466511831635,
    -2.2117571538888936,
    -2.3151648478180173,
    -2.418199517575123,
    -2.5170802930760905,
    -2.608048813973171,
    -2.687405420566999,
    -2.7515583520963354,
    -2.7971052881387344,
    -2.821
  ],
  "theta2": [
    0.4480000000000001,
    0.44328671260810065,
    0.424433563468776,
    0.38672726605674995,
    0.3254545351826703,
    0.24061537350467624,
    0.1369230657946439,
    0.019090898152782834,
    -0.10816784289563064,
    -0.24013987063049788,
    -0.3721118982343091,
    -0.4993706388478069,
    -0.6172028056117337,
    -0.7208951117085797,
    -0.8057342704182461,
    -0.8670069952154562,
    -0.9
  ]
}