{
  "startPos": "auto_start",
  "finalPos": "double_substation",
  "totalTime": 0.8600643182271609,
  "grannyFactor": 1.25,
  "theta1": [
    -2.592,
    -2.5933676053827237,
    -2.581938519949507,
    -2.5421806881786453,
    -2.458562042379365,
    -2.3155505707633375,
    -2.1232130206497692,
    -1.8970814699536636,
    -1.6526880643312067,
    -1.4055649704114337,
    -1.1712443645465895,
    -0.965258428505229,
    -0.8031393474173047,
    -0.7004192919412214,
    -0.6466774866823902,
    -0.6263817775208438,
    -0.6239999999999999
  ],
  "theta2": [
    -0.882,
    -0.8664678056900448,
    -0.8043390310208572,
    -0.6865063857877582,
    -0.5285020606650939,
    -0.3458582483240445,
    -0.1541071419949053,
    0.03121906495224653,
    0.19458817928710456,
    0.32046800833846517,
    0.39332636143192967,
    0.40917979864005793,
    0.3835605117022195,
    0.33200069430173396,
    0.27003254051315634,
    0.21318824445371892,
    0.17699999999999988
  ]
}