{
  "startPos": "score_mid_cone",
  "finalPos": "intake",
  "totalTime": 0.5833363995506387,
  "grannyFactor": 1.25,
  "theta1": [
    -1.7629999999999995,
    -1.7672158678153709,
    -1.7831905802835846,
    -1.812888233196703,
    -1.8555299234246982,
    -1.9087179052069119,
    -1.9694726961511058,
    -2.0345965204629457,
    -2.1008577483918995,
    -2.16514596865925,
    -2.224684551361735,
    -2.2772079699153385,
    -2.3211446283801265,
    -2.355726618381345,
    -2.3809104667700134,
    -2.397130429098062,
    -2.405
  ],
  "theta2": [
    0.4480000000000001,
    0.44315384546253983,
    0.4237692277489832,
    0.3849999932047042,
    0.32199998953599035,
    0.23476921945070073,
    0.12815383481726286,
    0.006999988857285237,
    -0.12384616477460565,
    -0.25953847222531656,
    -0.39523077954252095,
    -0.5260769327313636,
    -0.6472307777969892,
    -0.753846160787071,
    -0.8410769278485154,
    -0.904076925326695,
    -0.9380000000000001
  ]
}