{
  "startPos": "auto_start",
  "finalPos": "score_high_cone",
  "totalTime": 0.6929545182235127,
  "grannyFactor": 1.25,
  "theta1": [
    -2.592,
    -2.5908183179541564,
    -2.5791496178608453,
    -2.5488702179715697,
    -2.491856434348203,
    -2.399984593157328,
    -2.271088390260156,
    -2.11329151147067,
    -1.9347176547859766,
    -1.7434905219796983,
    -1.5477338165756827,
    -1.3555712427505056,
    -1.1751265049491566,
    -1.014523307669105,
    -0.8818853552709315,
    -0.7853363517157326,
    -0.733
  ],
  "theta2": [
    -0.882,
    -0.873876293419677,
    -0.8413814677203113,
    -0.7763918181766041,
    -0.6747394454192314,
    -0.5445480534840926,
    -0.39394134759896243,
    -0.2310430333088242,
    -0.06397681620496969,
    0.09913359829320378,
    0.25016450539058505,
    0.38099220142418533,
    0.48349298520131917,
    0.549543163588799,
    0.5868952685885594,
    0.6036729841645894,
    0.6080000000000001
  ]
}