{
  "startPos": "hold",
  "finalPos": "score_hybrid",
  "totalTime": 1.1247446512181927,
  "grannyFactor": 1.25,
  "theta1": [
    -1.5909999999999986,
    -1.556262235961282,
    -1.4817460548017467,
    -1.3957947956212293,
    -1.3243744707157026,
    -1.2893588658784283,
    -1.3055374188643936,
    -1.3771588594020214,
    -1.498808980471562,
    -1.6594572349972454,
    -1.845232990614205,
    -2.0410038805033914,
    -2.2314743559133556,
    -2.402209816413098,
    -2.5407880298374232,
    -2.637976720279704,
    -2.688
  ],
  "theta2": [
    1.2710000000000008,
    1.2362622359539872,
    1.1619984782602373,
    1.0756802092857496,
    0.9992105568813443,
    0.9409360123952891,
    0.8924718863364385,
    0.8391617566328149,
    0.7654768415840941,
    0.658296721431072,
    0.5107901663184363,
    0.32669449543674606,
    0.11960457692379699,
    -0.09105015269499359,
    -0.282826705918605,
    -0.4320989138024608,
    -0.5160000000000001
  ]
}