{
  "startPos": "defense",
  "finalPos": "intake",
  "totalTime": 0.44922706349559666,
  "grannyFactor": 1.25,
  "theta1": [
    -2.933,
    -2.9307867128767318,
    -2.9219335646423983,
    -2.9042272686972983,
    -2.8754545392488255,
    -2.835615377902885,
    -2.786923070199868,
    -2.7315909024826723,
    -2.6718321613509994,
    -2.6098601335222513,
    -2.5478881057726803,
    -2.4881293649037617,
    -2.432797197716969,
    -2.3841048909885547,
    -2.3442657314359217,
    -2.315493005658771,
    -2.3
  ],
  "theta2": [
    -0.8150000000000001,
    -0.8154274432251607,
    -0.8170393410368655,
    -0.8202744422682194,
    -0.8255856983752915,
    -0.8333536788601963,
    -0.8437986353047664,
    -0.8569117305267279,
    -0.8724216498734177,
    -0.8898064827662255,
    -0.9083375794843123,
    -0.9271335680338818,
    -0.9452123627069846,
    -0.9615395261652836,
    -0.9750773644328705,
    -0.9848439518720205,
    -0.9899999999999999
  ]
}