{
  "startPos": "score_hybrid",
  "finalPos": "hold",
  "totalTime": 0.73481631545970871,
  "grannyFactor": 1.25,
  "theta1": [
    -2.688,
    -2.6780339636034878,
    -2.6680679272069754,
    -2.6560623667122396,
    -2.6320249096247794,
    -2.6005570451302638,
    -2.5619827669473172,
    -2.5167845600024981,
    -2.4644640375526383,
    -2.4052001737450142,
    -2.3596849829086226,
    -2.4322352424907128,
    -2.5073630497969512,
    -2.5793388056818891,
    -2.6482180987428481,
    -2.7129774206704313,
    -2.7632531128248523,
    -2.7943927463511,
    -2.8027445177888652,
    -2.7898843196137912,
    -2.7601651917667831,
    -2.71628737250132,
    -2.6603064191917136,
    -2.5946643075065947,
    -2.5219062798202412,
    -2.4473570929732857,
    -2.3713322352202857,
    -2.2938552394249956,
    -2.2148704350827582,
    -2.1345965904922628,
    -2.0534859309267346,
    -1.976630156991203,
    -1.9067606429583965,
    -1.8445649135650293,
    -1.79066747774495,
    -1.7444781454227973,
    -1.7049558978507529,
    -1.6718116017431055,
    -1.6447959968810784,
    -1.6230314114824043,
    -1.6070394847770539,
    -1.6002671300843936,
    -1.5937182155046503,
    -1.5909999999999986
  ],
  "theta2": [
    -0.51600000000000013,
    -0.52346791872594356,
    -0.5309358374518871,
    -0.53993427897405177,
    -0.55796183274499145,
    -0.58160786194873715,
    -0.61070595677097894,
    -0.64503862144988156,
    -0.6853616240077437,
    -0.732632711186707,
    -0.78466490866657435,
    -0.74867600030683357,
    -0.6989009398641417,
    -0.6426538974670355,
    -0.578617160602861,
    -0.50369732184285521,
    -0.42400747269426609,
    -0.34048348013023033,
    -0.2534641318996867,
    -0.16619766929997018,
    -0.078931206700253526,
    0.0083352558994628338,
    0.0956017184991791,
    0.18286818109889574,
    0.26875183310051276,
    0.34992338197982004,
    0.42803126675887182,
    0.50474080044609448,
    0.58125235510848916,
    0.65882833208086844,
    0.73885540346947243,
    0.81765669035647581,
    0.89230848276663477,
    0.96152418984839194,
    1.0237968008596436,
    1.0789302677907053,
    1.1272686960500646,
    1.1685536728332937,
    1.2026042112575781,
    1.2302064404233573,
    1.2505593593177575,
    1.2591896628118784,
    1.2675358162270789,
    1.2710000000000008
  ]
}