{
  "startPos": "intake",
  "finalPos": "score_mid_cone",
  "totalTime": 0.6039256065409752,
  "grannyFactor": 1.25,
  "theta1": [
    -2.05,
    -2.051414882321644,
    -2.0535286652830678,
    -2.052662494130972,
    -2.0447870632886134,
    -2.025846035005541,
    -1.9920296071119061,
    -1.9404890668831347,
    -1.87270066952586,
    -1.7926645169095048,
    -1.7050158024545723,
    -1.6146520024411095,
    -1.526608141398414,
    -1.4459976385464852,
    -1.3779550027075342,
    -1.327601854078009,
    -1.2999999999999998
  ],
  "theta2": [
    -0.6,
    -0.5946223768813983,
    -0.5731118848746095,
    -0.5300909018072724,
    -0.4601818069656836,
    -0.36338460325232447,
    -0.24507691092505768,
    -0.110636351692116,
    0.03455945227415057,
    0.18513287858867264,
    0.33570630476002283,
    0.48090210825119445,
    0.6153426665251865,
    0.7336503570905907,
    0.8304475575623701,
    0.9003566457682243,
    0.9380000000000004
  ]
}