{
  "startPos": "intake",
  "finalPos": "defense",
  "totalTime": 0.49946426639608216,
  "grannyFactor": 1.25,
  "theta1": [
    -2.05,
    -2.0528815609307367,
    -2.0610068331252362,
    -2.0728622873255707,
    -2.0857801700088987,
    -2.098398781366837,
    -2.1107636512590195,
    -2.1233123641298093,
    -2.1362530960312358,
    -2.1496996489356666,
    -2.16373439539091,
    -2.1784182292945244,
    -2.1928906511317567,
    -2.2056734318048177,
    -2.2169209421218357,
    -2.2267660269229061,
    -2.2352650471913917,
    -2.2424818429446622,
    -2.2484520724535604,
    -2.2531617120648111,
    -2.2565657540665072,
    -2.2584012323326257,
    -2.2596064600740342,
    -2.2600000000000002
  ],
  "theta2": [
    -0.59999999999999987,
    -0.59642571743962924,
    -0.58601650064177313,
    -0.56858067948243,
    -0.54413799046570555,
    -0.51272761460412519,
    -0.47431946713276107,
    -0.42893516807981408,
    -0.37657756516663859,
    -0.3172513727771587,
    -0.2509155593309404,
    -0.17762346396057341,
    -0.10225355890270389,
    -0.033650736242597332,
    0.027951075198942594,
    0.082604291787322773,
    0.13020858764114815,
    0.17085505671939966,
    0.20459081376549698,
    0.23125148120835332,
    0.25053729702969157,
    0.26093896183294396,
    0.26776960695277685,
    0.27000000000000013
  ]
}