{
  "startPos": "defense",
  "finalPos": "intake",
  "totalTime": 0.44922706349559594,
  "grannyFactor": 1.25,
  "theta1": [
    -2.933,
    -2.9275753524885242,
    -2.9187296753172545,
    -2.9014683468807632,
    -2.8770753058701128,
    -2.8456865379778997,
    -2.8073358768999168,
    -2.7619337297093889,
    -2.7095933558516863,
    -2.6502470237365165,
    -2.5855555311984357,
    -2.5259046002717032,
    -2.4732270108859251,
    -2.4275447575045459,
    -2.388830554650931,
    -2.3571168740317772,
    -2.3323829050630147,
    -2.3146299375886552,
    -2.3038121242583816,
    -2.3001623460968079,
    -2.3
  ],
  "theta2": [
    -0.81500000000000006,
    -0.81643440374441434,
    -0.81877327639547393,
    -0.82333610445679628,
    -0.82977860330642417,
    -0.83805237238714669,
    -0.8481222709676649,
    -0.8599601662784716,
    -0.87344765502620947,
    -0.88844115972552662,
    -0.90425392749331812,
    -0.91808944339476417,
    -0.92936872558384565,
    -0.937993867228708,
    -0.94420866399168135,
    -0.94852172541587254,
    -0.95146957361221007,
    -0.95343107416889072,
    -0.95459288409748211,
    -0.95498266224465866,
    -0.955
  ]
}