{
  "startPos": "score_high_cone",
  "finalPos": "auto_start",
  "totalTime": 1.0176182405938425,
  "grannyFactor": 1.25,
  "theta1": [
    -0.44999999999999996,
    -0.447793792354786,
    -0.44528933382674762,
    -0.4411848165146246,
    -0.43462069989714813,
    -0.42685410775903559,
    -0.41931332775638674,
    -0.41532846565409587,
    -0.4216071190066899,
    -0.44714228319542348,
    -0.48105939514591478,
    -0.522097986128087,
    -0.57006509059608712,
    -0.62499990410742068,
    -0.68691547085079652,
    -0.75580837845543591,
    -0.83165599533907553,
    -0.91441140205101357,
    -1.0014443226239795,
    -1.0887107852236957,
    -1.1759772478234121,
    -1.2632437104231289,
    -1.3491593740902912,
    -1.4314801389887992,
    -1.5102785496299482,
    -1.5857241078913411,
    -1.6579019292792894,
    -1.7268569363677693,
    -1.7927244631298254,
    -1.8555220430954353,
    -1.9152415196564376,
    -1.9717952373663923,
    -2.0250773535696465,
    -2.075119429321274,
    -2.1217872656495937,
    -2.1648914997639328,
    -2.203458566053579,
    -2.235998796663289,
    -2.2626518126639148,
    -2.2838655590348758,
    -2.2995967935807005,
    -2.3108606418760509,
    -2.3190133754368842,
    -2.3249045943587294,
    -2.3292309053198665,
    -2.332475742767437,
    -2.3349337947392472,
    -2.3367905301134964,
    -2.3382160971545671,
    -2.3388444841017435,
    -2.3394222420508717,
    -2.34
  ],
  "theta2": [
    1.04,
    1.0474089629370915,
    1.0558195223202809,
    1.0698336049459618,
    1.0930463322332373,
    1.1232917743267337,
    1.1607700937363128,
    1.2053944039955642,
    1.2568756529899698,
    1.3053154253136467,
    1.3354248965095881,
    1.3576298856659719,
    1.374937451895681,
    1.3879809860269003,
    1.3968133276485277,
    1.4011948778402874,
    1.400681597861317,
    1.3946423963682333,
    1.3824692356736141,
    1.3643891032781355,
    1.340336688777291,
    1.3097681647411905,
    1.2722981481331301,
    1.2293061385475652,
    1.1815401914063182,
    1.1294615497974916,
    1.073417956341792,
    1.0137098295854292,
    0.95072428856392222,
    0.88469781292201055,
    0.8158219646791901,
    0.74418779366644616,
    0.66981712658634418,
    0.59273418023972813,
    0.51261590163053561,
    0.4286192410314672,
    0.34151897424799427,
    0.25425251164827772,
    0.16698604904856107,
    0.080775375618152762,
    0.00042777946756448115,
    -0.072765600531192784,
    -0.139074577868833,
    -0.19835455172741651,
    -0.25065214366956495,
    -0.29609903996614984,
    -0.33445868248663058,
    -0.36556335208309115,
    -0.390342591520072,
    -0.40147295543357953,
    -0.41173647771678978,
    -0.422
  ]
}