{
  "startPos": "intake",
  "finalPos": "double_substation",
  "totalTime": 0.8832727033019947,
  "grannyFactor": 1.25,
  "theta1": [
    -2.4,
    -2.408465616170958,
    -2.417038675103766,
    -2.4088953739056542,
    -2.367211908631451,
    -2.2751644801703077,
    -2.1210205335745616,
    -1.9216038736733525,
    -1.693738311154236,
    -1.454247657809971,
    -1.2199557256834257,
    -1.0076863265595808,
    -0.8342632710977279,
    -0.7165103638868607,
    -0.65343138212395,
    -0.6282025281574772,
    -0.6239999999999999
  ],
  "theta2": [
    -0.9499999999999998,
    -0.9331761870395866,
    -0.8658809396808859,
    -0.7385840254521387,
    -0.5681092511693651,
    -0.3712804271408005,
    -0.16492136470249988,
    0.034144124461026534,
    0.2090922286918097,
    0.3430991370186869,
    0.4193410411748805,
    0.43421980842313546,
    0.4045592486918648,
    0.34718317472132487,
    0.2789153997765436,
    0.21657973718850448,
    0.17699999999999988
  ]
}