{
  "startPos": "score_mid_cube",
  "finalPos": "auto_start",
  "totalTime": 0.5506777364583354,
  "grannyFactor": 1.25,
  "theta1": [
    -1.8000000000000003,
    -1.8036837467189237,
    -1.817887374780139,
    -1.8451306851914195,
    -1.8863038288612697,
    -1.939997794885047,
    -2.0038561889081863,
    -2.0751619706654667,
    -2.151049747619171,
    -2.2286160407990243,
    -2.3049913245391966,
    -2.377377599846377,
    -2.443084383770534,
    -2.4995714955422734,
    -2.544506825957869,
    -2.5758520421772086,
    -2.592
  ],
  "theta2": [
    0.284,
    0.2799230763070103,
    0.263615381923852,
    0.23099999394428403,
    0.17799999067486047,
    0.10461537452872532,
    0.014923066820326637,
    -0.08700000992998375,
    -0.1970769328159646,
    -0.3112307787545088,
    -0.42538462457407605,
    -0.5354615470652264,
    -0.6373846230185197,
    -0.7270769292624157,
    -0.8004615427138072,
    -0.8534615404664528,
    -0.882
  ]
}