{
  "startPos": "intake",
  "finalPos": "score_hybrid",
  "totalTime": 0.3976364495434511,
  "grannyFactor": 1.25,
  "theta1": [
    -2.3,
    -2.3014745924764966,
    -2.307289843895558,
    -2.3187529406380363,
    -2.336931209279792,
    -2.361514737620726,
    -2.391392812577904,
    -2.425298621342287,
    -2.461904718308169,
    -2.4998538364465257,
    -2.537773398896954,
    -2.574284419855484,
    -2.6080085223217098,
    -2.637575125852986,
    -2.6616309667049345,
    -2.6788561974956897,
    -2.688
  ],
  "theta2": [
    -0.955,
    -0.9534650346438117,
    -0.9473251734217831,
    -0.9350454513879438,
    -0.9150909042286859,
    -0.8874615332022486,
    -0.853692302424626,
    -0.8153181766405814,
    -0.7738741207960844,
    -0.7308950999293247,
    -0.6879160791246012,
    -0.6464720234859743,
    -0.6080978981175049,
    -0.5743286681034919,
    -0.5466992984821246,
    -0.5267447541993729,
    -0.5160000000000001
  ]
}