{
  "startPos": "score_high_cone",
  "finalPos": "score_hybrid",
  "totalTime": 0.654204585706067,
  "grannyFactor": 1.25,
  "theta1": [
    -0.733,
    -0.7398356652051452,
    -0.7671783254769964,
    -0.8218636449103279,
    -0.9107272858882467,
    -1.0337692450049774,
    -1.184153860412309,
    -1.3550454685600892,
    -1.539608405353544,
    -1.731007006448281,
    -1.9224056073750988,
    -2.1069685436113064,
    -2.2778601506342135,
    -2.4282447639746185,
    -2.5512867192881297,
    -2.6401503524799743,
    -2.688
  ],
  "theta2": [
    0.6080000000000001,
    0.6061151951257719,
    0.5978999429350359,
    0.5796808916604275,
    0.5475727866463427,
    0.49803825393373174,
    0.42877983756767957,
    0.34056253839730216,
    0.23686639281542324,
    0.12235286202352309,
    0.002257829660934527,
    -0.11786064772830933,
    -0.23225204008432343,
    -0.33505945459072,
    -0.42042118480970697,
    -0.48256930959054245,
    -0.5160000000000001
  ]
}