{
  "startPos": "score_high_cone",
  "finalPos": "intake",
  "totalTime": 0.7502887016743399,
  "grannyFactor": 1.25,
  "theta1": [
    -0.48699999999999977,
    -0.4927495956825224,
    -0.5203082593998601,
    -0.5799866428313926,
    -0.6820951911445855,
    -0.8204251373529273,
    -0.9846655382584044,
    -1.1645050745409622,
    -1.3496323129351864,
    -1.5297357684571777,
    -1.6945039278299112,
    -1.8336252604815273,
    -1.936788303663745,
    -1.9986958720752899,
    -2.029659369106797,
    -2.039990257500663,
    -2.04
  ],
  "theta2": [
    0.8519999999999995,
    0.8618939307419623,
    0.8812641510683107,
    0.8997990835449498,
    0.9071871497662073,
    0.8931167711944025,
    0.847276369784083,
    0.759354369659707,
    0.6338224608148256,
    0.48099222060175795,
    0.311175228657058,
    0.13468306534521587,
    -0.038172688740794304,
    -0.19708045292812587,
    -0.3317286465469721,
    -0.431805689015574,
    -0.48699999999999977
  ]
}