{
  "startPos": "intake",
  "finalPos": "double_substation",
  "totalTime": 0.7479292690999574,
  "grannyFactor": 1.25,
  "theta1": [
    -2.3,
    -2.309097682398879,
    -2.326176148027768,
    -2.3410208008206346,
    -2.343417042167241,
    -2.3231502731117644,
    -2.2700058959875054,
    -2.173769318810368,
    -2.0411906922206446,
    -1.8824846120693253,
    -1.7078656801896865,
    -1.5275484997818136,
    -1.3517476745611678,
    -1.190677808409109,
    -1.0545535051303658,
    -0.9535893681638747,
    -0.898
  ],
  "theta2": [
    -0.9899999999999999,
    -0.9797853938850152,
    -0.9389269701689004,
    -0.8572101249689063,
    -0.7390470705373076,
    -0.5946524098604374,
    -0.4342407473528003,
    -0.26802668778447875,
    -0.10622483592188293,
    0.04095020383639355,
    0.16328382857854087,
    0.25056144008495024,
    0.2977562888237423,
    0.31508296967867394,
    0.31275608191244497,
    0.30099022559866806,
    0.2899999999999999
  ]
}