{
  "startPos": "double_substation",
  "finalPos": "score_hybrid",
  "totalTime": 0.7807724752330145,
  "grannyFactor": 1.25,
  "theta1": [
    -0.6239999999999999,
    -0.6225567915219744,
    -0.6298473125202021,
    -0.657491736608486,
    -0.7171102395491274,
    -0.8203229872323125,
    -0.9730086463753331,
    -1.1635470394077516,
    -1.3803179767999827,
    -1.6117012716162324,
    -1.8460767408824077,
    -2.071824208146428,
    -2.277323508942333,
    -2.4509545051882786,
    -2.581097142425737,
    -2.6562390109077905,
    -2.688
  ],
  "theta2": [
    0.17699999999999988,
    0.18862019668541632,
    0.2268760532029872,
    0.28014737344463136,
    0.336813960431522,
    0.385255616980573,
    0.41385214594340336,
    0.4109833504980506,
    0.365029035427603,
    0.2776999714524409,
    0.1606163530127923,
    0.025398376213157475,
    -0.11633376234884853,
    -0.2529598659030214,
    -0.3728597376791583,
    -0.4644131810796485,
    -0.5160000000000001
  ]
}