{
  "startPos": "intake",
  "finalPos": "auto_start",
  "totalTime": 0.35024486073853556,
  "grannyFactor": 1.25,
  "theta1": [
    -2.04,
    -2.041048951298167,
    -2.0452447563335547,
    -2.0536363660860686,
    -2.067272731045005,
    -2.0861538502341803,
    -2.109230773317613,
    -2.1354545494715014,
    -2.1637762277159385,
    -2.193146856999472,
    -2.222517486234876,
    -2.2508391643195926,
    -2.277062940151064,
    -2.300139862642064,
    -2.31902098074114,
    -2.332657343468386,
    -2.34
  ],
  "theta2": [
    -0.48699999999999977,
    -0.4865499062024146,
    -0.4850137767551657,
    -0.4823370417840884,
    -0.47857382747462984,
    -0.4738595318751795,
    -0.4683856447851453,
    -0.46237899189410436,
    -0.4560850495727934,
    -0.4497543466099416,
    -0.44363109103827303,
    -0.4379434629476596,
    -0.4328953339132221,
    -0.42865947776585916,
    -0.4253726115425077,
    -0.4231328173794457,
    -0.4219999999999999
  ]
}