{
  "startPos": "defense",
  "finalPos": "score_hybrid",
  "totalTime": 0.3802843246054272,
  "grannyFactor": 1.25,
  "theta1": [
    -2.821,
    -2.820192344575313,
    -2.817348341189243,
    -2.8122884202094056,
    -2.8050629936960836,
    -2.7958954330312578,
    -2.785125857924917,
    -2.773168962127901,
    -2.7604839930443075,
    -2.7475526416218763,
    -2.7348615977639454,
    -2.722887614362952,
    -2.7120836356563656,
    -2.702864983617707,
    -2.6955949139146966,
    -2.6905692052272565,
    -2.688
  ],
  "theta2": [
    -0.9,
    -0.8986573423635443,
    -0.893286712003138,
    -0.8825454516575207,
    -0.8650909046438069,
    -0.8409230721128094,
    -0.811384610566673,
    -0.77781817708263,
    -0.7415664289219405,
    -0.703972023430211,
    -0.6663776179952213,
    -0.630125870022825,
    -0.596559436918876,
    -0.567020976071154,
    -0.5428531448252651,
    -0.5253986004424699,
    -0.5160000000000001
  ]
}