{
  "startPos": "auto_start",
  "finalPos": "score_high_cone",
  "totalTime": 1.2263680643328623,
  "grannyFactor": 1.25,
  "theta1": [
    -2.592,
    -2.5923125279181,
    -2.5926250558362005,
    -2.5929375837543,
    -2.5934168822341861,
    -2.5941382701095992,
    -2.5949814663561952,
    -2.5958392468208698,
    -2.5966025499018146,
    -2.5970301005746479,
    -2.5968884978106175,
    -2.5957215439761634,
    -2.5930358077576106,
    -2.5881232664531617,
    -2.580613449759892,
    -2.5701349439999408,
    -2.5562387288511483,
    -2.5384496394785319,
    -2.5162620288662754,
    -2.4891349081149428,
    -2.4564864614059223,
    -2.4185965004660952,
    -2.3769029915262987,
    -2.3315605062016687,
    -2.2826972762426161,
    -2.2303314363495574,
    -2.1746304761498574,
    -2.1157069467663687,
    -2.0536227166549708,
    -1.9884151114979818,
    -1.9200958939221373,
    -1.848649501103756,
    -1.7740303601211895,
    -1.6961590721088349,
    -1.6149171940688321,
    -1.5301629644403689,
    -1.4430838242087352,
    -1.3558173616090183,
    -1.268550899009302,
    -1.1820646233771521,
    -1.1002064265372544,
    -1.0248435026372911,
    -0.95627862858665391,
    -0.89423857755962544,
    -0.83838892968460788,
    -0.78846936178094773,
    -0.74423764266100556,
    -0.70527672094125715,
    -0.67883923207233465,
    -0.66583156278871558,
    -0.66296566539870294,
    -0.66720400333042318,
    -0.67510275859602265,
    -0.68456474222525632,
    -0.69429693931634906,
    -0.70351835056590961,
    -0.71175966744404684,
    -0.71871169032428084,
    -0.72453091692536553,
    -0.72708307304435638,
    -0.72963522916334722,
    -0.73218738528233784,
    -0.733
  ],
  "theta2": [
    -0.882,
    -0.869461176433807,
    -0.8569223528676142,
    -0.84438352930142135,
    -0.8246120500043661,
    -0.79434142004668229,
    -0.75562642395425972,
    -0.71046103474353983,
    -0.65851393264549984,
    -0.59889977933376792,
    -0.53266954805982336,
    -0.45934760811065922,
    -0.37918918799011719,
    -0.2930744698992781,
    -0.20580800729956159,
    -0.11854154469984532,
    -0.031275082100128818,
    0.05599138049958774,
    0.143257843099304,
    0.23052430569902055,
    0.31779076829873709,
    0.40327467029843128,
    0.4845364963412111,
    0.56254137277014393,
    0.63780454189623226,
    0.71050301765352941,
    0.78078186128717431,
    0.84866693990728459,
    0.914101876417931,
    0.97697996195157333,
    1.0371484949504739,
    1.0944077911917485,
    1.1485059765027998,
    1.1991297334358324,
    1.2458905166339216,
    1.2882949669811024,
    1.3252286422492796,
    1.355708655903082,
    1.3797814104236814,
    1.3971436322475748,
    1.4071134228430884,
    1.4098951452768098,
    1.4059551491451883,
    1.3955690058279389,
    1.3786097568410554,
    1.3542760306260517,
    1.3202264551222378,
    1.2696619533327487,
    1.2040555296310793,
    1.1326699745353981,
    1.0553004455454116,
    0.97986215783479413,
    0.91134613964112487,
    0.84965916133662844,
    0.79541059583900942,
    0.7480600958011574,
    0.70773791419143051,
    0.67464289941272915,
    0.647324193667755,
    0.63547385749687368,
    0.62362352132599219,
    0.61177318515511092,
    0.608
  ]
}