{
  "startPos": "score_high_cube",
  "finalPos": "auto_start",
  "totalTime": 1.2653616547802091,
  "grannyFactor": 1.25,
  "theta1": [
    -0.727,
    -0.7264074667729199,
    -0.72419720426490763,
    -0.72198694175689537,
    -0.71977667924888311,
    -0.71613335569199033,
    -0.71084258929626709,
    -0.7042260657045718,
    -0.69672708113567539,
    -0.68840635777705028,
    -0.67949373444373584,
    -0.67034359815346933,
    -0.66151546521455418,
    -0.65398137157279368,
    -0.64914991830448654,
    -0.64876887655694726,
    -0.654682484683576,
    -0.66837686989081357,
    -0.69252765550693474,
    -0.72787448874189442,
    -0.76853204998551994,
    -0.81479066812224488,
    -0.8669909021973381,
    -0.92549537224605283,
    -0.9906999440788562,
    -1.0625335259228179,
    -1.1403488684499912,
    -1.2233724478572416,
    -1.3100988360632388,
    -1.3973303756163173,
    -1.483179353312774,
    -1.56625590813423,
    -1.646634407513154,
    -1.7243922505309703,
    -1.7995060472912368,
    -1.8720884588992868,
    -1.9421488687957,
    -2.0096721579079637,
    -2.07441304340783,
    -2.136432878392414,
    -2.1957007705100953,
    -2.2520249342815211,
    -2.3051495830666395,
    -2.3551336004845593,
    -2.4018082074717211,
    -2.4449818620060753,
    -2.4844593312841892,
    -2.5187290398839162,
    -2.5476212256024673,
    -2.5715204868109951,
    -2.5908530120466366,
    -2.6060814578420279,
    -2.6175726470741618,
    -2.6255483470557373,
    -2.6307476401305872,
    -2.6341672498437525,
    -2.6363309883474186,
    -2.6377156700196207,
    -2.6385666875772222,
    -2.6390977002303968,
    -2.6394356787774167,
    -2.6396578794506587,
    -2.6397719196337723,
    -2.6398859598168865,
    -2.64
  ],
  "theta2": [
    0.32200000000000017,
    0.32555867850474624,
    0.33883323142031913,
    0.352107784335892,
    0.36538233725146496,
    0.38738583220013789,
    0.41942409367479433,
    0.46010981341898605,
    0.50716185756966659,
    0.56110474704980351,
    0.6218562769419147,
    0.69040824726375638,
    0.7652309362257268,
    0.8475048232881327,
    0.9342640321495046,
    1.0213086237666038,
    1.104321790948402,
    1.1811110388367498,
    1.2523491976953234,
    1.3095094845996571,
    1.3481714471904418,
    1.374808528095522,
    1.3918989587462998,
    1.4002819210966206,
    1.4000392211289809,
    1.3908960357904481,
    1.3726089554099814,
    1.3450523213865266,
    1.3084811395008613,
    1.2641610966686063,
    1.2140415636154329,
    1.1597985436143567,
    1.1021590095772205,
    1.0416171532452916,
    0.97850939827636241,
    0.913245141471333,
    0.84607989915149751,
    0.77721487977186687,
    0.70669875605213539,
    0.63474068620110968,
    0.5614428836677281,
    0.48679250762887061,
    0.41068728706936275,
    0.33305372558944707,
    0.25353460351454088,
    0.17138941780157554,
    0.08530276612931445,
    -0.0019636006204281895,
    -0.089230063220144734,
    -0.17649652581986119,
    -0.2637629884195774,
    -0.351029451019294,
    -0.43725942665205436,
    -0.51762443490846333,
    -0.59068119470333946,
    -0.65692437028893158,
    -0.71618503106389,
    -0.7688176357410641,
    -0.81427385931608764,
    -0.85242166000081054,
    -0.88247238114925319,
    -0.90362821953215211,
    -0.915752146354768,
    -0.92787607317738408,
    -0.94
  ]
}