{
  "startPos": "auto_start",
  "finalPos": "score_high_cube",
  "totalTime": 0.8043915504499809,
  "grannyFactor": 1.25,
  "theta1": [
    -2.592,
    -2.5935641309268838,
    -2.5855500176092563,
    -2.5552509043225706,
    -2.4899600153870445,
    -2.3769706664771593,
    -2.2172901719815443,
    -2.023625322651001,
    -1.808683022125553,
    -1.5851702088727866,
    -1.365793837473335,
    -1.1632608714690271,
    -0.9902782799560809,
    -0.8595530357323856,
    -0.7805695511893951,
    -0.7406208624313122,
    -0.727
  ],
  "theta2": [
    -0.882,
    -0.8692930144457013,
    -0.8184650732023343,
    -0.7168091936009889,
    -0.5767484909667144,
    -0.4109899469754288,
    -0.23224054516496845,
    -0.05320726959451162,
    0.11340289554641775,
    0.25488296619860434,
    0.3585259588241071,
    0.41162489174661754,
    0.42410654274847487,
    0.4086778944982114,
    0.37804593146758075,
    0.3449176384200814,
    0.32199999999999995
  ]
}