{
  "startPos": "defense",
  "finalPos": "auto_start",
  "totalTime": 0.32009325196602606,
  "grannyFactor": 1.25,
  "theta1": [
    -2.821,
    -2.8201993004911468,
    -2.8169965025870987,
    -2.8105909070448263,
    -2.8001818150310744,
    -2.7857692273611865,
    -2.7681538427403645,
    -2.748136360281255,
    -2.7265174792268887,
    -2.7040978988800535,
    -2.681678318573418,
    -2.660059437652456,
    -2.6400419554626406,
    -2.6224265713366406,
    -2.6080139845772443,
    -2.597604894427482,
    -2.592
  ],
  "theta2": [
    -0.9,
    -0.8997561341020965,
    -0.8989583770416201,
    -0.8976420838086878,
    -0.8959112877527047,
    -0.8939078536074972,
    -0.8917852427851289,
    -0.8896897967587667,
    -0.8877471375379876,
    -0.8860526339102794,
    -0.8846657627627267,
    -0.8836085069377385,
    -0.8828677664690625,
    -0.882401399697189,
    -0.8821473032806245,
    -0.8820350554275199,
    -0.882
  ]
}