{
  "startPos": "intake",
  "finalPos": "hold",
  "totalTime": 0.7409368653777154,
  "grannyFactor": 1.25,
  "theta1": [
    -2.4,
    -2.403769834201129,
    -2.4051485894501337,
    -2.3942054976187257,
    -2.361009788934451,
    -2.295630701157676,
    -2.2019482073959864,
    -2.089893078766718,
    -1.9693960955526344,
    -1.8503880408731994,
    -1.7427996985746474,
    -1.6565618522533085,
    -1.6016052835886725,
    -1.5775015982394744,
    -1.5743200129024062,
    -1.582129742176549,
    -1.5909999999999986
  ],
  "theta2": [
    -0.9999999999999999,
    -0.9935978458929597,
    -0.9644611723758166,
    -0.9026596850152149,
    -0.7982632309815797,
    -0.6535289199964458,
    -0.47838713981946474,
    -0.2827685168840465,
    -0.07660374677518926,
    0.1301764433427749,
    0.34586683766228876,
    0.5605366702200478,
    0.7642551602860704,
    0.9470915238386722,
    1.0991149756106702,
    1.2103947297328947,
    1.2710000000000008
  ]
}