{
  "startPos": "intake",
  "finalPos": "score_hybrid",
  "totalTime": 0.3924359919693406,
  "grannyFactor": 1.25,
  "theta1": [
    -2.405,
    -2.406264369363073,
    -2.411068079574554,
    -2.4201867110413464,
    -2.4339488246528322,
    -2.4520843946368402,
    -2.473943653227433,
    -2.4986887346628457,
    -2.5253817795018163,
    -2.5530289455876365,
    -2.580606375224734,
    -2.607078474369165,
    -2.631413531578062,
    -2.652600142905823,
    -2.6696683495399585,
    -2.6817222995879435,
    -2.688
  ],
  "theta2": [
    -0.9380000000000001,
    -0.936524475211601,
    -0.9306223762554601,
    -0.918818178742735,
    -0.8996363589005114,
    -0.8730769179543252,
    -0.8406153794846136,
    -0.8037272676842419,
    -0.7638881069420523,
    -0.72257342173671,
    -0.6812587365917915,
    -0.641419576050121,
    -0.6045314646545228,
    -0.5720699269285733,
    -0.5455104873509378,
    -0.5263286703104584,
    -0.5160000000000001
  ]
}