{
  "startPos": "defense",
  "finalPos": "score_high_cube",
  "totalTime": 1.2765506667925284,
  "grannyFactor": 1.25,
  "theta1": [
    -2.821,
    -2.8185056583924077,
    -2.8160113167848149,
    -2.8135169751772229,
    -2.809795514327142,
    -2.8037480389999097,
    -2.7961197898973893,
    -2.7870996787430795,
    -2.7765360370131638,
    -2.7642679678865507,
    -2.7499360003623483,
    -2.7335741846907715,
    -2.7144928046041747,
    -2.6926163540038157,
    -2.6686371867900087,
    -2.6425522809397344,
    -2.614047191105723,
    -2.5827893976332965,
    -2.5484252951289608,
    -2.5105768242675293,
    -2.46883767600201,
    -2.4227772783146131,
    -2.3720676040766406,
    -2.31698320653722,
    -2.2588704947333214,
    -2.1983154636962441,
    -2.1353031471909576,
    -2.0698116495770282,
    -2.0018066038881375,
    -1.9312367366688634,
    -1.8580297684560843,
    -1.7820880968436177,
    -1.7032838117884759,
    -1.621452615708987,
    -1.5364051381436759,
    -1.4492856815663697,
    -1.3620192189666533,
    -1.274752756366937,
    -1.1879450191957404,
    -1.1051934679565618,
    -1.0288237784980678,
    -0.95916639195198039,
    -0.89610145904047045,
    -0.8393204510418486,
    -0.78832075714442529,
    -0.74286086101153093,
    -0.70269624467159586,
    -0.67016844230840977,
    -0.64976989730704182,
    -0.63886050367063285,
    -0.63535358784666374,
    -0.63803048268349238,
    -0.64514956197038109,
    -0.654712862962514,
    -0.66523759945905625,
    -0.6758839055304291,
    -0.68610102078465285,
    -0.69549017074855524,
    -0.70374908468839958,
    -0.71073760580072309,
    -0.71698837044272468,
    -0.71961330631786458,
    -0.72222572243993621,
    -0.72483813856200807,
    -0.727
  ],
  "theta2": [
    -0.9,
    -0.88724290862814092,
    -0.87448581725628194,
    -0.86172872588442284,
    -0.84274113457138111,
    -0.81194358008499923,
    -0.7733802333847053,
    -0.72823738199317867,
    -0.67618905324104661,
    -0.61713509306382208,
    -0.55054845697340227,
    -0.47753814623701774,
    -0.39718494602160315,
    -0.31114208393148235,
    -0.22387562133176564,
    -0.13660915873204915,
    -0.049342696132332574,
    0.037923766467383775,
    0.12519022906710009,
    0.21245669166681658,
    0.29972315426653307,
    0.38698961686624922,
    0.47423880329307055,
    0.56068495728771583,
    0.64420067815276483,
    0.72415448070761435,
    0.80072640236733417,
    0.87398161860981838,
    0.94390016167951518,
    1.0103928419111552,
    1.0733083901575107,
    1.132434424809476,
    1.187493459581231,
    1.2381342840077854,
    1.2839092635005165,
    1.3237200966330023,
    1.356651430434985,
    1.38278127678674,
    1.4018368950802651,
    1.4130413783171618,
    1.4165004232867027,
    1.4127470819580628,
    1.4019934928938915,
    1.3841417576686155,
    1.3588529766511894,
    1.3245193083284639,
    1.2768538146062691,
    1.212903887380562,
    1.1423700168654856,
    1.0657904999856711,
    0.98285315449788713,
    0.89591522351921038,
    0.81042496562205313,
    0.73144371732426339,
    0.65950506898749606,
    0.59453679225224343,
    0.53635103132410711,
    0.48531326017714332,
    0.44170322905288573,
    0.40537409603199,
    0.37315713955212826,
    0.35974361226540541,
    0.346395012007913,
    0.33304641175042066,
    0.32199999999999995
  ]
}