{
  "startPos": "score_high_cone",
  "finalPos": "defense",
  "totalTime": 0.7143863034384994,
  "grannyFactor": 1.25,
  "theta1": [
    -0.733,
    -0.741901011961185,
    -0.7775050589084278,
    -0.8487131509199046,
    -0.9644262950158822,
    -1.1163251817086743,
    -1.295508805585747,
    -1.493076158254374,
    -1.7001262304914955,
    -1.907758012874165,
    -2.10707049620769,
    -2.289162672189925,
    -2.4451335358401542,
    -2.566082094012977,
    -2.6434420341755334,
    -2.6861143392389435,
    -2.7029999999999994
  ],
  "theta2": [
    0.6080000000000001,
    0.6127826457028221,
    0.6182295956312956,
    0.6154398484145032,
    0.595512400547217,
    0.5495462492224051,
    0.4686403971058691,
    0.3505845785735895,
    0.20427979561908333,
    0.03862705622970175,
    -0.13747262971881002,
    -0.31511825146281114,
    -0.48540879773814344,
    -0.6394432571098502,
    -0.7683206181205608,
    -0.863139869421347,
    -0.9149999999999999
  ]
}