{
  "startPos": "score_mid_cube",
  "finalPos": "auto_start",
  "totalTime": 0.90976435476259454,
  "grannyFactor": 1.25,
  "theta1": [
    -1.411,
    -1.4100579764594265,
    -1.4081284612718341,
    -1.4061989460842417,
    -1.4033444320560355,
    -1.39865419992262,
    -1.3926278787775483,
    -1.3854788245512735,
    -1.3774333097897471,
    -1.3686758210111609,
    -1.3596057387005076,
    -1.3508978317766487,
    -1.3437885458848877,
    -1.3408178258544394,
    -1.3481566882537277,
    -1.3775045289079024,
    -1.4153818065785044,
    -1.4598311842973353,
    -1.5106956514250556,
    -1.5671800676442276,
    -1.6284729062321273,
    -1.6937986228586641,
    -1.7612502311600102,
    -1.8262924867222226,
    -1.88847908120436,
    -1.947544538073692,
    -2.0035847988030735,
    -2.056251698102209,
    -2.1054837007176443,
    -2.1510641737899441,
    -2.1927080937525139,
    -2.2303048718279,
    -2.263658563203705,
    -2.2918594045833194,
    -2.3131892285941844,
    -2.3274338651819404,
    -2.3361234070249512,
    -2.3408992012603433,
    -2.3430714554953229,
    -2.3436231209175005,
    -2.34326624130983,
    -2.3425318853609403,
    -2.3417211925506338,
    -2.3410122764423811,
    -2.3405804133841106,
    -2.3402902066920555,
    -2.34
  ],
  "theta2": [
    0.48499999999999988,
    0.49036202564976794,
    0.50134488274608935,
    0.51232773984241087,
    0.528617725976659,
    0.55545222015434492,
    0.590266938331422,
    0.63232900752771448,
    0.68102386597636688,
    0.73675660251548014,
    0.79943299348347119,
    0.8691164529487001,
    0.94578145108771439,
    1.0293943688441607,
    1.1165923585354891,
    1.1862227145793489,
    1.2076358626952035,
    1.2048800439114504,
    1.1856742036984731,
    1.1530299125087202,
    1.1086480757225843,
    1.053643320198145,
    0.98996524479039794,
    0.92274460453486506,
    0.8534263133508414,
    0.78257146636301167,
    0.71072477392484235,
    0.63811302314825658,
    0.56486511583788179,
    0.49080182578106957,
    0.41516751646794414,
    0.33668845036544892,
    0.25397580502949957,
    0.16701095447050052,
    0.080718268549925948,
    0.00041874807709665809,
    -0.072846975952159568,
    -0.13912626609014564,
    -0.1984899404039609,
    -0.250907312908974,
    -0.29615506418636617,
    -0.33432791188947636,
    -0.36560427335147982,
    -0.38965395615366727,
    -0.40364423117981268,
    -0.41282211558990634,
    -0.422
  ]
}