{
  "startPos": "score_hybrid",
  "finalPos": "hold",
  "totalTime": 0.73481631545970871,
  "grannyFactor": 1.25,
  "theta1": [
    -2.688,
    -2.6883108150213446,
    -2.6886422224499973,
    -2.6894221439845438,
    -2.6904096204831842,
    -2.691428973955861,
    -2.692081610779554,
    -2.6916873113267328,
    -2.6891774032591669,
    -2.6831115355420634,
    -2.6716101690849046,
    -2.6525509422351687,
    -2.6245887816875109,
    -2.5896860736698661,
    -2.550013942326792,
    -2.5061809795835552,
    -2.4584254598263167,
    -2.407010165104754,
    -2.3521979451263952,
    -2.29424287044053,
    -2.2333537627035427,
    -2.1697701755123706,
    -2.1037426614256765,
    -2.0354507559451847,
    -1.9657554656037468,
    -1.9001342852291783,
    -1.8403604978377208,
    -1.7867503678974184,
    -1.7393849679510123,
    -1.6985266038561402,
    -1.6643545363791636,
    -1.636562072483764,
    -1.6156002151204145,
    -1.6049858493410207,
    -1.5967253948839097,
    -1.5909999999999986
  ],
  "theta2": [
    -0.51600000000000013,
    -0.50918789101460926,
    -0.50190874847015854,
    -0.48426510039561255,
    -0.46002751722996527,
    -0.42860567385376919,
    -0.39024932581222055,
    -0.3449055429722479,
    -0.2925438987613585,
    -0.23322260216963267,
    -0.16690049012260549,
    -0.093610180577696836,
    -0.015708141766126185,
    0.060286388015253455,
    0.13338093156600239,
    0.20515046390692762,
    0.27671286476413265,
    0.34859121762939088,
    0.42104797716731734,
    0.49421932767639642,
    0.56818668347015266,
    0.64298697742624578,
    0.71862915633901592,
    0.795135046846956,
    0.87179913536025921,
    0.94297408760724921,
    1.0071387944519432,
    1.0642696555038793,
    1.114499222990871,
    1.1576871951955008,
    1.1937357060052145,
    1.2230223685718322,
    1.2450985741839156,
    1.2562748634293501,
    1.2649719626938065,
    1.2710000000000008
  ]
}