{
  "startPos": "score_mid_cone",
  "finalPos": "hold",
  "totalTime": 0.43430589408402065,
  "grannyFactor": 1.25,
  "theta1": [
    -1.763,
    -1.7633767319762557,
    -1.7640245556971057,
    -1.7654966758435278,
    -1.7676277731644139,
    -1.7702812376744126,
    -1.773235242891122,
    -1.7760571345877967,
    -1.7780172147980098,
    -1.7779648194348296,
    -1.7741835753661321,
    -1.7642026354189506,
    -1.7464908855408545,
    -1.7244409009616284,
    -1.7007178764662567,
    -1.677274983922358,
    -1.6554863970740574,
    -1.6362478643075082,
    -1.6201230399247095,
    -1.6074452759173579,
    -1.5984348448451504,
    -1.5937747093636667,
    -1.591
  ],
  "theta2": [
    0.448,
    0.45187498844945173,
    0.45854373268169135,
    0.47377299707495862,
    0.4962566016870722,
    0.525651450296649,
    0.562058935293589,
    0.60543340296551462,
    0.65579967636699776,
    0.71315308017924617,
    0.77748466290691065,
    0.84878937108682773,
    0.92192965960748352,
    0.98825538315008488,
    1.0475816064862644,
    1.0999422113371533,
    1.1453048167709361,
    1.1837067803461419,
    1.215130493216682,
    1.2395347560204841,
    1.2567883082373672,
    1.2656972578698478,
    1.271
  ]
}