{
  "startPos": "auto_start",
  "finalPos": "score_mid_cube",
  "totalTime": 0.5506777364583418,
  "grannyFactor": 1.25,
  "theta1": [
    -2.592,
    -2.5890117963284065,
    -2.5778999314002875,
    -2.5568106472938497,
    -2.524376488015719,
    -2.4800342734696326,
    -2.424338045416544,
    -2.3588738574356904,
    -2.2859257446537304,
    -2.2082187723470095,
    -2.128764828788267,
    -2.050769797766664,
    -1.9775730505100817,
    -1.9125646576707525,
    -1.8591263528376436,
    -1.8205660505381867,
    -1.8000000000000003
  ],
  "theta2": [
    -0.882,
    -0.8779230763070102,
    -0.8616153819238508,
    -0.8289999939442808,
    -0.7759999906748535,
    -0.7026153745287153,
    -0.612923066820314,
    -0.5109999900700021,
    -0.40092306718402043,
    -0.2867692212454763,
    -0.17261537542590982,
    -0.06253845293476101,
    0.03938462301853017,
    0.12907692926242362,
    0.2024615427138122,
    0.25546154046645486,
    0.284
  ]
}