{
  "startPos": "hold",
  "finalPos": "intake",
  "totalTime": 1.1247446509329764,
  "grannyFactor": 1.25,
  "theta1": [
    -1.5909999999999986,
    -1.5562622359530902,
    -1.4833313828209236,
    -1.402374375773891,
    -1.3415395112067994,
    -1.325025341122842,
    -1.3681030478845808,
    -1.4685394063647357,
    -1.612186934387963,
    -1.7805500489575223,
    -1.953840996113212,
    -2.112828680051074,
    -2.2409607212424714,
    -2.328199560522272,
    -2.3763435356347506,
    -2.3958308228436156,
    -2.4
  ],
  "theta2": [
    1.2710000000000008,
    1.2362622359717694,
    1.1618794871440543,
    1.0749707012080407,
    0.9961864018124015,
    0.9297358655288583,
    0.8638845662326059,
    0.7820785148079853,
    0.667683704564459,
    0.5076265771407729,
    0.298140528677475,
    0.04947033318121746,
    -0.21901076752519186,
    -0.4836219716107536,
    -0.7189702471485535,
    -0.8993501727396194,
    -0.9999999999999999
  ]
}