{
  "startPos": "score_hybrid",
  "finalPos": "auto_start",
  "totalTime": 0.37424704378331847,
  "grannyFactor": 1.25,
  "theta1": [
    -2.688,
    -2.6873472354636596,
    -2.6850994945893225,
    -2.681169730135766,
    -2.6756392230278414,
    -2.668710767359122,
    -2.66066720578988,
    -2.651839669706505,
    -2.6425837967692383,
    -2.6332614187922556,
    -2.624225834747475,
    -2.615809482837101,
    -2.6083133791245494,
    -2.6019981238175514,
    -2.5970766279094186,
    -2.593708979062744,
    -2.592
  ],
  "theta2": [
    -0.5160000000000001,
    -0.5172797205642642,
    -0.5223986026417448,
    -0.5326363664333288,
    -0.5492727315797473,
    -0.5723076969664376,
    -0.6004615431277163,
    -0.6324545500409278,
    -0.6670069975051847,
    -0.7028391652379106,
    -0.7386713329156842,
    -0.7732237801975794,
    -0.8052167867426703,
    -0.8333706322275354,
    -0.8564055963695982,
    -0.8730419589679718,
    -0.882
  ]
}