{
  "startPos": "score_hybrid",
  "finalPos": "double_substation",
  "totalTime": 0.6575900317721034,
  "grannyFactor": 1.25,
  "theta1": [
    -2.1,
    -2.098493495959355,
    -2.0870319208573975,
    -2.0586730676371934,
    -2.0064747179967504,
    -1.9234947056870741,
    -1.8112755221105779,
    -1.6767593943995756,
    -1.5268886134617925,
    -1.3686054898213198,
    -1.208852325678163,
    -1.0545714103633108,
    -0.912705011807915,
    -0.7901953586607957,
    -0.693984598013992,
    -0.6310147603976417,
    -0.6029999999999996
  ],
  "theta2": [
    2.1321740438355228e-16,
    0.006942337050718832,
    0.03471168435402226,
    0.08735642125300552,
    0.1579342119906991,
    0.2395027201133372,
    0.32511960897877773,
    0.4078425419110539,
    0.4807291823179104,
    0.5368371939120431,
    0.5692242418642856,
    0.5761575636671954,
    0.5645794932756395,
    0.5414323660439534,
    0.5136585176763294,
    0.4882002838769339,
    0.4719999999999994
  ]
}