{
  "startPos": "intake",
  "finalPos": "score_high_cube",
  "totalTime": 0.8201078684089433,
  "grannyFactor": 1.25,
  "theta1": [
    -2.405,
    -2.415591915530967,
    -2.433901429177794,
    -2.4464621889577622,
    -2.4398078249883883,
    -2.4004719732385578,
    -2.314988315553166,
    -2.176151314736142,
    -1.9974273279902532,
    -1.7922827627754132,
    -1.5741840423862057,
    -1.356597597562614,
    -1.1529898632417261,
    -0.9768272769920793,
    -0.8415762781531537,
    -0.7607032950394275,
    -0.727
  ],
  "theta2": [
    -0.9380000000000001,
    -0.9245335547464563,
    -0.8706677748888524,
    -0.762936218601258,
    -0.6147894876296646,
    -0.43969402262513174,
    -0.2511162664472847,
    -0.06252266257450298,
    0.11262034536016317,
    0.2608463138784747,
    0.36868880012129024,
    0.4226813634404691,
    0.4340090573006777,
    0.4161383235292113,
    0.38253560622330396,
    0.3466673501285502,
    0.32199999999999995
  ]
}