{
  "startPos": "defense",
  "finalPos": "hold",
  "totalTime": 0.7494040682009158,
  "grannyFactor": 1.25,
  "theta1": [
    -2.7029999999999994,
    -2.6974073949278337,
    -2.6703546361834567,
    -2.6115667295945997,
    -2.5141095884992555,
    -2.388258294763862,
    -2.244287972107839,
    -2.0924737564040994,
    -1.9430907888755804,
    -1.8064142136036772,
    -1.6927191745767205,
    -1.6122808124105723,
    -1.5709367115666995,
    -1.5584117281514862,
    -1.5644307144512357,
    -1.5787185215567072,
    -1.5909999999999986
  ],
  "theta2": [
    -0.9149999999999999,
    -0.9047248502612347,
    -0.8636242527563385,
    -0.7814230622257485,
    -0.6567065911890636,
    -0.4997499824380765,
    -0.3208283814887111,
    -0.13021693408953533,
    0.0618092155532359,
    0.24497493796873052,
    0.4295551771517679,
    0.6185922419424656,
    0.8018109979052332,
    0.9689362999788295,
    1.109693000375385,
    1.2138059502002247,
    1.2710000000000008
  ]
}