{
  "startPos": "hold",
  "finalPos": "score_hybrid",
  "totalTime": 1.1247446512110295,
  "grannyFactor": 1.25,
  "theta1": [
    -1.5909999999999986,
    -1.5562622359644291,
    -1.4814110721857843,
    -1.3944375392666088,
    -1.3209223915616157,
    -1.282369268626899,
    -1.2934533979092224,
    -1.3590286463817531,
    -1.4747829763074756,
    -1.6307595046797172,
    -1.8139655170548488,
    -2.009891703296505,
    -2.2035396455314653,
    -2.3803154964035476,
    -2.526951507451038,
    -2.632384947421811,
    -2.688
  ],
  "theta2": [
    1.2710000000000008,
    1.2362622359518565,
    1.162135309002995,
    1.0762818485052934,
    1.0008864822568884,
    0.9444783615695452,
    0.8983420309514947,
    0.8473993828861206,
    0.7756790951480071,
    0.6696074972107979,
    0.5220014743974303,
    0.33665814025583946,
    0.12754555737759574,
    -0.08549591474529203,
    -0.2796389453823484,
    -0.4308901882382947,
    -0.5160000000000001
  ]
}