{
  "startPos": "defense",
  "finalPos": "intake",
  "totalTime": 0.499464266396081,
  "grannyFactor": 1.25,
  "theta1": [
    -2.26,
    -2.2613653599311174,
    -2.262730719862236,
    -2.2658506999876655,
    -2.2704145767102335,
    -2.276181078874822,
    -2.2831504864890526,
    -2.2912256993879394,
    -2.3002159492927556,
    -2.3098123408768303,
    -2.3195345670863889,
    -2.3285857804040684,
    -2.3352879682117846,
    -2.3380949056236275,
    -2.3366288301142415,
    -2.3305267936005603,
    -2.3191826539143077,
    -2.3015856184754084,
    -2.2754935397040654,
    -2.2383856362278607,
    -2.1927637761427516,
    -2.1516023740192964,
    -2.1174738617107676,
    -2.0902338349627021,
    -2.0702201773465037,
    -2.0573890311844458,
    -2.0520912331882619,
    -2.05
  ],
  "theta2": [
    0.27000000000000018,
    0.26265861662051687,
    0.25531723324103361,
    0.23852598439833755,
    0.21389366689284264,
    0.18257946680256812,
    0.14427327142522622,
    0.0989163118945773,
    0.0465390819785749,
    -0.012787240440163142,
    -0.079091910453572611,
    -0.1523967574398418,
    -0.2276976715524939,
    -0.29631302373319085,
    -0.3579231599091236,
    -0.41257834976427576,
    -0.46023371358196724,
    -0.50092777085567974,
    -0.53462851876047013,
    -0.56134070736330233,
    -0.57945116204232561,
    -0.58878840705824664,
    -0.59371470836435991,
    -0.59659244349641261,
    -0.59835280513219069,
    -0.59940603207671739,
    -0.599831896035769,
    -0.6
  ]
}