{
  "startPos": "intake",
  "finalPos": "auto_start",
  "totalTime": 0.29918873019208353,
  "grannyFactor": 1.25,
  "theta1": [
    -2.405,
    -2.4056538463357,
    -2.4082692315637324,
    -2.41350000178756,
    -2.4220000027526467,
    -2.4337692337466676,
    -2.4481538491360335,
    -2.4645000029311896,
    -2.4821538490286725,
    -2.500461541272811,
    -2.518769233481829,
    -2.536423079462763,
    -2.5527692330226506,
    -2.567153847979715,
    -2.5789230781782857,
    -2.5874230775148988,
    -2.592
  ],
  "theta2": [
    -0.9380000000000001,
    -0.9376451594241482,
    -0.936410543944655,
    -0.9342295791631746,
    -0.9311287923637692,
    -0.9272066402518695,
    -0.9226118646738343,
    -0.9175258725729212,
    -0.9121492099274492,
    -0.9066909999868379,
    -0.9013602936777597,
    -0.8963585876567319,
    -0.8918730518314366,
    -0.8880702550248339,
    -0.885090409965085,
    -0.8830423924503648,
    -0.882
  ]
}