{
  "startPos": "hold",
  "finalPos": "defense",
  "totalTime": 1.1247446510174333,
  "grannyFactor": 1.25,
  "theta1": [
    -1.5909999999999986,
    -1.5562622359660907,
    -1.4821113966642248,
    -1.3973310200979923,
    -1.32845154557763,
    -1.2980419487926813,
    -1.3214842627392442,
    -1.4027246173735306,
    -1.535200048963175,
    -1.7066986766890135,
    -1.9024746319773078,
    -2.107003857840441,
    -2.305262983215157,
    -2.4839164199573363,
    -2.632241581725471,
    -2.7408413997232333,
    -2.8
  ],
  "theta2": [
    1.2710000000000008,
    1.2362622359588662,
    1.1622693493022698,
    1.0767416938255197,
    1.0014236184028822,
    0.941873667751486,
    0.8861505141733582,
    0.8170308741579788,
    0.7169533213342586,
    0.5715116193137891,
    0.3750394811764485,
    0.13653635309190634,
    -0.1248969757798336,
    -0.38540052929586366,
    -0.6189320067192305,
    -0.7990034312052581,
    -0.9
  ]
}