{
  "startPos": "score_hybrid",
  "finalPos": "defense",
  "totalTime": 0.3381576964394278,
  "grannyFactor": 1.25,
  "theta1": [
    -2.1,
    -2.1007509539598823,
    -2.103549316952981,
    -2.1087770862902335,
    -2.1165675106180903,
    -2.12677998293305,
    -2.139079668931171,
    -2.1530166960339665,
    -2.1680730418681553,
    -2.1836897789212606,
    -2.199284567253094,
    -2.214264524201255,
    -2.228037370139389,
    -2.240023018213982,
    -2.2496680634914847,
    -2.2564672177289262,
    -2.26
  ],
  "theta2": [
    2.1321740438355228e-16,
    0.0009440561763678506,
    0.004720280735226285,
    0.012272729556269235,
    0.024545458061859243,
    0.04153846534202748,
    0.06230769611732668,
    0.08590909465357745,
    0.11139860507108602,
    0.1378321714234645,
    0.16426573773097794,
    0.18975524799959984,
    0.2133566462353036,
    0.23412587645835428,
    0.25111888272236405,
    0.26339160914763915,
    0.2700000000000002
  ]
}