{
  "startPos": "defense",
  "finalPos": "hold",
  "totalTime": 0.7392187848527606,
  "grannyFactor": 1.25,
  "theta1": [
    -2.933,
    -2.9231381366991864,
    -2.8836906857944236,
    -2.804795790749325,
    -2.688816821938079,
    -2.545615633761158,
    -2.3850540849953954,
    -2.216994035693522,
    -2.0512973463206747,
    -1.897825877260734,
    -1.766441488259422,
    -1.667006035992373,
    -1.6087978130766316,
    -1.5819549606282286,
    -1.5766156165020904,
    -1.582917917516867,
    -1.5909999999999986
  ],
  "theta2": [
    -0.8150000000000001,
    -0.8129671631750759,
    -0.8002611815157645,
    -0.7687423465883233,
    -0.7100245836583186,
    -0.6159531556582605,
    -0.4799617453735337,
    -0.3086151250117759,
    -0.11076755627216461,
    0.10424786938226077,
    0.326902865574067,
    0.5473355887236914,
    0.7556841810433913,
    0.942086781280003,
    1.0966815267996086,
    1.2096065542787215,
    1.2710000000000008
  ]
}