{
  "startPos": "auto_start",
  "finalPos": "double_substation",
  "totalTime": 0.704333272717146,
  "grannyFactor": 1.25,
  "theta1": [
    -2.592,
    -2.5940078014874914,
    -2.5915007128675907,
    -2.575948235173201,
    -2.5388198685523062,
    -2.47158511344219,
    -2.365713472548245,
    -2.2268140168010593,
    -2.0634172454258173,
    -1.8840536601323299,
    -1.6972537634132498,
    -1.5115480580145249,
    -1.3354670467844563,
    -1.1775412325984203,
    -1.0463011182986035,
    -0.950277206615071,
    -0.898
  ],
  "theta2": [
    -0.882,
    -0.8734694965377361,
    -0.8393474829398497,
    -0.7711034564978414,
    -0.6705822450590523,
    -0.5463143510292706,
    -0.4068302772965444,
    -0.2606605268689893,
    -0.11633560275347406,
    0.01761399216735943,
    0.1326577555131259,
    0.22026518649118687,
    0.27194512744294835,
    0.2962280780393686,
    0.3016445394285979,
    0.2967250130327151,
    0.2899999999999999
  ]
}