{
  "startPos": "auto_start",
  "finalPos": "defense",
  "totalTime": 0.3474992677045254,
  "grannyFactor": 1.25,
  "theta1": [
    -2.64,
    -2.6410244757698,
    -2.645122378694174,
    -2.6533181842296307,
    -2.666636367349731,
    -2.685076927093536,
    -2.7076153886384056,
    -2.7332272766814967,
    -2.7608881157663006,
    -2.7895734303658797,
    -2.818258744918081,
    -2.8459195838456592,
    -2.871531471571369,
    -2.894069932533058,
    -2.912510491203787,
    -2.925828672127049,
    -2.933
  ],
  "theta2": [
    -0.9400000000000001,
    -0.9392481900374622,
    -0.9365252073398099,
    -0.931613939109745,
    -0.9245731860444475,
    -0.9156614571910745,
    -0.9052526498937401,
    -0.8937825830560466,
    -0.8817162659687218,
    -0.8695257647878617,
    -0.8576732862638795,
    -0.8465968254040552,
    -0.836697248592858,
    -0.8283268139312965,
    -0.8217802111521401,
    -0.8172860905774852,
    -0.8150000000000001
  ]
}