{
  "startPos": "auto_start",
  "finalPos": "score_hybrid",
  "totalTime": 0.3924359919693323,
  "grannyFactor": 1.25,
  "theta1": [
    -2.34,
    -2.3388163798763006,
    -2.3344138534603194,
    -2.3262389047374614,
    -2.314168263372587,
    -2.2984897787319194,
    -2.279753677230152,
    -2.2586609470075714,
    -2.2360006690086767,
    -2.2126131957050728,
    -2.189365730020573,
    -2.1671335474260487,
    -2.1467829541026213,
    -2.1291529405555627,
    -2.115032055439092,
    -2.1051250991704693,
    -2.1
  ],
  "theta2": [
    -0.4219999999999999,
    -0.42052447521160086,
    -0.41462237625546017,
    -0.40281817874273557,
    -0.3836363589005127,
    -0.3570769179543267,
    -0.3246153794846152,
    -0.2877272676842435,
    -0.24788810694205393,
    -0.20657342173671153,
    -0.16525873659179285,
    -0.12541957605012213,
    -0.08853146465452368,
    -0.05606992692857395,
    -0.029510487350938062,
    -0.010328670310458267,
    2.1321740438355228e-16
  ]
}