{
  "startPos": "score_high_cone",
  "finalPos": "double_substation",
  "totalTime": 0.39520621980061965,
  "grannyFactor": 1.25,
  "theta1": [
    -0.733,
    -0.7321622073824045,
    -0.729265086606404,
    -0.7242159093244549,
    -0.7171680055048562,
    -0.7084447570338059,
    -0.6984732822466537,
    -0.6877353922971736,
    -0.6767307261170747,
    -0.6659466885748435,
    -0.6558317027166318,
    -0.646770169551571,
    -0.6390596116331992,
    -0.6328930707692088,
    -0.6283522797095387,
    -0.62541768287498,
    -0.6239999999999999
  ],
  "theta2": [
    0.6080000000000001,
    0.6064930066756999,
    0.600465033578752,
    0.5884090877900738,
    0.5688181770152372,
    0.5416923024971395,
    0.5085384563350056,
    0.4708636312491644,
    0.43017482015869873,
    0.3879790160737867,
    0.3457832120501541,
    0.3050944011630473,
    0.26741957648771253,
    0.23426573107987567,
    0.20713985794971496,
    0.18754895001631325,
    0.17699999999999988
  ]
}