{
  "startPos": "double_substation",
  "finalPos": "score_high_cube",
  "totalTime": 0.2216167488873402,
  "grannyFactor": 1.25,
  "theta1": [
    -0.6029999999999996,
    -0.6032657343655125,
    -0.6043286717645935,
    -0.6064545464353331,
    -0.6099090924193961,
    -0.6146923093259493,
    -0.6205384631747096,
    -0.6271818197900851,
    -0.6343566449339854,
    -0.6417972043396746,
    -0.649237763726094,
    -0.6564125888060471,
    -0.6630559452923369,
    -0.668902098903905,
    -0.6736853153740154,
    -0.6771398604645777,
    -0.6790000000000004
  ],
  "theta2": [
    0.4719999999999994,
    0.47184148466812703,
    0.4712785734719802,
    0.4702611202600549,
    0.4687786297422245,
    0.4668571838347205,
    0.46455258435964863,
    0.46194289571245983,
    0.45912204922993494,
    0.4561947278837834,
    0.45327222000243267,
    0.4504688490618313,
    0.44789861047672874,
    0.4456716523061769,
    0.4438901864637171,
    0.44264329986601775,
    0.44199999999999995
  ]
}