{
  "startPos": "intake",
  "finalPos": "hold",
  "totalTime": 0.76537497068857685,
  "grannyFactor": 1.25,
  "theta1": [
    -2.4,
    -2.392296069543991,
    -2.3845921390879825,
    -2.3682785553033634,
    -2.343899167143392,
    -2.3126706324026642,
    -2.2806821656404712,
    -2.2636784292329697,
    -2.2818824556115782,
    -2.3313252573674439,
    -2.3883510836691073,
    -2.4521724110051806,
    -2.5231918330459067,
    -2.5977520062864388,
    -2.6694212946794318,
    -2.7378694640907524,
    -2.7890841702180484,
    -2.8062847457466336,
    -2.795676747229987,
    -2.7652632755853039,
    -2.7199630390052651,
    -2.66317054261045,
    -2.597537441304695,
    -2.5248514699002285,
    -2.4489642180083679,
    -2.3719719428591186,
    -2.2937490546304922,
    -2.2143749711497231,
    -2.1339162677426788,
    -2.0527818999209129,
    -1.9759932280291463,
    -1.9063129941685162,
    -1.8446974876785955,
    -1.7909748854913516,
    -1.7444820527513929,
    -1.7049802258229805,
    -1.671665341794474,
    -1.644376583166516,
    -1.6226749359277555,
    -1.6066641258684704,
    -1.5997228325202137,
    -1.59330089819541,
    -1.5909999999999986
  ],
  "theta2": [
    -0.94999999999999984,
    -0.9448342222290611,
    -0.93966844445812225,
    -0.92858116692265913,
    -0.91131348894149289,
    -0.88673983545247159,
    -0.85361141245246475,
    -0.81347574699741876,
    -0.766334845177199,
    -0.72281931927881971,
    -0.68546314001948061,
    -0.64739862309402441,
    -0.60521536123735831,
    -0.55765970017763211,
    -0.50467643423287845,
    -0.43864865000680742,
    -0.35742024164619418,
    -0.27205763300933705,
    -0.18479117040962084,
    -0.097524707809904312,
    -0.010258245210187786,
    0.077008217389528649,
    0.16427467998924528,
    0.25154114258896171,
    0.33610660176137769,
    0.41778946060497624,
    0.49792870310240822,
    0.57772380496053066,
    0.6582466203429741,
    0.74069727704264554,
    0.82107074397832758,
    0.89640524878651706,
    0.96520993599754412,
    1.0270511982822648,
    1.0819981592481904,
    1.1297172595254321,
    1.1705702498425061,
    1.2043715443494953,
    1.2314056341503306,
    1.2514078889872107,
    1.2600892009161906,
    1.2681219626349298,
    1.2710000000000008
  ]
}