{
  "startPos": "score_high_cube",
  "finalPos": "score_high_cone",
  "totalTime": 0.31962664312395433,
  "grannyFactor": 1.25,
  "theta1": [
    -0.727,
    -0.7269460716128503,
    -0.7267899546801516,
    -0.7265779990500997,
    -0.7263766688624069,
    -0.7262564430055787,
    -0.7262796321894514,
    -0.7264915445668378,
    -0.7269146566497792,
    -0.7275456315089296,
    -0.728355041063955,
    -0.7292895643709112,
    -0.7302763511548086,
    -0.7312292408090859,
    -0.7320566317289436,
    -0.7326709696626242,
    -0.733
  ],
  "theta2": [
    0.32199999999999995,
    0.3227972030047507,
    0.3259860148927698,
    0.33236363840375877,
    0.3427272758688379,
    0.3570769264750391,
    0.37461538801892247,
    0.39454545789078943,
    0.4160699333509384,
    0.4383916116000833,
    0.46071328980914555,
    0.48223776513627853,
    0.5021678347396356,
    0.5197062957901382,
    0.5340559454885002,
    0.5444195810950203,
    0.5499999999999999
  ]
}