{
  "startPos": "defense",
  "finalPos": "score_mid_cone",
  "totalTime": 0.81920375705639292,
  "grannyFactor": 1.25,
  "theta1": [
    -2.933,
    -2.9294581828550887,
    -2.9259163657101785,
    -2.9205603783440077,
    -2.911295297064906,
    -2.8991959648678138,
    -2.8843623205178304,
    -2.8665823481972925,
    -2.8456271612485731,
    -2.8213257705989072,
    -2.7933249649069065,
    -2.7610566229325912,
    -2.7238346115546639,
    -2.6813827916279651,
    -2.6355394594302872,
    -2.5864990233510907,
    -2.5340955109537182,
    -2.4781574884346762,
    -2.4185215730496443,
    -2.3552841119869958,
    -2.2892736038047508,
    -2.2215463333461716,
    -2.1521910210552289,
    -2.0835217276091402,
    -2.0173221427368593,
    -1.9542655835587779,
    -1.8958100122603305,
    -1.8441590176568274,
    -1.7994546558856546,
    -1.7617109713081971,
    -1.7309879368564129,
    -1.7204617525331822,
    -1.722806503035107,
    -1.7286818864992726,
    -1.7355762121986125,
    -1.742358432374622,
    -1.7484578389879397,
    -1.7536534099840342,
    -1.7576637345748478,
    -1.7598129731032461,
    -1.7614388514047412,
    -1.763
  ],
  "theta2": [
    -0.815,
    -0.80578966926675977,
    -0.7965793385335197,
    -0.7826609582091304,
    -0.75861491135720283,
    -0.72731634749533824,
    -0.68917710130512977,
    -0.6439354027850962,
    -0.59150549704588706,
    -0.53212603023838345,
    -0.46584806751824731,
    -0.39256823397432794,
    -0.31226844588289193,
    -0.22597699182021741,
    -0.13871052922050109,
    -0.051444066620784684,
    0.035822395978931894,
    0.12308885857864858,
    0.21035532117836486,
    0.29762178377808124,
    0.38394503960831206,
    0.4679708717284764,
    0.54938811058685322,
    0.62517022463922722,
    0.6930780515715973,
    0.7520059681424176,
    0.79980984050971549,
    0.83408081605832818,
    0.85354635031015347,
    0.85437988226534134,
    0.81932491702156185,
    0.74631394339591217,
    0.68034633632176367,
    0.62127139887130545,
    0.56930761086262593,
    0.52419845093284223,
    0.48628614161910655,
    0.45501590991944046,
    0.43130958600546287,
    0.41867776420911157,
    0.40914920592208603,
    0.40000000000000008
  ]
}