{
  "startPos": "score_mid_cube",
  "finalPos": "score_mid_cone",
  "totalTime": 0.2551628052664944,
  "grannyFactor": 1.25,
  "theta1": [
    -1.8000000000000003,
    -1.7997941290896784,
    -1.799074783976432,
    -1.797788649884302,
    -1.7959297845187878,
    -1.7935342276133632,
    -1.7906723295978049,
    -1.7874408909175348,
    -1.783956148657247,
    -1.7803477213454837,
    -1.7767533384518819,
    -1.7733140532050713,
    -1.7701696082893803,
    -1.7674536098536218,
    -1.7652881377590022,
    -1.7637773898285452,
    -1.7629999999999997
  ],
  "theta2": [
    0.284,
    0.2844055945378661,
    0.2860279726058538,
    0.28927272857291136,
    0.2945454565475953,
    0.3018461560117961,
    0.3107692329383283,
    0.3209090930410952,
    0.33186014195114844,
    0.3432167852615658,
    0.3545734285464382,
    0.3655244773717195,
    0.37566433730336335,
    0.3845874139154608,
    0.39188811280108965,
    0.39716083959130155,
    0.39999999999999997
  ]
}