{
  "startPos": "auto_start",
  "finalPos": "defense",
  "totalTime": 0.36552420745973774,
  "grannyFactor": 1.25,
  "theta1": [
    -2.592,
    -2.5931923079637422,
    -2.5979615396474074,
    -2.607500002668103,
    -2.623000004108586,
    -2.644461542905645,
    -2.670692312143504,
    -2.7005000043750775,
    -2.7326923119832576,
    -2.7660769272730126,
    -2.799461542510347,
    -2.8316538499445674,
    -2.86146154182498,
    -2.8876923104175893,
    -2.9091538480273638,
    -2.924653847037196,
    -2.933
  ],
  "theta2": [
    -0.882,
    -0.8814369825198973,
    -0.8795265332762996,
    -0.8762471425611537,
    -0.8717307690971738,
    -0.8662097748747707,
    -0.8599737814331466,
    -0.8533371548141176,
    -0.8466138884702674,
    -0.8400972818343877,
    -0.8340432173821574,
    -0.8286571789101634,
    -0.8240862363721695,
    -0.8204177310141629,
    -0.8176860346956191,
    -0.8158878083120331,
    -0.8150000000000001
  ]
}