{
  "startPos": "double_substation",
  "finalPos": "defense",
  "totalTime": 1.3354255487303868,
  "grannyFactor": 1.25,
  "theta1": [
    -0.62399999999999989,
    -0.62185350806235407,
    -0.61907047327355924,
    -0.61628743848476442,
    -0.61350440369596959,
    -0.60781338728376855,
    -0.600988385054466,
    -0.59244975406768507,
    -0.58282958268123286,
    -0.57226518425000794,
    -0.56098752381855022,
    -0.54937040320824537,
    -0.53803442666265755,
    -0.52797153336776348,
    -0.52060375626286659,
    -0.51726300515712986,
    -0.51944569727725309,
    -0.52809721887726846,
    -0.5441859058468681,
    -0.56947280964794744,
    -0.60568393332397008,
    -0.64796749024865441,
    -0.69552298109830413,
    -0.7484484651121639,
    -0.807161356246596,
    -0.87213631740084485,
    -0.94334319517935006,
    -1.0212043279788936,
    -1.1055846664977047,
    -1.1928511290974215,
    -1.2801175916971375,
    -1.3673840542968543,
    -1.4546505168965709,
    -1.5417096638809513,
    -1.6266183619069845,
    -1.7083435599257459,
    -1.7870302930471302,
    -1.8628332211812202,
    -1.9358748085899902,
    -2.006247062321266,
    -2.0739500813680536,
    -2.1391258032706819,
    -2.201815024100747,
    -2.2620260310665596,
    -2.319241417181034,
    -2.373149333856146,
    -2.4230715554037,
    -2.4684747651091663,
    -2.50967702153881,
    -2.5471110827338967,
    -2.5811805154143328,
    -2.6122573285015704,
    -2.6406864289593104,
    -2.6667105763847072,
    -2.6907239305610071,
    -2.7126750237569,
    -2.7319554308219329,
    -2.7486003261888876,
    -2.7631076436085595,
    -2.7755709608041017,
    -2.7863569784507023,
    -2.7955513686255271,
    -2.80330583251925,
    -2.8095852833292909,
    -2.8132297754033853,
    -2.8158198502689236,
    -2.8184099251344619,
    -2.821
  ],
  "theta2": [
    0.17700000000000005,
    0.18782801012893574,
    0.20186707002650117,
    0.21590612992406663,
    0.22994518982163209,
    0.25885573682708451,
    0.29362215696301985,
    0.337753259413342,
    0.38853130749565556,
    0.44604555164891213,
    0.510355985719286,
    0.58234863890916566,
    0.66093027619455635,
    0.74604436904146965,
    0.83331083164118613,
    0.92056981775952906,
    1.0059967222511295,
    1.0854287158830553,
    1.1587966082577952,
    1.2265939857184611,
    1.28686115343465,
    1.3316758257156676,
    1.3655690934808287,
    1.3915538539498078,
    1.4105538392114334,
    1.4228347838576161,
    1.4287828225483712,
    1.4280109647902366,
    1.4199586198963929,
    1.4047771824525574,
    1.3831238248558657,
    1.3553266728242255,
    1.321414123941179,
    1.2811762851356849,
    1.2354328446379681,
    1.1850870405765672,
    1.1304798745483031,
    1.0718658885494585,
    1.0094446528217089,
    0.9433605134189218,
    0.87361231895951053,
    0.80036425736380923,
    0.72360001796708251,
    0.6432531482284789,
    0.55994552778284978,
    0.47411552861361161,
    0.3869334952563187,
    0.29966703265660244,
    0.21240057005688595,
    0.12513410745716941,
    0.037867644857452934,
    -0.04939881774226372,
    -0.13666528034198044,
    -0.22393174294169663,
    -0.3111982055414132,
    -0.39706403527890821,
    -0.47740522437635269,
    -0.55062170133913413,
    -0.61703124337326243,
    -0.67599364805724638,
    -0.72811255498769689,
    -0.77320813394177368,
    -0.81160066299212463,
    -0.84290003241467848,
    -0.86110497028433819,
    -0.87406998018955884,
    -0.88703499009477937,
    -0.9
  ]
}