{
  "startPos": "score_mid_cone",
  "finalPos": "double_substation",
  "totalTime": 0.49850559949745604,
  "grannyFactor": 1.25,
  "theta1": [
    -1.7629999999999997,
    -1.7599755239706623,
    -1.7478776201719315,
    -1.7236818132192042,
    -1.6843636287217536,
    -1.629923068657133,
    -1.5633846071054838,
    -1.4877727191351757,
    -1.406111880130812,
    -1.3214265656219357,
    -1.2367412512105604,
    -1.1550804125297582,
    -1.0794685252126013,
    -1.0129300648611033,
    -0.9584895070048071,
    -0.919171327028316,
    -0.898
  ],
  "theta2": [
    0.39999999999999997,
    0.40006510299797593,
    0.4001020030348067,
    0.3997216142868607,
    0.3984311617554575,
    0.39573388044256846,
    0.3912089389009229,
    0.38458110466676426,
    0.37577794415453286,
    0.36496664905286114,
    0.3525623039699025,
    0.33920667231943097,
    0.32572492950262627,
    0.31306933311659646,
    0.3022537916743605,
    0.29427420944368854,
    0.2899999999999999
  ]
}