{
  "startPos": "score_high_cone",
  "finalPos": "hold",
  "totalTime": 0.6518692846501216,
  "grannyFactor": 1.25,
  "theta1": [
    -0.733,
    -0.7263236117109556,
    -0.7130571396654107,
    -0.6999632954099768,
    -0.693804793069509,
    -0.7013443470226487,
    -0.7293446700539049,
    -0.7845684681975479,
    -0.8647021192549553,
    -0.9629829127619336,
    -1.0726481311691385,
    -1.1869350546655781,
    -1.2990809623634338,
    -1.4023231327609185,
    -1.4898988439673895,
    -1.5550453738281482,
    -1.5909999999999986
  ],
  "theta2": [
    0.6080000000000001,
    0.6012372902342081,
    0.5838426864246238,
    0.562578892952039,
    0.5442086212488304,
    0.5354945840532105,
    0.5431994927991556,
    0.5740860518765918,
    0.6323161867926745,
    0.7111271877960458,
    0.803756337582488,
    0.9034409164550272,
    1.0034182035856667,
    1.0969254775057884,
    1.1772000163434286,
    1.237479097954168,
    1.2710000000000008
  ]
}