{
  "startPos": "auto_start",
  "finalPos": "score_mid_cone",
  "totalTime": 0.5768102020365012,
  "grannyFactor": 1.25,
  "theta1": [
    -2.64,
    -2.6363913599599047,
    -2.622947547584858,
    -2.59761898508751,
    -2.559192979289929,
    -2.507602468124356,
    -2.443958548814762,
    -2.370254744233609,
    -2.2890726800974632,
    -2.2033845838371953,
    -2.116427366601931,
    -2.0316190698837056,
    -1.9524933967076312,
    -1.8826192892427205,
    -1.8255285335139695,
    -1.7846223742975902,
    -1.7629999999999997
  ],
  "theta2": [
    -0.9400000000000001,
    -0.9353146846387602,
    -0.9165734236203771,
    -0.8790909024468018,
    -0.8181818079506167,
    -0.7338461427794355,
    -0.6307692196848527,
    -0.5136363527415346,
    -0.3871328564475305,
    -0.25594404549494004,
    -0.12475523467288827,
    0.0017482611879176659,
    0.11888112725677066,
    0.221958048744546,
    0.3062937109591444,
    0.3672027994025174,
    0.39999999999999997
  ]
}