{
  "startPos": "score_mid_cube",
  "finalPos": "auto_start",
  "totalTime": 0.8813798148118569,
  "grannyFactor": 1.25,
  "theta1": [
    -1.8,
    -1.7998782398192463,
    -1.7981133626820032,
    -1.79634848554476,
    -1.7940595976528266,
    -1.7897877941604412,
    -1.7842277858204569,
    -1.7776518716271918,
    -1.7702999981944498,
    -1.7625237569973424,
    -1.7551078072781636,
    -1.74955520449594,
    -1.749406620675523,
    -1.7675625717960681,
    -1.8024982319980085,
    -1.8444374173015492,
    -1.893145204701292,
    -1.9475819607367779,
    -2.0068785812110521,
    -2.070179983871363,
    -2.1339840327227972,
    -2.1947342992747316,
    -2.2523287283970865,
    -2.3066110671146438,
    -2.357486672573005,
    -2.4048836494947303,
    -2.4484706604635571,
    -2.4882644616711889,
    -2.5240093411323379,
    -2.5543173743067351,
    -2.578987775564717,
    -2.5985608614180986,
    -2.6135889039309976,
    -2.6245305304809379,
    -2.6317114249029423,
    -2.6361163436019677,
    -2.6386430099747353,
    -2.6399333104975908,
    -2.6404907578199568,
    -2.6406051765486382,
    -2.6405343015667366,
    -2.6403811730057134,
    -2.6402262124599729,
    -2.6401431684560133,
    -2.6400715842280067,
    -2.64
  ],
  "theta2": [
    0.28400000000000014,
    0.28468796757286546,
    0.29465985027703084,
    0.30463173298119617,
    0.31759506291325512,
    0.34188945365895546,
    0.37397400521731416,
    0.41294400740918336,
    0.458607465000189,
    0.5113914633782779,
    0.57122390072100315,
    0.63798271179071764,
    0.71169990489450274,
    0.78886977745080911,
    0.81857261981089935,
    0.817431799774903,
    0.79845071184076677,
    0.765422390172934,
    0.72012327676609678,
    0.66365178396967361,
    0.59951509082576782,
    0.53210792016425068,
    0.46238029486027693,
    0.39076992703855595,
    0.31749586446841216,
    0.2424745575092577,
    0.16493709191146547,
    0.083754857407988215,
    -0.0018992097943797146,
    -0.089165672394096229,
    -0.176432134993813,
    -0.26369859759352943,
    -0.35096506019324591,
    -0.43724344227789247,
    -0.5175387309698456,
    -0.59084266819853859,
    -0.6571789441957856,
    -0.71645276558044879,
    -0.76893192881051209,
    -0.81395158079636454,
    -0.852627651397887,
    -0.883957734232282,
    -0.90808112678988129,
    -0.9200156059695439,
    -0.930007802984772,
    -0.94
  ]
}