{
  "startPos": "score_mid_cone",
  "finalPos": "hold",
  "totalTime": 0.7041139170452826,
  "grannyFactor": 1.25,
  "theta1": [
    -1.7629999999999995,
    -1.7544774671147747,
    -1.7203873424541862,
    -1.662810463301285,
    -1.5902693523481426,
    -1.5112865375872908,
    -1.4343845483363677,
    -1.368085913913012,
    -1.3209131623097556,
    -1.3013888162186744,
    -1.314133873768232,
    -1.350625808953545,
    -1.402342090248477,
    -1.460760184360091,
    -1.5173575571522055,
    -1.5636116740067842,
    -1.5909999999999986
  ],
  "theta2": [
    0.4480000000000001,
    0.4394774792009516,
    0.41729541195123765,
    0.38997631299222363,
    0.3660427050161555,
    0.35401711218767357,
    0.3624220571992244,
    0.39978005479357026,
    0.47175363893435673,
    0.5698202888222443,
    0.6854574751395963,
    0.8101426658695007,
    0.9353533277190217,
    1.0525669266724416,
    1.1532609282589574,
    1.2289127977003558,
    1.2710000000000008
  ]
}