{
  "startPos": "defense",
  "finalPos": "auto_start",
  "totalTime": 0.32009325196602606,
  "grannyFactor": 1.25,
  "theta1": [
    -2.821,
    -2.8201993004911468,
    -2.8169965025870987,
    -2.8105909070448263,
    -2.8001818150310744,
    -2.7857692273611865,
    -2.7681538427403645,
    -2.748136360281255,
    -2.7265174792268887,
    -2.7040978988800535,
    -2.681678318573418,
    -2.660059437652456,
    -2.6400419554626406,
    -2.6224265713366406,
    -2.6080139845772443,
    -2.597604894427482,
    -2.592
  ],
  "theta2": [
    -0.9,
    -0.8997561708313357,
    -0.8989585162406956,
    -0.8976423567490301,
    -0.8959116857853162,
    -0.8939083406344952,
    -0.891785772564863,
    -0.8896903240692384,
    -0.8877476249179475,
    -0.8860530550600507,
    -0.8846661033095881,
    -0.8836087633012721,
    -0.8828679436271435,
    -0.8824015086300867,
    -0.8821473587036545,
    -0.8820350741502946,
    -0.882
  ]
}