{
  "startPos": "defense",
  "finalPos": "intake",
  "totalTime": 0.39212576579111708,
  "grannyFactor": 1.25,
  "theta1": [
    -2.821,
    -2.817166506514706,
    -2.8069702828845267,
    -2.7895490730835828,
    -2.7651340989740651,
    -2.7337234348427772,
    -2.695331743146606,
    -2.6499516690043419,
    -2.5979821623644757,
    -2.5489021137363803,
    -2.5067997563803179,
    -2.4716677784565895,
    -2.4435466106548196,
    -2.4224047328756564,
    -2.4082163443897935,
    -2.4020359886964959,
    -2.4
  ],
  "theta2": [
    -0.9,
    -0.90045528426191146,
    -0.90166623718711081,
    -0.90373526447938457,
    -0.90663490510996858,
    -0.91036538778589349,
    -0.91492497112273086,
    -0.92031452862181218,
    -0.9264866790541002,
    -0.93231566345173622,
    -0.93731594342276492,
    -0.94148838735669949,
    -0.94482819350892866,
    -0.94733910535918564,
    -0.94902418712710268,
    -0.94975819611680556,
    -0.94999999999999984
  ]
}