{
  "startPos": "double_substation",
  "finalPos": "intake",
  "totalTime": 0.7435170080110989,
  "grannyFactor": 1.25,
  "theta1": [
    -0.8979999999999998,
    -0.9080348927285883,
    -0.9481744619447149,
    -1.0284535953451612,
    -1.1486616688671132,
    -1.2987637965454228,
    -1.468725089168009,
    -1.6485106566136492,
    -1.828085608533837,
    -1.9974150548073601,
    -2.1464641062221697,
    -2.2651978768132595,
    -2.343581491006474,
    -2.3862186403001195,
    -2.403144191179855,
    -2.4043930192213336,
    -2.4
  ],
  "theta2": [
    0.21699999999999992,
    0.22703488773832062,
    0.24798755311545603,
    0.26982311080270505,
    0.28250667230939186,
    0.2760033485593593,
    0.24027825106152917,
    0.1652964944847163,
    0.05265590298701502,
    -0.08760863569283886,
    -0.24546223043034673,
    -0.41086998902816846,
    -0.5737970189573606,
    -0.7242084275730474,
    -0.8520693222345682,
    -0.9473448104285329,
    -0.9999999999999999
  ]
}