{
  "startPos": "defense",
  "finalPos": "score_mid_cone",
  "totalTime": 0.5161252206898636,
  "grannyFactor": 1.25,
  "theta1": [
    -2.26,
    -2.2566433561021753,
    -2.243216780852416,
    -2.2163636310440142,
    -2.172727264535636,
    -2.1123076834470997,
    -2.0384615295868094,
    -1.9545454458224905,
    -1.863916075360852,
    -1.7699300615639693,
    -1.675944047871602,
    -1.5853146777568021,
    -1.501398594692622,
    -1.4275524421188213,
    -1.3671328633974755,
    -1.323496501735293,
    -1.2999999999999998
  ],
  "theta2": [
    0.2700000000000002,
    0.27293161224000734,
    0.2841412176276534,
    0.30555876567000984,
    0.3380974568607297,
    0.3811063302750849,
    0.43297470991078085,
    0.4916577449464547,
    0.5548927705287608,
    0.6203016634989844,
    0.6854502547384808,
    0.7478906863961466,
    0.8051981337546356,
    0.855008884363784,
    0.8950696026136288,
    0.9233137501405354,
    0.9380000000000004
  ]
}