{
  "startPos": "intake",
  "finalPos": "score_high_cube",
  "totalTime": 0.8282379812826672,
  "grannyFactor": 1.25,
  "theta1": [
    -2.4,
    -2.4074346082373306,
    -2.41586755706108,
    -2.411427942062865,
    -2.3802448545453596,
    -2.3084473872135884,
    -2.182164643772137,
    -2.0127022606298053,
    -1.8139311434193204,
    -1.59972220983781,
    -1.3839463799077036,
    -1.1804745741639362,
    -1.0031777125495465,
    -0.8659267124723524,
    -0.7825924770598376,
    -0.7409071992779438,
    -0.727
  ],
  "theta2": [
    -0.9999999999999999,
    -0.9861290735319619,
    -0.9306453684258632,
    -0.8196779605276339,
    -0.666650130839745,
    -0.4854328025153625,
    -0.28989690017759645,
    -0.09391334878265607,
    0.08864692680370523,
    0.24391300237762878,
    0.35801395505965644,
    0.4170788659445265,
    0.4316223206095967,
    0.41551523809612756,
    0.38262854142154035,
    0.34683315426157035,
    0.32199999999999995
  ]
}