{
  "startPos": "score_hybrid",
  "finalPos": "hold",
  "totalTime": 0.73481631545971,
  "grannyFactor": 1.25,
  "theta1": [
    -2.688,
    -2.678313288452168,
    -2.639566444476495,
    -2.5620727630305535,
    -2.4521030216017596,
    -2.319343923242397,
    -2.173482175215038,
    -2.0242044860242587,
    -1.8811975646004016,
    -1.7541481198528457,
    -1.652742859877468,
    -1.5866684895498784,
    -1.5558232884030903,
    -1.5505205495712233,
    -1.5610735628380568,
    -1.5777956169146918,
    -1.5909999999999986
  ],
  "theta2": [
    -0.5160000000000001,
    -0.5116424318419781,
    -0.49532757789500925,
    -0.4630555830691958,
    -0.4106191950353138,
    -0.33410310076521926,
    -0.23050379598706067,
    -0.09879620788244814,
    0.05892253638045552,
    0.23786378901559133,
    0.42834086505993846,
    0.6206670609256952,
    0.8051556683685969,
    0.9721199772817775,
    1.1118732766270683,
    1.2147288548341264,
    1.2710000000000008
  ]
}