{
  "startPos": "hold",
  "finalPos": "score_hybrid",
  "totalTime": 1.1247446512181858,
  "grannyFactor": 1.25,
  "theta1": [
    -1.5909999999999986,
    -1.5562622359612908,
    -1.4817426091016956,
    -1.395781758835332,
    -1.3243445271078922,
    -1.289307023113055,
    -1.3054676466938815,
    -1.377089030219482,
    -1.4987638420901013,
    -1.6594583644033487,
    -1.8452909026295463,
    -2.0411130660512193,
    -2.2316125849372916,
    -2.4023432567591527,
    -2.540883148285965,
    -2.6380172813674654,
    -2.688
  ],
  "theta2": [
    1.2710000000000008,
    1.2362622359540112,
    1.161994063646538,
    1.0756611252361155,
    0.9991592092684113,
    0.9408335831521365,
    0.8923113356662418,
    0.8389482243162613,
    0.7652271556060485,
    0.6580383119290797,
    0.5105552589169379,
    0.326506178286766,
    0.11947115898857918,
    -0.09113182498797015,
    -0.2828669335592101,
    -0.4321116425834436,
    -0.5160000000000001
  ]
}