{
  "startPos": "double_substation",
  "finalPos": "double_substation",
  "totalTime": 0.0,
  "grannyFactor": 1.25,
  "theta1": [
    -0.8599999999999997
  ],
  "theta2": [
    0.19200000000000006
  ]
}