{
  "startPos": "score_high_cone",
  "finalPos": "defense",
  "totalTime": 1.1660505985979488,
  "grannyFactor": 1,
  "theta1": [
    -0.733,
    -0.73232321568533354,
    -0.73008613350673435,
    -0.72784905132813515,
    -0.725611969149536,
    -0.72053359566628861,
    -0.71444118290070069,
    -0.70720602608029015,
    -0.69909400271333655,
    -0.69050567632046511,
    -0.68210322013167335,
    -0.675001411039682,
    -0.67099862101414909,
    -0.67338930166825106,
    -0.6853607839255581,
    -0.7117440605984855,
    -0.74904762123529345,
    -0.79181962810260742,
    -0.84037837664842874,
    -0.89506881824775819,
    -0.95624883536718119,
    -1.024178155077444,
    -1.0985094522627386,
    -1.1787178635477349,
    -1.2637604682018972,
    -1.3509339876749062,
    -1.438000034543343,
    -1.5230044908869458,
    -1.6053993036316627,
    -1.685387333345939,
    -1.7630954218812356,
    -1.8386136163351323,
    -1.912001255317904,
    -1.9832915890739424,
    -2.0524953647499942,
    -2.1195700484502247,
    -2.1845216443946822,
    -2.247326869909366,
    -2.3079468912404035,
    -2.3662593988129292,
    -2.4209266229092092,
    -2.4713285962088314,
    -2.5174292155818714,
    -2.5594964661710895,
    -2.597773716071301,
    -2.6325355493121059,
    -2.6640866800572813,
    -2.6924596735825954,
    -2.7165460304850031,
    -2.73694770121259,
    -2.7542059658698452,
    -2.7690130614358166,
    -2.7815262307297277,
    -2.7921630109135824,
    -2.80096466902178,
    -2.8079485322859616,
    -2.813126082533445,
    -2.8157507216889632,
    -2.8183753608444819,
    -2.821
  ],
  "theta2": [
    0.6080000000000001,
    0.61157660790096213,
    0.62339893537174984,
    0.63522126284253755,
    0.64704359031332526,
    0.67416644588155317,
    0.707144129257883,
    0.74735722241719849,
    0.79459607600066506,
    0.8487457635756277,
    0.91030587435690813,
    0.97871431782492035,
    1.0540338368541644,
    1.1335510654916767,
    1.2081848672275644,
    1.276853860559737,
    1.3260087245150636,
    1.3577929453232853,
    1.3790856800254514,
    1.3918232684544236,
    1.3965361316577434,
    1.3930741296469107,
    1.3810080298946898,
    1.3595841260073243,
    1.3285562832929154,
    1.2885206967113747,
    1.2406816640275791,
    1.1867893628760871,
    1.1283064839389167,
    1.0659606968695261,
    1.000263594950497,
    0.93161685659387239,
    0.86033560091825845,
    0.78666376252001624,
    0.71078291032511676,
    0.63278262087080039,
    0.55275069657974141,
    0.47067566438058051,
    0.38643110286668503,
    0.29985962898251584,
    0.21259316638279943,
    0.12532670378308286,
    0.038060241183366594,
    -0.049206221416350025,
    -0.13647268401606649,
    -0.22373914661578267,
    -0.31100560921549936,
    -0.39734076089900233,
    -0.47757900147006588,
    -0.550878838501871,
    -0.61696134850813567,
    -0.67633097499199646,
    -0.72842335003185088,
    -0.773774030155047,
    -0.81193049959119812,
    -0.84250087451962052,
    -0.86525778664179809,
    -0.87683852442786536,
    -0.88841926221393275,
    -0.9
  ]
}