{
  "startPos": "score_high_cone",
  "finalPos": "double_substation",
  "totalTime": 0.39520621980062004,
  "grannyFactor": 1.25,
  "theta1": [
    -0.733,
    -0.732162373955503,
    -0.729265782112716,
    -0.7242174252074757,
    -0.7171704688632342,
    -0.7084481090302683,
    -0.6984773124161062,
    -0.6877397848704119,
    -0.676735112866869,
    -0.6659507074184117,
    -0.6558350665027056,
    -0.6467727485689537,
    -0.63906147412546,
    -0.632894348588463,
    -0.6283529923315925,
    -0.625417913514983,
    -0.6239999999999999
  ],
  "theta2": [
    0.6080000000000001,
    0.6064930066756998,
    0.6004650335787519,
    0.5884090877900737,
    0.568818177015237,
    0.5416923024971394,
    0.5085384563350054,
    0.4708636312491642,
    0.43017482015869857,
    0.3879790160737865,
    0.34578321205015394,
    0.3050944011630471,
    0.2674195764877123,
    0.23426573107987553,
    0.20713985794971487,
    0.1875489500163132,
    0.17699999999999988
  ]
}