{
  "startPos": "score_mid_cone",
  "finalPos": "defense",
  "totalTime": 0.5779558061622172,
  "grannyFactor": 1.25,
  "theta1": [
    -1.7629999999999995,
    -1.767319888902881,
    -1.784064652938609,
    -1.8164713686328695,
    -1.866404807213068,
    -1.9327590944497544,
    -2.012870648719788,
    -2.1035179507547417,
    -2.2012239374875815,
    -2.3023808948412707,
    -2.403315681900611,
    -2.5003290189717946,
    -2.5897291845093324,
    -2.667866822639668,
    -2.731177768221191,
    -2.77625530819017,
    -2.8
  ],
  "theta2": [
    0.4480000000000001,
    0.4432867126081007,
    0.42443356346877625,
    0.3867272660567506,
    0.32545453518267137,
    0.24061537350467743,
    0.13692306579464514,
    0.01909089815278407,
    -0.10816784289562943,
    -0.24013987063049672,
    -0.37211189823430807,
    -0.4993706388478059,
    -0.6172028056117329,
    -0.720895111708579,
    -0.8057342704182456,
    -0.8670069952154561,
    -0.9
  ]
}