{
  "startPos": "score_hybrid",
  "finalPos": "defense",
  "totalTime": 0.3802843246054252,
  "grannyFactor": 1.25,
  "theta1": [
    -2.688,
    -2.688681250276923,
    -2.69107477813163,
    -2.6953910567468955,
    -2.7016952088852415,
    -2.709912610947717,
    -2.719844510291094,
    -2.7311887609264667,
    -2.743561255774498,
    -2.7565158010431534,
    -2.769562000912308,
    -2.782181703105993,
    -2.793845049743138,
    -2.8040275782758006,
    -2.8122304200044526,
    -2.818006799064933,
    -2.821
  ],
  "theta2": [
    -0.5160000000000001,
    -0.5173426576364557,
    -0.5227132879968619,
    -0.5334545483424787,
    -0.5509090953561919,
    -0.5750769278871887,
    -0.6046153894333245,
    -0.6381818229173671,
    -0.6744335710780563,
    -0.7120279765697858,
    -0.7496223820047756,
    -0.7858741299771722,
    -0.8194405630811217,
    -0.8489790239288444,
    -0.8731468551747339,
    -0.8906013995575298,
    -0.9
  ]
}