{
  "startPos": "defense",
  "finalPos": "score_mid_cube",
  "totalTime": 0.5534969546862725,
  "grannyFactor": 1.25,
  "theta1": [
    -2.8,
    -2.796073786237315,
    -2.780695775584448,
    -2.7506288663977947,
    -2.703604055348956,
    -2.6404470521493084,
    -2.563770216774316,
    -2.476703051803364,
    -2.382601768303588,
    -2.2849415435371396,
    -2.187263605365928,
    -2.0931432208130847,
    -2.006165853667704,
    -1.9299019199995462,
    -1.8678740029572711,
    -1.8235039506797983,
    -1.8000000000000003
  ],
  "theta2": [
    -0.9,
    -0.8958601392377483,
    -0.8793006965815333,
    -0.8461818120639286,
    -0.7923636269427532,
    -0.7178461436559284,
    -0.6267692205627455,
    -0.52327271724078,
    -0.4114964936574575,
    -0.295580409958886,
    -0.17966432638051397,
    -0.06788810319607887,
    0.035608399320681876,
    0.12668532093431983,
    0.20120280149872746,
    0.2550209810464791,
    0.284
  ]
}