{
  "startPos": "score_high_cube",
  "finalPos": "intake",
  "totalTime": 0.76489275524409,
  "grannyFactor": 1.25,
  "theta1": [
    -0.6790000000000004,
    -0.6844430298279242,
    -0.7116967445245743,
    -0.7716861712967354,
    -0.8753362299342752,
    -1.0129663938450828,
    -1.1736514834987648,
    -1.3464661252510275,
    -1.5204848864456675,
    -1.6847823076184516,
    -1.8284329146339535,
    -1.940511258613383,
    -2.0100919714955774,
    -2.0439058765103653,
    -2.0528782709155275,
    -2.047934522735746,
    -2.04
  ],
  "theta2": [
    0.44199999999999995,
    0.45292550698174094,
    0.48394021756247174,
    0.5241186255983454,
    0.5625352236048775,
    0.5882645037624209,
    0.5903809582513201,
    0.5579590795870545,
    0.4800733616256139,
    0.3671395803930711,
    0.23008324287099507,
    0.0798298571250705,
    -0.07269506845955924,
    -0.21656602538594216,
    -0.3408575051566587,
    -0.43464399938483284,
    -0.48699999999999977
  ]
}