{
  "startPos": "score_high_cone",
  "finalPos": "defense",
  "totalTime": 0.7060967450063531,
  "grannyFactor": 1.25,
  "theta1": [
    -0.733,
    -0.7415947382617707,
    -0.7759736904677758,
    -0.8447315931202509,
    -0.9564631798757613,
    -1.1056805040239217,
    -1.2837888333428318,
    -1.4821934328325157,
    -1.6922995667025298,
    -1.905512498941021,
    -2.1132374936716163,
    -2.3068798156330503,
    -2.477844731552796,
    -2.617537512613114,
    -2.71736344503149,
    -2.7753193779188225,
    -2.8
  ],
  "theta2": [
    0.6080000000000001,
    0.6122070381827494,
    0.6162334400770255,
    0.6114844783949833,
    0.5893654236481842,
    0.5412815470676113,
    0.45863812552449856,
    0.34053406769529854,
    0.19556410150962522,
    0.032322961075831005,
    -0.14059461755097247,
    -0.31459389740031374,
    -0.4810801409857166,
    -0.6314586106446182,
    -0.7571345686913491,
    -0.8495132775520453,
    -0.9
  ]
}