{
  "startPos": "intake",
  "finalPos": "score_high_cube",
  "totalTime": 0.8141305277191122,
  "grannyFactor": 1.25,
  "theta1": [
    -2.405,
    -2.4107975897994574,
    -2.415016544139809,
    -2.404482879313513,
    -2.366022598279058,
    -2.2864617652275974,
    -2.1542091220251676,
    -1.9824386768909465,
    -1.7843245122729208,
    -1.5730407336264751,
    -1.3617614570661092,
    -1.1636608046383636,
    -0.991912902068068,
    -0.8596918775319956,
    -0.7801718459367496,
    -0.7403325843743769,
    -0.727
  ],
  "theta2": [
    -0.9380000000000001,
    -0.9248258635878428,
    -0.8721293189461199,
    -0.7667362326461126,
    -0.6213168460374802,
    -0.44904529152224637,
    -0.2630957034275817,
    -0.07664221661969971,
    0.09714103390042628,
    0.2450799132665867,
    0.35400028715162224,
    0.4107280231535511,
    0.4250657997291787,
    0.41018775030725196,
    0.3792680101740176,
    0.34548071491719246,
    0.32199999999999995
  ]
}