{
  "startPos": "score_mid_cube",
  "finalPos": "auto_start",
  "totalTime": 0.5506777364583357,
  "grannyFactor": 1.25,
  "theta1": [
    -1.8000000000000003,
    -1.8036914672302133,
    -1.8179340643301032,
    -1.8452673800631556,
    -1.8865860576108358,
    -1.9404513539594475,
    -2.004482273952482,
    -2.0759423718998247,
    -2.151950007248693,
    -2.2295874772064592,
    -2.3059729292523574,
    -2.3782998643516766,
    -2.443875973055879,
    -2.5001699590327773,
    -2.5448745733867693,
    -2.5759976111548437,
    -2.592
  ],
  "theta2": [
    0.284,
    0.27992307630701035,
    0.263615381923852,
    0.230999993944284,
    0.1779999906748604,
    0.10461537452872523,
    0.014923066820326545,
    -0.08700000992998384,
    -0.19707693281596472,
    -0.3112307787545089,
    -0.42538462457407616,
    -0.5354615470652264,
    -0.6373846230185197,
    -0.7270769292624158,
    -0.8004615427138073,
    -0.8534615404664527,
    -0.882
  ]
}