{
  "startPos": "score_high_cube",
  "finalPos": "score_mid_cube",
  "totalTime": 0.5381669500334043,
  "grannyFactor": 1.25,
  "theta1": [
    -0.727,
    -0.7305411770402525,
    -0.7449700050730584,
    -0.7740917912779197,
    -0.8217118400966457,
    -0.8885007092604619,
    -0.9706530877384926,
    -1.0643636595068096,
    -1.165827107031346,
    -1.271238112092782,
    -1.3767913562105056,
    -1.478681520785953,
    -1.5731032871767052,
    -1.656251336751392,
    -1.7243203509491336,
    -1.7735050113727935,
    -1.8000000000000003
  ],
  "theta2": [
    0.32199999999999995,
    0.32580531901354515,
    0.34102659397309154,
    0.36454809749928274,
    0.39256451223702066,
    0.42127051999290627,
    0.44686080238036785,
    0.4655300410555434,
    0.4734729180205688,
    0.4668841171100984,
    0.44780030779282315,
    0.42002680528165237,
    0.3873689265747566,
    0.3536319891701396,
    0.32262131069076444,
    0.2981422086346467,
    0.284
  ]
}