{
  "startPos": "score_mid_cone",
  "finalPos": "defense",
  "totalTime": 0.57350314785404366,
  "grannyFactor": 1,
  "theta1": [
    -1.33,
    -1.3289268000229781,
    -1.3273372447746432,
    -1.3237563948369391,
    -1.3184844236362412,
    -1.3122181132204869,
    -1.3067669382408842,
    -1.3113521811973345,
    -1.3351335276690313,
    -1.3658527701801635,
    -1.4035534016232476,
    -1.4482548521390908,
    -1.4998729126522736,
    -1.5585591752107377,
    -1.6241836338660804,
    -1.6967849480385648,
    -1.7754669095165307,
    -1.8535930961376776,
    -1.9254203391383848,
    -1.9903060252318339,
    -2.0481248817312578,
    -2.0989284631357377,
    -2.1426684662772422,
    -2.1792629274629727,
    -2.2086237245684517,
    -2.2305814743002146,
    -2.2453871411509025,
    -2.2540480295684588,
    -2.2585438244644678,
    -2.26
  ],
  "theta2": [
    1.08,
    1.084296269237965,
    1.0906596287810935,
    1.1051457984655833,
    1.1272105850496954,
    1.1563532975396982,
    1.1924673289473082,
    1.2350018233366131,
    1.243624021865168,
    1.231197503060915,
    1.206784926524433,
    1.1720101890455328,
    1.1275162668445515,
    1.0732914092544554,
    1.0095673503241169,
    0.93625498260851314,
    0.85419275660882055,
    0.77043872513873946,
    0.69161411052097277,
    0.61891535642509221,
    0.55279819848340017,
    0.49345907894005747,
    0.44107641098140721,
    0.39572640911563217,
    0.35731603546781243,
    0.32589425612978395,
    0.30142492350612105,
    0.28400353938202783,
    0.27353291692389931,
    0.27
  ]
}