{
  "startPos": "score_mid_cone",
  "finalPos": "intake",
  "totalTime": 0.5789544974505352,
  "grannyFactor": 1.25,
  "theta1": [
    -1.7629999999999997,
    -1.7675627256347055,
    -1.7855167300719266,
    -1.8203510068464306,
    -1.869305161762915,
    -1.9284407029489188,
    -1.9935951752430414,
    -2.060541994522345,
    -2.1250683677165605,
    -2.183067214034434,
    -2.230793724113152,
    -2.2654254628427215,
    -2.2870756598868716,
    -2.2982095011005037,
    -2.301926554503801,
    -2.3014809782356975,
    -2.3
  ],
  "theta2": [
    0.39999999999999997,
    0.395262237081277,
    0.37631118583613987,
    0.33840908421548666,
    0.27681817151076066,
    0.19153845038929992,
    0.08730768114074047,
    -0.031136374612353298,
    -0.15905595482087975,
    -0.29171329724024114,
    -0.42437063952809173,
    -0.5522902193001936,
    -0.6707342741723092,
    -0.7749650418020928,
    -0.860244759944947,
    -0.9218356665517706,
    -0.955
  ]
}