{
  "startPos": "score_hybrid",
  "finalPos": "hold",
  "totalTime": 0.7348163154597087,
  "grannyFactor": 1.25,
  "theta1": [
    -2.688,
    -2.6783132884521685,
    -2.639566444476497,
    -2.562072763030559,
    -2.452103021601768,
    -2.3193439232424073,
    -2.17348217521505,
    -2.024204486024271,
    -1.881197564600414,
    -1.7541481198528572,
    -1.652742859877478,
    -1.5866684895498857,
    -1.5558232884030954,
    -1.5505205495712264,
    -1.5610735628380583,
    -1.5777956169146925,
    -1.5909999999999986
  ],
  "theta2": [
    -0.5160000000000001,
    -0.5116423437387915,
    -0.4953274787757461,
    -0.46305472305928486,
    -0.410617246145252,
    -0.33410093005027164,
    -0.23050229865164784,
    -0.09879620788245423,
    0.058922536380448996,
    0.2378637890155865,
    0.4283408650599351,
    0.620667060925693,
    0.8051556683685955,
    0.9721199772817768,
    1.1118732766270678,
    1.2147288548341264,
    1.2710000000000008
  ]
}