{
  "startPos": "defense",
  "finalPos": "score_high_cube",
  "totalTime": 0.8116154398253087,
  "grannyFactor": 1.25,
  "theta1": [
    -2.821,
    -2.825230984205435,
    -2.8248718264388564,
    -2.806870244573376,
    -2.758173930650897,
    -2.665730585478563,
    -2.516487980311687,
    -2.3232846457810035,
    -2.099172851252396,
    -1.857204955287739,
    -1.6104333414549004,
    -1.3719104046875814,
    -1.1546885462302312,
    -0.9718201712510449,
    -0.8363576875451566,
    -0.7591017631549333,
    -0.727
  ],
  "theta2": [
    -0.9,
    -0.8869475831632511,
    -0.8347379169270547,
    -0.730318587747008,
    -0.5867134606985215,
    -0.4169749481956738,
    -0.23415546477579802,
    -0.051307425570710864,
    0.11851675413916186,
    0.2622646592220441,
    0.3668838751407109,
    0.4193219894813145,
    0.43038938005959626,
    0.41313846042187,
    0.3806216462944217,
    0.34589135403194554,
    0.32199999999999995
  ]
}