{
  "startPos": "hold",
  "finalPos": "intake",
  "totalTime": 1.1247446508305623,
  "grannyFactor": 1.25,
  "theta1": [
    -1.5909999999999986,
    -1.5562622359656215,
    -1.4828140720137022,
    -1.4002387225015456,
    -1.335998029780058,
    -1.3135580930749255,
    -1.348033868421741,
    -1.4392297298032046,
    -1.5750833691320631,
    -1.7385780035186,
    -1.910928216073681,
    -2.073441207605059,
    -2.209436981646012,
    -2.3074691738886175,
    -2.366761797763847,
    -2.395456075550093,
    -2.405
  ],
  "theta2": [
    1.2710000000000008,
    1.2362622359667166,
    1.1624189213931386,
    1.0774332627085605,
    1.003495352971596,
    0.9465862766798412,
    0.8943045928390807,
    0.8287206737358437,
    0.7313389461239392,
    0.5864586201194866,
    0.3869083572860136,
    0.14174142524742936,
    -0.12883991102566564,
    -0.39967725390058145,
    -0.6433170883103706,
    -0.8318245657494518,
    -0.9380000000000001
  ]
}