{
  "startPos": "double_substation",
  "finalPos": "score_mid_cube",
  "totalTime": 0.614501658239551,
  "grannyFactor": 1.25,
  "theta1": [
    -0.6239999999999999,
    -0.6265912900713594,
    -0.6400302000105818,
    -0.6699818067160378,
    -0.7221111770258893,
    -0.8004785175992175,
    -0.8994187375067878,
    -1.0132667277471092,
    -1.1363573738550128,
    -1.2630255588859494,
    -1.387606167513915,
    -1.5044340870885367,
    -1.6078442099145966,
    -1.692171439397946,
    -1.7517507164289694,
    -1.7858052377165923,
    -1.8000000000000003
  ],
  "theta2": [
    0.17699999999999988,
    0.1826651212140693,
    0.20532560526864135,
    0.2434586120328795,
    0.2913990215019114,
    0.34348171305616587,
    0.3940415659318353,
    0.43741345938949994,
    0.4679322729197985,
    0.4799328871433294,
    0.47060550548424507,
    0.4456152466965986,
    0.410627230707202,
    0.3713065777712428,
    0.33331840822600073,
    0.30232784232665616,
    0.284
  ]
}