{
  "startPos": "score_mid_cone",
  "finalPos": "defense",
  "totalTime": 0.5161252206898629,
  "grannyFactor": 1.25,
  "theta1": [
    -1.2999999999999998,
    -1.3033566438978246,
    -1.3167832191475835,
    -1.3436363689559851,
    -1.387272735464363,
    -1.4476923165528994,
    -1.5215384704131898,
    -1.6054545541775087,
    -1.6960839246391473,
    -1.79006993843603,
    -1.8840559521283973,
    -1.9746853222431973,
    -2.0586014053073773,
    -2.132447557881178,
    -2.192867136602524,
    -2.2365034982647063,
    -2.26
  ],
  "theta2": [
    0.9380000000000004,
    0.9351272408731743,
    0.9241976707834433,
    0.9033696799907325,
    0.8717024155981556,
    0.8296333531181227,
    0.7785966712692581,
    0.7205278277859613,
    0.6576285303596232,
    0.5922521866959589,
    0.526837964825462,
    0.4638646964297466,
    0.40581329070803646,
    0.35512923639498073,
    0.3141756675164533,
    0.28516070887255884,
    0.2700000000000002
  ]
}