{
  "startPos": "score_high_cube",
  "finalPos": "intake",
  "totalTime": 0.7871189518431138,
  "grannyFactor": 1.25,
  "theta1": [
    -0.727,
    -0.7362223600090797,
    -0.7757952629453081,
    -0.8576245436818777,
    -0.9879020077578182,
    -1.1547218003570676,
    -1.346178056955452,
    -1.5503649147308678,
    -1.7553765134029795,
    -1.9493069967688956,
    -2.1202505159069105,
    -2.256301237497753,
    -2.345553378142792,
    -2.393143567479155,
    -2.4109775452959115,
    -2.410961095002581,
    -2.405
  ],
  "theta2": [
    0.32199999999999995,
    0.3339058696415988,
    0.36259649443433756,
    0.3961660053013538,
    0.4227085326050476,
    0.4303182067118452,
    0.40708915857230743,
    0.34111552116457633,
    0.22816284070314494,
    0.08013698337805168,
    -0.09105618261908456,
    -0.27351078848391636,
    -0.45532096516700477,
    -0.6245808435502858,
    -0.7693845545843209,
    -0.8778262294647642,
    -0.9380000000000001
  ]
}