{
  "startPos": "auto_start",
  "finalPos": "intake",
  "totalTime": 0.3018318767342926,
  "grannyFactor": 1.25,
  "theta1": [
    -2.592,
    -2.59132867114359,
    -2.5886433558347552,
    -2.5832727254534436,
    -2.574545451743957,
    -2.5624615354312614,
    -2.547692304657196,
    -2.530909087925882,
    -2.5127832138573716,
    -2.4939860111248504,
    -2.475188808428073,
    -2.4570629344781794,
    -2.4402797179863094,
    -2.425510487652217,
    -2.4134265721490884,
    -2.4046993000969756,
    -2.4
  ],
  "theta2": [
    -0.882,
    -0.882338922265699,
    -0.8835335098619509,
    -0.885697579147267,
    -0.8888743394512995,
    -0.8930354159829315,
    -0.8980861897712045,
    -0.9038755144783852,
    -0.910207005226016,
    -0.9168500429527291,
    -0.9235498457342936,
    -0.9300367223013197,
    -0.9360350107611679,
    -0.941272454696896,
    -0.9454910698760192,
    -0.9484610515313707,
    -0.9499999999999998
  ]
}