{
  "startPos": "score_high_cone",
  "finalPos": "defense",
  "totalTime": 0.6804646298487175,
  "grannyFactor": 1.25,
  "theta1": [
    -0.733,
    -0.7406923086231688,
    -0.7714615425293051,
    -0.8330000091555605,
    -0.9330000141124304,
    -1.0714615537684276,
    -1.240692323079464,
    -1.4330000151846953,
    -1.6406923226418493,
    -1.8560769377422073,
    -2.0714615526441134,
    -2.279153859449826,
    -2.471461550264477,
    -2.640692317254095,
    -2.779153852722774,
    -2.879153849247868,
    -2.933
  ],
  "theta2": [
    0.6080000000000001,
    0.6106098818059945,
    0.6111706627284418,
    0.60216611360513,
    0.5760453012455696,
    0.5252721368110274,
    0.4424088997148624,
    0.3288574362695027,
    0.1921746630746705,
    0.03999395198582611,
    -0.12002653504902994,
    -0.2802168890402802,
    -0.43290059167462314,
    -0.5703989108985531,
    -0.6850327793137281,
    -0.7691243960705686,
    -0.8150000000000001
  ]
}