{
  "startPos": "double_substation",
  "finalPos": "defense",
  "totalTime": 0.845100292755858,
  "grannyFactor": 1.25,
  "theta1": [
    -0.6239999999999999,
    -0.6255431970737189,
    -0.6449082311044897,
    -0.6968305699012368,
    -0.7960456745479735,
    -0.9551384817058871,
    -1.1593735141428778,
    -1.3940152824810095,
    -1.6443282997374382,
    -1.8955770825455682,
    -2.1330261534155217,
    -2.3419400455138666,
    -2.507583315260198,
    -2.615220595032481,
    -2.673845605772184,
    -2.6981936289771378,
    -2.7029999999999994
  ],
  "theta2": [
    0.17699999999999988,
    0.1917354963414587,
    0.23644015700886858,
    0.29637848624815855,
    0.3568149875221084,
    0.40301416414323177,
    0.4202405195524063,
    0.39375855788672554,
    0.30883278564440636,
    0.1744012320684935,
    0.0051993895782694935,
    -0.18403724708782396,
    -0.3785731825042022,
    -0.5636729210047818,
    -0.7246009669234783,
    -0.8466218248347029,
    -0.9149999999999999
  ]
}