{
  "startPos": "intake",
  "finalPos": "hold",
  "totalTime": 0.7653749706885769,
  "grannyFactor": 1.25,
  "theta1": [
    -2.4,
    -2.403542064892474,
    -2.403222130454088,
    -2.3880940377689632,
    -2.3472116255677515,
    -2.2696287434187017,
    -2.1643656315101,
    -2.0423684530288955,
    -1.914583384331506,
    -1.7919566058452314,
    -1.6854342987381628,
    -1.6059626436389762,
    -1.5644878180111013,
    -1.55320032225859,
    -1.56115397642944,
    -1.5774025971582653,
    -1.5909999999999986
  ],
  "theta2": [
    -0.9499999999999998,
    -0.9390538145606786,
    -0.8952690737696166,
    -0.8076995951594033,
    -0.6741167176462887,
    -0.5054666221305785,
    -0.31269549134044167,
    -0.10674950822898026,
    0.10142514499616519,
    0.3008822912350854,
    0.4806757997232218,
    0.6517518046698392,
    0.8216805910452581,
    0.979515985992177,
    1.1143118082916592,
    1.2151218744463983,
    1.2710000000000008
  ]
}