{
  "startPos": "auto_start",
  "finalPos": "score_high_cube",
  "totalTime": 0.8133598437694466,
  "grannyFactor": 1.25,
  "theta1": [
    -2.64,
    -2.6414579235253166,
    -2.6326954262131617,
    -2.6005759842134895,
    -2.5319630532649624,
    -2.4137201826035413,
    -2.2478873936173036,
    -2.047601246318425,
    -1.8259984157619562,
    -1.5962156124952687,
    -1.3713895634898403,
    -1.1646570048525016,
    -0.9891546783528913,
    -0.8580193295347665,
    -0.7793729254619408,
    -0.7400787296640956,
    -0.727
  ],
  "theta2": [
    -0.9400000000000001,
    -0.9268632414488718,
    -0.8743162082402585,
    -0.7692221447740354,
    -0.6241157925494631,
    -0.4521339061500741,
    -0.26641324206450834,
    -0.08009055731470549,
    0.09369739094405972,
    0.24181384568978115,
    0.3511220504335976,
    0.4084852505907494,
    0.4234460252215462,
    0.4091411299260793,
    0.378707322148976,
    0.34528135963322387,
    0.32199999999999995
  ]
}