{
  "startPos": "double_substation",
  "finalPos": "score_mid_cone",
<<<<<<< HEAD
  "totalTime": 0.47044567199451,
  "theta1": [
    -0.6029999999999996,
    -0.6055419584915843,
    -0.6157097921741634,
    -0.6360454589651255,
    -0.6690909158967199,
    -0.7148461612077496,
    -0.7707692381425713,
    -0.8343181890654319,
    -0.902951056058943,
    -0.9741258810766331,
    -1.0453007060074895,
    -1.1139335727128388,
    -1.1774825230540074,
    -1.2334055989199826,
    -1.279160842264293,
    -1.3122062951695501,
    -1.3300000000000003
  ],
  "theta2": [
    0.4719999999999994,
    0.4744003092432606,
    0.4838058233792519,
    0.5022161809048007,
    0.5310641793703569,
    0.5697741333018217,
    0.6166926744796064,
    0.6698763968627152,
    0.727258918399282,
    0.7867112684390907,
    0.8460722971886918,
    0.903168171478071,
    0.9558283011861508,
    1.0019020345058154,
    1.0392809722133214,
    1.0659365152300442,
    1.0799999999999998
=======
  "totalTime": 0.46388350905938724,
  "grannyFactor": 1.25,
  "theta1": [
    -0.6029999999999996,
    -0.6054370633742328,
    -0.6151853165952667,
    -0.6346818224790458,
    -0.6663636429808972,
    -0.7102307763884173,
    -0.7638461610152214,
    -0.8247727343191977,
    -0.8905734334844019,
    -0.9588111955693825,
    -1.027048957569935,
    -1.0928496564549606,
    -1.1537762291933602,
    -1.2073916127809292,
    -1.2512587442762164,
    -1.2829405608632771,
    -1.2999999999999998
  ],
  "theta2": [
    0.4719999999999994,
    0.47412519614108706,
    0.4822313749512454,
    0.4976417343165935,
    0.5208486737222731,
    0.5512754498522695,
    0.5877560877426307,
    0.6288527136488282,
    0.6729893899210694,
    0.7185176488279875,
    0.7637556915555387,
    0.8070169301916306,
    0.8466354671595954,
    0.8809940250134017,
    0.908560890142438,
    0.9279461918605884,
    0.9380000000000004
>>>>>>> post_alexandria
  ]
}