{
  "startPos": "hold",
  "finalPos": "score_hybrid",
  "totalTime": 1.1247446512181858,
  "grannyFactor": 1.25,
  "theta1": [
    -1.5909999999999986,
    -1.5992604544571098,
    -1.6075209089142211,
    -1.6217190503089274,
    -1.6445327614638909,
    -1.6738759314117488,
    -1.710365303792919,
    -1.7531761286306846,
    -1.8025343190086869,
    -1.8580369517643189,
    -1.9196618074466649,
    -1.98699181720248,
    -2.0566308687429453,
    -2.1242668158509481,
    -2.189553770571476,
    -2.2523287653639086,
    -2.312366922673097,
    -2.3693705878756606,
    -2.4231553174020495,
    -2.4734658597745041,
    -2.52004083946375,
    -2.5626249150684393,
    -2.6010014171485882,
    -2.6339487212075925,
    -2.6593314853631975,
    -2.6758580321730778,
    -2.6854515270046964,
    -2.6902522550334869,
    -2.6919742127895177,
    -2.6919544973433944,
    -2.6911336236669272,
    -2.6900921951745809,
    -2.6891520899207055,
    -2.6885262436932522,
    -2.6882154286719078,
    -2.688
  ],
  "theta2": [
    1.2710000000000008,
    1.2623029007355442,
    1.2536058014710876,
    1.2386550027462813,
    1.21462528096394,
    1.1836983611856338,
    1.1451849021089,
    1.0998965143218102,
    1.0474837655116571,
    0.98822283144707856,
    0.92188367406890692,
    0.84856930480708281,
    0.7715663006121608,
    0.69531996812488139,
    0.61994235160610067,
    0.54540199047026428,
    0.47167765644310772,
    0.39873917939819747,
    0.32648091071982649,
    0.25473566328432551,
    0.18318011863316502,
    0.11116206075181428,
    0.037255941807403062,
    -0.03946828567490434,
    -0.11683636870955126,
    -0.18801304373172095,
    -0.25216423355535172,
    -0.30935801858201339,
    -0.3595606474250268,
    -0.40276278768063734,
    -0.43901250489042687,
    -0.46816008762556505,
    -0.49050937484273294,
    -0.50446635733433776,
    -0.51127846631972862,
    -0.51600000000000013
  ]
}