{
  "startPos": "intake",
  "finalPos": "score_mid_cube",
  "totalTime": 0.5593561317714324,
  "grannyFactor": 1.25,
  "theta1": [
    -2.405,
    -2.4054603782336605,
    -2.4054435992787844,
    -2.402393240143256,
    -2.393440856643159,
    -2.3757009900380726,
    -2.346538011212817,
    -2.3042055833994746,
    -2.249784136314667,
    -2.186195168431787,
    -2.1169530471378533,
    -2.0458328966814996,
    -1.9767502642884927,
    -1.913670205476493,
    -1.8605665645242264,
    -1.8213877185165752,
    -1.8000000000000003
  ],
  "theta2": [
    -0.9380000000000001,
    -0.9337272720916348,
    -0.9166363608593253,
    -0.882454539206449,
    -0.826909081287706,
    -0.7499999895929036,
    -0.6559999895763023,
    -0.5491818079363766,
    -0.4338181717697493,
    -0.31418180835552806,
    -0.19454544506406307,
    -0.07918180930480834,
    0.027636371512781924,
    0.12163637001835734,
    0.19854545893280978,
    0.25409091115951576,
    0.284
  ]
}