{
  "startPos": "defense",
  "finalPos": "intake",
  "totalTime": 0.39056722102304242,
  "grannyFactor": 1.25,
  "theta1": [
    -2.821,
    -2.8171893387218763,
    -2.8069674997181853,
    -2.7895498700733041,
    -2.7651305740570993,
    -2.7337324350274721,
    -2.6953306568327258,
    -2.6499551528596657,
    -2.5981534118828593,
    -2.5497124036125163,
    -2.5082543238673796,
    -2.4737858132720021,
    -2.4462812487374244,
    -2.42576037070598,
    -2.4123516538256546,
    -2.4066713650228624,
    -2.405
  ],
  "theta2": [
    -0.9,
    -0.90034808925136711,
    -0.9012818149295887,
    -0.90287284840676552,
    -0.90510345717747653,
    -0.90797155641575977,
    -0.9114794111547031,
    -0.91562428892147285,
    -0.92035617872223885,
    -0.92478107851616453,
    -0.92856811464672984,
    -0.93171668051842282,
    -0.93422911670186992,
    -0.93610361998358849,
    -0.93732845469861814,
    -0.93784732723348863,
    -0.93800000000000006
  ]
}