{
  "startPos": "score_high_cone",
  "finalPos": "auto_start",
  "totalTime": 0.712831827195599,
  "grannyFactor": 1.25,
  "theta1": [
    -0.733,
    -0.7418430332605653,
    -0.7772151648150639,
    -0.8479594235590643,
    -0.9619994125102919,
    -1.110492104090297,
    -1.2845944678955528,
    -1.4754634726855869,
    -1.6742560869270062,
    -1.872129279086422,
    -2.060240017923374,
    -2.22974527303434,
    -2.371802016840449,
    -2.4775672309901973,
    -2.543626626597155,
    -2.5788232114679563,
    -2.592
  ],
  "theta2": [
    0.6080000000000001,
    0.6130051173777401,
    0.6191774585631106,
    0.6176739996314232,
    0.5996517147065643,
    0.5562675785503756,
    0.47867857092625704,
    0.3639279559792618,
    0.22085875820307938,
    0.058314007570610844,
    -0.11486326421889075,
    -0.2898300246544483,
    -0.45774324076750167,
    -0.6097598794333404,
    -0.737036907506764,
    -0.8307312919417179,
    -0.882
  ]
}