{
  "startPos": "intake",
  "finalPos": "hold",
  "totalTime": 0.76255585081962,
  "grannyFactor": 1.25,
  "theta1": [
    -2.405,
    -2.4137165410001105,
    -2.4224330820002211,
    -2.4373467677470093,
    -2.4613773149963003,
    -2.4922944970739014,
    -2.53080339209722,
    -2.5760621178306389,
    -2.6285158968692155,
    -2.6878237785624544,
    -2.7540259080956933,
    -2.8209956586539997,
    -2.880729938741506,
    -2.9281151678643274,
    -2.9580930869366631,
    -2.9670098418780588,
    -2.9552263324218586,
    -2.927284083448833,
    -2.8865358077379222,
    -2.8354278864300149,
    -2.775641124861457,
    -2.7088280924406209,
    -2.6365840579721005,
    -2.5621859038103438,
    -2.4864774355253507,
    -2.40940412995763,
    -2.3309572965496494,
    -2.2511320322345281,
    -2.1700172118343346,
    -2.0876714686995421,
    -2.0080818407131593,
    -1.93528401763602,
    -1.8695008012328262,
    -1.8107640165439673,
    -1.758612453628037,
    -1.7142413655645825,
    -1.6766443488116494,
    -1.6462148437524253,
    -1.6227643043575937,
    -1.6119191450797414,
    -1.6010739858018894,
    -1.5909999999999991
  ],
  "theta2": [
    -0.93800000000000006,
    -0.93265833085734573,
    -0.9273166617146914,
    -0.91816446954526,
    -0.90337777635848848,
    -0.884235079142142,
    -0.86005533649011179,
    -0.83098467179221258,
    -0.79592697008565116,
    -0.75381195198607331,
    -0.7020466991301938,
    -0.64115530027736,
    -0.57328055511842768,
    -0.49846567903890282,
    -0.41672789976266811,
    -0.33009497063206611,
    -0.24282850803234957,
    -0.15556204543263308,
    -0.068295582832916715,
    0.01897087976679987,
    0.10623734236651633,
    0.19349018258521605,
    0.27997274394473187,
    0.36335727325310757,
    0.44396664230206562,
    0.522736563835601,
    0.60027721714092286,
    0.67700317561412238,
    0.75324517732645668,
    0.82922552904796165,
    0.90154386514856266,
    0.966968255156836,
    1.0256076243061221,
    1.0776640504556803,
    1.1237079607209244,
    1.162769325370107,
    1.1958176231705169,
    1.22254107612234,
    1.2431261405819796,
    1.252643000818354,
    1.2621598610547289,
    1.2710000000000006
  ]
}