{
  "startPos": "score_mid_cube",
  "finalPos": "auto_start",
  "totalTime": 0.6242501299416512,
  "grannyFactor": 1.25,
  "theta1": [
    -1.4109999999999998,
    -1.4169390351104831,
    -1.4406951734538875,
    -1.4882074434473311,
    -1.5599869804738695,
    -1.6500947612100516,
    -1.7525917589305886,
    -1.8615389495248822,
    -1.9709973127869311,
    -2.0750278347742124,
    -2.167691512728264,
    -2.2430493678527594,
    -2.29516249800816,
    -2.3249752633917176,
    -2.338426500577956,
    -2.3414551120086267,
    -2.34
  ],
  "theta2": [
    0.4849999999999999,
    0.4893910729420601,
    0.4966252587881269,
    0.5007635226959056,
    0.4958668295430742,
    0.4759961442988671,
    0.43521243265031156,
    0.3684411559778256,
    0.28162134819461276,
    0.18069204428021457,
    0.07159227954740122,
    -0.03973891054824528,
    -0.14736249049401826,
    -0.2453394247772116,
    -0.32773067794224503,
    -0.38859721467635233,
    -0.4219999999999999
  ]
}