{
  "startPos": "defense",
  "finalPos": "score_high_cube",
  "totalTime": 0.7919826337717331,
  "grannyFactor": 1.25,
  "theta1": [
    -2.933,
    -2.9263581900612814,
    -2.8943054794085628,
    -2.8247142960507112,
    -2.7054571499128928,
    -2.5366762856554863,
    -2.33049937073085,
    -2.099054236773165,
    -1.8544687628999241,
    -1.6088708495325617,
    -1.3743884086966844,
    -1.163149359493596,
    -0.9872816256777456,
    -0.8589131342364676,
    -0.7808286460056394,
    -0.7409002425236729,
    -0.727
  ],
  "theta2": [
    -0.8150000000000001,
    -0.802872060778662,
    -0.7543603048404834,
    -0.6573367957669599,
    -0.5238752304538841,
    -0.36610354438168846,
    -0.19614967482025072,
    -0.02614155954296217,
    0.13179286355076358,
    0.26552565668761935,
    0.3629288825985075,
    0.41187460581146046,
    0.4223428644478903,
    0.4064615949147145,
    0.37635873538000547,
    0.3441622242962017,
    0.32199999999999995
  ]
}