{
  "startPos": "double_substation",
  "finalPos": "score_mid_cone",
  "totalTime": 0.5057011268507886,
  "grannyFactor": 1.25,
  "theta1": [
    -0.8599999999999997,
    -0.863157343176884,
    -0.8757867155565381,
    -0.901045459652365,
    -0.9420909169549931,
    -0.9989230854293681,
    -1.068384623904478,
    -1.147318190192348,
    -1.2325664417795748,
    -1.3209720360036006,
    -1.4093776301272902,
    -1.4946258813815467,
    -1.5735594469972736,
    -1.6430209842373353,
    -1.6998531504391743,
    -1.7408986030893872,
    -1.7629999999999995
  ],
  "theta2": [
    0.19200000000000006,
    0.1941433411665167,
    0.20164777461578084,
    0.21460471952503155,
    0.23236845865734906,
    0.25391541177086946,
    0.2780592852518613,
    0.30356946874273893,
    0.3292514601733492,
    0.3540093826140006,
    0.3768991309269512,
    0.3971715188424143,
    0.4142993664560007,
    0.42798056014942026,
    0.4381129123130403,
    0.44474362084882385,
    0.4480000000000001
  ]
}