{
  "startPos": "double_substation",
  "finalPos": "defense",
  "totalTime": 0.6709392327085162,
  "grannyFactor": 1.25,
  "theta1": [
    -0.898,
    -0.9053737699314506,
    -0.9348688487572542,
    -0.9938590045151025,
    -1.089718002152844,
    -1.2214984190870524,
    -1.3818264920478849,
    -1.5633284547666872,
    -1.7586305401580014,
    -1.9603589809767727,
    -2.1611400103042686,
    -2.3535998624204937,
    -2.530364773516624,
    -2.6840609831141036,
    -2.8073147373631033,
    -2.892752298954657,
    -2.933
  ],
  "theta2": [
    0.2899999999999999,
    0.2956838255693472,
    0.3053615491373145,
    0.3116594078442156,
    0.30720363736759665,
    0.2846204738652982,
    0.23653615725378613,
    0.15595430285516537,
    0.050248673963615,
    -0.0732069620209242,
    -0.20703883640359447,
    -0.3438731798805076,
    -0.47633622293116096,
    -0.5970541959618284,
    -0.6986533293974665,
    -0.7737598537855094,
    -0.8150000000000001
  ]
}