{
  "startPos": "auto_start",
  "finalPos": "hold",
  "totalTime": 0.7463452784045013,
  "grannyFactor": 1.25,
  "theta1": [
    -2.592,
    -2.587922513074392,
    -2.565540445673725,
    -2.5147041585921865,
    -2.425821146713152,
    -2.309041184218747,
    -2.1745140895123316,
    -2.0323896930427696,
    -1.8928178306019043,
    -1.7659483408625585,
    -1.6619310623873769,
    -1.5909158302567332,
    -1.557111074410037,
    -1.5503669564006206,
    -1.5605336338399902,
    -1.5774612631060088,
    -1.5909999999999986
  ],
  "theta2": [
    -0.882,
    -0.8718501553800568,
    -0.8312507781550642,
    -0.7500520275762642,
    -0.62641208752186,
    -0.4704807966395631,
    -0.2924079959391253,
    -0.10234352666189406,
    0.0895627711576461,
    0.2731610676086492,
    0.4515719173884598,
    0.6349450123689071,
    0.8131305293646972,
    0.9759786294630154,
    1.1133394703978283,
    1.2150632086299242,
    1.2710000000000008
  ]
}