{
  "startPos": "score_mid_cube",
  "finalPos": "defense",
  "totalTime": 0.5534969546862825,
  "grannyFactor": 1.25,
  "theta1": [
    -1.8000000000000003,
    -1.8039600930340778,
    -1.8195479170654976,
    -1.8502033928874322,
    -1.8985938078374465,
    -1.9637074301525221,
    -2.042636058320457,
    -2.1320515402442863,
    -2.2284601811905183,
    -2.3282893899789294,
    -2.4279286825329107,
    -2.5237545379539035,
    -2.6121509141310413,
    -2.68953158314086,
    -2.752370835932961,
    -2.7972557589173563,
    -2.821
  ],
  "theta2": [
    0.284,
    0.2798601392377484,
    0.26330069658153393,
    0.2301818120639309,
    0.17636362694275953,
    0.10184614365593947,
    0.010769220562760735,
    -0.09272728275920201,
    -0.20450350634252284,
    -0.3204195900410941,
    -0.4363356736194671,
    -0.5481118968039044,
    -0.6516083993206682,
    -0.7426853209343097,
    -0.8172028014987213,
    -0.8710209810464765,
    -0.9
  ]
}