{
  "startPos": "score_mid_cube",
  "finalPos": "hold",
  "totalTime": 0.6986504492434042,
  "grannyFactor": 1.25,
  "theta1": [
    -1.8000000000000003,
    -1.7916743197574232,
    -1.7583716055606011,
    -1.7013441967307945,
    -1.6289177634757137,
    -1.5494179812212885,
    -1.471170526698009,
    -1.4025010766364288,
    -1.3517353064627589,
    -1.327198886386157,
    -1.3348693950207111,
    -1.3664211588986706,
    -1.41352849911581,
    -1.4678657350283597,
    -1.5211071851623386,
    -1.5649271675693648,
    -1.5909999999999986
  ],
  "theta2": [
    0.284,
    0.27567433165925426,
    0.25781732344044966,
    0.238754637702083,
    0.22681194464716792,
    0.23031491593084785,
    0.2575892217597237,
    0.3169605245144164,
    0.4078602465847673,
    0.5219627196297403,
    0.6509422669197318,
    0.7864732090673466,
    0.9202298654288374,
    1.0438865546488352,
    1.1491175949239192,
    1.2275973041480142,
    1.2710000000000008
  ]
}