{
  "startPos": "defense",
  "finalPos": "double_substation",
  "totalTime": 0.8641283882170573,
  "grannyFactor": 1.25,
  "theta1": [
    -2.7029999999999994,
    -2.702574877803275,
    -2.6855465294442062,
    -2.6361617734603575,
    -2.5386674808957364,
    -2.377740251684668,
    -2.1691333418394847,
    -1.9286001045965522,
    -1.671893922579395,
    -1.4147681917467614,
    -1.17297631535213,
    -0.9622717011079347,
    -0.7984077596634345,
    -0.6971378874196578,
    -0.6448155585030214,
    -0.6256873927949208,
    -0.6239999999999999
  ],
  "theta2": [
    -0.9149999999999999,
    -0.8992465803461369,
    -0.8362329043364375,
    -0.7164233557446843,
    -0.5555713505394564,
    -0.36943030671344707,
    -0.1737536428261015,
    0.015705222421446997,
    0.18319287046975316,
    0.3129558833261233,
    0.3892408450219762,
    0.40736769932666556,
    0.3830898632882976,
    0.3321607559268971,
    0.2703337966590401,
    0.21336240494464032,
    0.17699999999999988
  ]
}