{
  "startPos": "defense",
  "finalPos": "score_high_cone",
  "totalTime": 0.6804646302790651,
  "grannyFactor": 1.25,
  "theta1": [
    -2.933,
    -2.9253076913670077,
    -2.8945384574287063,
    -2.832999990753407,
    -2.7329999857612637,
    -2.594538446136953,
    -2.4253076768816215,
    -2.2329999848377353,
    -2.025307677436984,
    -1.8099230623811182,
    -1.5945384475069182,
    -1.3868461407090351,
    -1.1945384498821199,
    -1.0253076828629535,
    -0.8868461473532875,
    -0.7868461507848131,
    -0.733
  ],
  "theta2": [
    -0.8150000000000001,
    -0.8075455147460594,
    -0.7781014620890394,
    -0.720221047831396,
    -0.6316367453522789,
    -0.518046103916407,
    -0.38596672578820856,
    -0.24214498458993558,
    -0.09338141235537809,
    0.05358475724143928,
    0.19224112609138422,
    0.316459740996372,
    0.42082634369328753,
    0.5014572750008198,
    0.5577654061852844,
    0.5921809827058928,
    0.6080000000000001
  ]
}