{
  "startPos": "double_substation",
  "finalPos": "auto_start",
  "totalTime": 0.7142916478259866,
  "grannyFactor": 1.25,
  "theta1": [
    -0.8599999999999997,
    -0.8688974739581751,
    -0.9044873682148485,
    -0.9756671520727009,
    -1.088431425842624,
    -1.2338827217621506,
    -1.4031235690612511,
    -1.5872564961108933,
    -1.7773840310355509,
    -1.9646087020918903,
    -2.140033038164463,
    -2.2947595701284813,
    -2.419890833202495,
    -2.506529376793747,
    -2.5581621278454896,
    -2.5836865207424067,
    -2.592
  ],
  "theta2": [
    0.19200000000000006,
    0.20089746932180197,
    0.21958058885024975,
    0.23915189150235414,
    0.2507139072570786,
    0.24536916554935295,
    0.21422019635784878,
    0.14836953259777796,
    0.04906530862344312,
    -0.07479500624301284,
    -0.21431393953301664,
    -0.3605940177809889,
    -0.5047377672131865,
    -0.6378477139481288,
    -0.7510263841082523,
    -0.8353763039342683,
    -0.882
  ]
}