{
  "startPos": "double_substation",
  "finalPos": "intake",
  "totalTime": 0.850256051107722,
  "grannyFactor": 1.25,
  "theta1": [
    -0.6239999999999999,
    -0.6258580117643716,
    -0.6464388298441524,
    -0.7007492630073899,
    -0.803796113093317,
    -0.9611075319461683,
    -1.1576767010544753,
    -1.3784967892668318,
    -1.608560968245607,
    -1.8328624141669942,
    -2.036394311267837,
    -2.2041498610592667,
    -2.321122320350829,
    -2.3846868496608553,
    -2.409850143883769,
    -2.411618946253096,
    -2.405
  ],
  "theta2": [
    0.17699999999999988,
    0.1920068384425308,
    0.2374830611085168,
    0.29842183014775275,
    0.3598163069201324,
    0.4066596526339136,
    0.42394502862659283,
    0.3966655969367094,
    0.3098145219823451,
    0.17258621986375633,
    -1.247492777168371e-05,
    -0.1929747255638953,
    -0.39129369452381074,
    -0.5799625440443533,
    -0.7439744363623585,
    -0.8683225339570221,
    -0.9380000000000001
  ]
}