{
  "startPos": "intake",
  "finalPos": "score_mid_cone",
  "totalTime": 0.5852939187836532,
  "grannyFactor": 1.25,
  "theta1": [
    -2.4,
    -2.4023023554258147,
    -2.406942569671415,
    -2.4101912866508752,
    -2.4080379932003364,
    -2.3964320313613743,
    -2.3714579846141555,
    -2.3297673823452985,
    -2.272184345614969,
    -2.2025958276016104,
    -2.125397070670587,
    -2.0451721865600643,
    -1.966599980291761,
    -1.8943910982981527,
    -1.8332621655655714,
    -1.787914657197951,
    -1.7629999999999997
  ],
  "theta2": [
    -0.9999999999999999,
    -0.9951048944089385,
    -0.9755244724839125,
    -0.9363636295226343,
    -0.8727272621928848,
    -0.7846153732207375,
    -0.6769230655102646,
    -0.5545454433278227,
    -0.4223776113757004,
    -0.28531467455598786,
    -0.14825173787067658,
    -0.016083906364573235,
    0.10629371491751517,
    0.21398602097359573,
    0.30209790690157606,
    0.36573426799916475,
    0.39999999999999997
  ]
}