{
  "startPos": "double_substation",
  "finalPos": "score_mid_cone",
  "totalTime": 0.5747247636162606,
  "grannyFactor": 1.25,
  "theta1": [
    -0.6239999999999999,
    -0.6280893945644005,
    -0.6449921865812062,
    -0.6793430171161201,
    -0.7357765185030579,
    -0.813575551335141,
    -0.9081054622681759,
    -1.0147315820266127,
    -1.1288192365163916,
    -1.2457337494569476,
    -1.3608404458421257,
    -1.469504652653901,
    -1.5670917002387719,
    -1.6489669253658776,
    -1.7104956797853395,
    -1.7470433688041893,
    -1.7629999999999995
  ],
  "theta2": [
    0.17699999999999988,
    0.1816346800696576,
    0.2001733997004244,
    0.23458374967708387,
    0.28023105088374595,
    0.3324806237047019,
    0.3866977883968708,
    0.4382478652111927,
    0.4824961745064714,
    0.5148080370547642,
    0.5305487750407955,
    0.5301368022172965,
    0.5182067955519399,
    0.4993934333685607,
    0.4783313943300342,
    0.45965535709923566,
    0.4480000000000001
  ]
}