{
  "startPos": "score_mid_cube",
  "finalPos": "intake",
  "totalTime": 0.5619380455143427,
  "grannyFactor": 1.25,
  "theta1": [
    -1.8000000000000003,
    -1.8040641225298775,
    -1.8198719659562572,
    -1.8499136615303415,
    -1.8921227254363215,
    -1.9432703919345362,
    -1.9998585568215579,
    -2.058320514225012,
    -2.1151374641195426,
    -2.1670032491099307,
    -2.211089197039013,
    -2.245496132555734,
    -2.269966247992796,
    -2.2856986780904323,
    -2.2945695032599045,
    -2.2986729664417,
    -2.3
  ],
  "theta2": [
    0.284,
    0.27966783152631364,
    0.2623391580364318,
    0.22768181187592118,
    0.17136362665324978,
    0.09338460488125641,
    -0.0019230874431838709,
    -0.11022728306746969,
    -0.22719581433716712,
    -0.34849651341366883,
    -0.4697972123662807,
    -0.5867657432248428,
    -0.695069938019195,
    -0.790377628818643,
    -0.8683566477845783,
    -0.9246748272625654,
    -0.955
  ]
}