{
  "startPos": "defense",
  "finalPos": "auto_start",
  "totalTime": 0.36552420745973907,
  "grannyFactor": 1.25,
  "theta1": [
    -2.933,
    -2.9318076920362577,
    -2.927038460352592,
    -2.9174999973318965,
    -2.901999995891413,
    -2.8805384570943535,
    -2.8543076878564935,
    -2.82449999562492,
    -2.7923076880167397,
    -2.7589230727269847,
    -2.7255384574896504,
    -2.6933461500554303,
    -2.663538458175018,
    -2.637307689582409,
    -2.6158461519726353,
    -2.6003461529628034,
    -2.592
  ],
  "theta2": [
    -0.8150000000000001,
    -0.8152097031645533,
    -0.8159664823251958,
    -0.8174124255047265,
    -0.8196800652722377,
    -0.8228700135841834,
    -0.8270298452187751,
    -0.8321349350223524,
    -0.8380785052187744,
    -0.8446716640592641,
    -0.8516520824160461,
    -0.8586984938366755,
    -0.8654484761028104,
    -0.8715183521509158,
    -0.8765256606586754,
    -0.880116268429236,
    -0.882
  ]
}