{
  "startPos": "double_substation",
  "finalPos": "score_mid_cone",
  "totalTime": 0.49850559949745665,
  "grannyFactor": 1.25,
  "theta1": [
    -0.898,
    -0.9010244760293374,
    -0.9131223798280684,
    -0.9373181867807959,
    -0.9766363712782469,
    -1.0310769313428678,
    -1.0976153928945172,
    -1.1732272808648254,
    -1.2548881198691895,
    -1.3395734343780656,
    -1.4242587487894407,
    -1.5059195874702427,
    -1.5815314747873994,
    -1.6480699351388972,
    -1.702510492995193,
    -1.7418286729716836,
    -1.7629999999999995
  ],
  "theta2": [
    0.2899999999999999,
    0.2916264347191157,
    0.2971107222673758,
    0.30634357838533977,
    0.318744183359172,
    0.3334862217582689,
    0.3496437169192151,
    0.36628746626410674,
    0.3825560001366029,
    0.3977112955921195,
    0.4111822175733437,
    0.42259210141067993,
    0.4317649461806802,
    0.43870732441227334,
    0.443568261391939,
    0.44658233105820605,
    0.4480000000000001
  ]
}