{
  "startPos": "score_high_cube",
  "finalPos": "double_substation",
  "totalTime": 0.267063938256977,
  "grannyFactor": 1.25,
  "theta1": [
    -0.727,
    -0.7274650351099597,
    -0.729325175458334,
    -0.7330454559700038,
    -0.7390909112845631,
    -0.7474615408343432,
    -0.7576923100689003,
    -0.7693181841541286,
    -0.781874128165147,
    -0.794895107135468,
    -0.8079160860778007,
    -0.8204720299959386,
    -0.8320979038936747,
    -0.8423286727837175,
    -0.8506993016995787,
    -0.8567447557163755,
    -0.8599999999999997
  ],
  "theta2": [
    0.32199999999999995,
    0.32153811257926207,
    0.31969504403739935,
    0.31601793268764367,
    0.31006770371162445,
    0.30187601032836386,
    0.29187557276946086,
    0.2805140709401528,
    0.26824390699392603,
    0.25551962988543514,
    0.24279685823789782,
    0.23053167036167577,
    0.21918015008771255,
    0.20919793476182366,
    0.20103961357816275,
    0.19515767360636677,
    0.19200000000000006
  ]
}