{
  "startPos": "intake",
  "finalPos": "defense",
  "totalTime": 0.34946480287627674,
  "grannyFactor": 1.25,
  "theta1": [
    -2.405,
    -2.406041958290065,
    -2.4102097912937452,
    -2.4185454569842597,
    -2.4320909128464017,
    -2.4508461579083325,
    -2.4737692348378904,
    -2.4998181858172637,
    -2.527951052873233,
    -2.5571258779613504,
    -2.5863007030015517,
    -2.614433569898512,
    -2.640482520556904,
    -2.6634055968966646,
    -2.6821608408733457,
    -2.695706294513728,
    -2.7029999999999994
  ],
  "theta2": [
    -0.9380000000000001,
    -0.9377029556650528,
    -0.9367289479835629,
    -0.9351114815835518,
    -0.9329642650001473,
    -0.9304487182981744,
    -0.9277476546891043,
    -0.9250441524083012,
    -0.9225043094134948,
    -0.9202632142658393,
    -0.9184142637954329,
    -0.9170025828281905,
    -0.9160235143021608,
    -0.9154268569235675,
    -0.9151269996859432,
    -0.9150188670311818,
    -0.9149999999999999
  ]
}