{
  "startPos": "score_hybrid",
  "finalPos": "intake",
  "totalTime": 0.3961210521845639,
  "grannyFactor": 1.25,
  "theta1": [
    -2.688,
    -2.6867125275873898,
    -2.681833180676854,
    -2.6725869647416953,
    -2.6586445395350697,
    -2.640263332004132,
    -2.6180869958054482,
    -2.5929568962760063,
    -2.5658214216877555,
    -2.5376898686651956,
    -2.509605088970217,
    -2.4826242811056,
    -2.457802706373839,
    -2.4361767333921702,
    -2.4187421861092098,
    -2.4064209898887143,
    -2.4
  ],
  "theta2": [
    -0.5160000000000001,
    -0.5175174828362608,
    -0.523587413980122,
    -0.5357272758607485,
    -0.5554545502797554,
    -0.5827692359884831,
    -0.6161538513814252,
    -0.6540909142290919,
    -0.6950629421023187,
    -0.737552452480423,
    -0.7800419627969636,
    -0.8210139904658883,
    -0.8589510529011449,
    -0.8923356675362923,
    -0.919650351850648,
    -0.9393776234150472,
    -0.9499999999999998
  ]
}