{
  "startPos": "score_mid_cube",
  "finalPos": "double_substation",
  "totalTime": 0.6128365568893458,
  "grannyFactor": 1.25,
  "theta1": [
    -1.8000000000000003,
    -1.796445662502458,
    -1.7801636069898574,
    -1.7455347218391033,
    -1.6869399133029177,
    -1.6035810917108173,
    -1.5010773935491455,
    -1.3850479895758867,
    -1.2611120608079947,
    -1.1348887929020288,
    -1.011997374048644,
    -0.8980569939862345,
    -0.798686839925603,
    -0.7195060934152,
    -0.6661339168900368,
    -0.6361715956673909,
    -0.6239999999999999
  ],
  "theta2": [
    0.284,
    0.2896191936782443,
    0.31209596700941056,
    0.34586015828701366,
    0.3852925760283245,
    0.4247740275694742,
    0.4586853199636535,
    0.48140726025820346,
    0.4873206557623237,
    0.47080631484017704,
    0.43668909040466214,
    0.39058817474691504,
    0.3381227612058583,
    0.28491204335368225,
    0.23657521482602845,
    0.19873146922694596,
    0.17699999999999988
  ]
}