{
  "startPos": "intake",
  "finalPos": "score_high_cube",
  "totalTime": 0.7820910698050306,
  "grannyFactor": 1.25,
  "theta1": [
    -2.04,
    -2.0490192325017635,
    -2.064398046161052,
    -2.0744573988004604,
    -2.06751822452817,
    -2.0319014660457833,
    -1.955928130321529,
    -1.8362142645484647,
    -1.684438915125753,
    -1.5122811994032286,
    -1.3314202570333067,
    -1.1535352139339334,
    -0.9903051704695329,
    -0.853409169071059,
    -0.7545260466727948,
    -0.700282500933831,
    -0.6790000000000004
  ],
  "theta2": [
    -0.48699999999999977,
    -0.47532082912848284,
    -0.428604147132017,
    -0.33779016697052633,
    -0.21455805741009357,
    -0.07058698837253688,
    0.08244386989694558,
    0.23285534707287084,
    0.36896827291210865,
    0.4791034774993173,
    0.5515817920971532,
    0.5786685549757339,
    0.5720429339399377,
    0.5433840982890117,
    0.5043712176958226,
    0.46668346183316645,
    0.44199999999999995
  ]
}