{
  "startPos": "auto_start",
  "finalPos": "hold",
  "totalTime": 0.74634527842926623,
  "grannyFactor": 1.25,
  "theta1": [
    -2.592,
    -2.5995209804013895,
    -2.6070419608027797,
    -2.6235510963660302,
    -2.6481358849914365,
    -2.6794408431680048,
    -2.7177118449458053,
    -2.7630064176687021,
    -2.8122488230767524,
    -2.8611452104569768,
    -2.905496441738129,
    -2.9407936338368126,
    -2.9624014217703567,
    -2.9665872624328138,
    -2.9514984763523868,
    -2.9210757913127066,
    -2.8785219490414486,
    -2.8262094465886722,
    -2.7659358638121274,
    -2.6993076985652245,
    -2.6300342688009457,
    -2.5590913377018625,
    -2.4864480181638386,
    -2.4121240119551128,
    -2.3361733754586735,
    -2.2586697026447387,
    -2.1796693747597122,
    -2.0992745962432187,
    -2.0193502194649078,
    -1.9455504617385149,
    -1.8786566137135996,
    -1.8188636847339494,
    -1.7661413974922238,
    -1.7200092872315924,
    -1.6813401147778375,
    -1.6496742002685734,
    -1.6243025419230823,
    -1.6128213445588548,
    -1.60231133622697,
    -1.5918013278950853,
    -1.5909999999999986
  ],
  "theta2": [
    -0.882,
    -0.87590367183582463,
    -0.86980734367164925,
    -0.85639662096662617,
    -0.83628945190817339,
    -0.81031463400058745,
    -0.77764175604009722,
    -0.73685642988208078,
    -0.68831822337579429,
    -0.63284998700224682,
    -0.57038082471750329,
    -0.50096264818980774,
    -0.42450981493632844,
    -0.34113740215584176,
    -0.25391758490805061,
    -0.16665112230833423,
    -0.079384659708617744,
    0.0078818028910986986,
    0.095148265490814787,
    0.18211512554229145,
    0.26562426835187292,
    0.34620449705156908,
    0.42491286656711236,
    0.50241688476201629,
    0.57916350756098822,
    0.65546358876697486,
    0.731541031677176,
    0.807572775670224,
    0.88206867416158063,
    0.95007592249471773,
    1.0112173989784319,
    1.0655432133028866,
    1.1132513672391382,
    1.1548880634300942,
    1.1897258935150132,
    1.2182266062408071,
    1.2410503873210774,
    1.2513759434020848,
    1.2608276523833157,
    1.2702793613645467,
    1.2710000000000008
  ]
}