{
  "startPos": "score_mid_cone",
  "finalPos": "intake",
  "totalTime": 0.5838970307073176,
  "grannyFactor": 1.25,
  "theta1": [
    -1.7629999999999997,
    -1.7676269966986122,
    -1.785737885148276,
    -1.8204968450256689,
    -1.8692055013530375,
    -1.9279789616659002,
    -1.9926763495834399,
    -2.059083922218553,
    -2.123009607046322,
    -2.180397324070194,
    -2.227642671848652,
    -2.2622206818660158,
    -2.2843117304210385,
    -2.2961683758145948,
    -2.300703432528951,
    -2.300999527825423,
    -2.3
  ],
  "theta2": [
    0.39999999999999997,
    0.3951398594472234,
    0.3756992976732408,
    0.3368181750098076,
    0.27363635315221035,
    0.1861538348135213,
    0.07923075787235045,
    -0.042272738436908625,
    -0.17349651444601163,
    -0.309580430287866,
    -0.445664345995955,
    -0.5768881215611518,
    -0.6983916169743292,
    -0.8053146922689706,
    -0.8927972075779839,
    -0.9559790232331247,
    -0.9899999999999999
  ]
}