{
  "startPos": "intake",
  "finalPos": "score_mid_cone",
  "totalTime": 0.5919079687923606,
  "grannyFactor": 1.25,
  "theta1": [
    -2.4,
    -2.3992073974882144,
    -2.3956760861718256,
    -2.387508387906438,
    -2.3725584494518235,
    -2.3487585485272797,
    -2.3144585583084054,
    -2.2689200888763845,
    -2.2128847129534295,
    -2.1485057725791776,
    -2.078830965058683,
    -2.0074445072563036,
    -1.9382389136987248,
    -1.8752268157554781,
    -1.8224341121548746,
    -1.7837980826217619,
    -1.7629999999999995
  ],
  "theta2": [
    -0.9999999999999999,
    -0.9949370622252901,
    -0.9746853115756505,
    -0.9341818111853404,
    -0.8683636255898203,
    -0.7772307575771192,
    -0.6658461421739019,
    -0.5392727158000723,
    -0.4025734153213708,
    -0.2608111778078798,
    -0.1190489404318525,
    0.017650359590670708,
    0.1442237850436497,
    0.25560839875483216,
    0.3467412636541373,
    0.41255944287582674,
    0.4480000000000001
  ]
}