{
  "startPos": "double_substation",
  "finalPos": "auto_start",
  "totalTime": 0.8401864765434606,
  "grannyFactor": 1.25,
  "theta1": [
    -0.6239999999999999,
    -0.6201744226869345,
    -0.6231776197854227,
    -0.6474895322739768,
    -0.7075901020750482,
    -0.81795926677487,
    -0.9829619030981527,
    -1.1881180683295516,
    -1.418947814498998,
    -1.6609711926451096,
    -1.89970825358217,
    -2.1206790483557736,
    -2.309403629021205,
    -2.451402053078539,
    -2.5361809647611344,
    -2.5782203003461492,
    -2.592
  ],
  "theta2": [
    0.17699999999999988,
    0.19147994960961978,
    0.23566044258287183,
    0.29506153010510955,
    0.3552032621805719,
    0.4016056885415976,
    0.4197888589815111,
    0.39527282378397627,
    0.3135776358419328,
    0.1830398997474885,
    0.018139561177884442,
    -0.16664343165989823,
    -0.35682912987423077,
    -0.5379375844489157,
    -0.6954888464803983,
    -0.8150029674798613,
    -0.882
  ]
}