{
  "startPos": "auto_start",
  "finalPos": "double_substation",
  "totalTime": 1.3535033971320063,
  "grannyFactor": 1.25,
  "theta1": [
    -2.592,
    -2.5922753826887748,
    -2.5925507653775495,
    -2.5928261480663246,
    -2.5931976051478567,
    -2.5938240892692952,
    -2.5945162732522737,
    -2.595208240005987,
    -2.5957814470393727,
    -2.5960579287225642,
    -2.5957167448671368,
    -2.5943931405382656,
    -2.59152428771718,
    -2.5865447148652603,
    -2.5790618554321907,
    -2.5686294044546587,
    -2.5548261270960571,
    -2.5372268704633831,
    -2.5153217384956479,
    -2.4885557251837174,
    -2.4563208628344517,
    -2.4188084159125491,
    -2.3774097179553495,
    -2.3323416929484173,
    -2.28358373969268,
    -2.2314387740305253,
    -2.17601384826634,
    -2.1173694187860623,
    -2.0553359840309842,
    -1.9902075010037563,
    -1.9219948277711996,
    -1.8506729846163219,
    -1.7760043659622373,
    -1.6981419533108593,
    -1.6169784356291084,
    -1.5324057844818788,
    -1.4454031940385921,
    -1.3581367314388757,
    -1.2708702688391593,
    -1.1836038062394434,
    -1.0965521964237974,
    -1.0129316684100362,
    -0.93581383468595858,
    -0.86533251377219766,
    -0.8010752822480347,
    -0.74324493850420237,
    -0.69100897248467519,
    -0.64416948392201911,
    -0.60261215295327664,
    -0.56759255271552522,
    -0.54349985406160817,
    -0.52833441648656576,
    -0.520431441757973,
    -0.51882251654749822,
    -0.52248900517494545,
    -0.530116643652808,
    -0.54024545176915539,
    -0.55147742710899617,
    -0.56292476859203067,
    -0.57399456398295734,
    -0.58432864362479953,
    -0.59369732806390219,
    -0.6020956880556958,
    -0.60866393859842216,
    -0.6139433741799577,
    -0.61667974452811491,
    -0.61941611487627213,
    -0.62215248522442945,
    -0.624
  ],
  "theta2": [
    -0.882,
    -0.86899253980247826,
    -0.85598507960495651,
    -0.84297761940743476,
    -0.824936805218599,
    -0.79353508046492416,
    -0.7551806330639077,
    -0.71009781437723829,
    -0.657967740926144,
    -0.59897180192637434,
    -0.53265808339024345,
    -0.45936304703672115,
    -0.3790699270494734,
    -0.29317701565318133,
    -0.2059105530534647,
    -0.11864409045374846,
    -0.031377627854031948,
    0.055888834745684644,
    0.14315529734540089,
    0.23042175994511749,
    0.317688222544834,
    0.40325317624438711,
    0.48465159333809144,
    0.56261559357698632,
    0.63758556127241284,
    0.70998256131507409,
    0.7799319120510444,
    0.84745746093027852,
    0.9123531155092548,
    0.97474163218071641,
    1.0345142275508699,
    1.0915141852223826,
    1.1453547112753817,
    1.196000998046387,
    1.2431620550573277,
    1.2864591506054193,
    1.3249937113457684,
    1.3577653030092389,
    1.3846799256950439,
    1.4056399394336578,
    1.4203495730800846,
    1.4279615226785791,
    1.4283940109747464,
    1.4221391573807618,
    1.4095222112750805,
    1.3898984455379009,
    1.3633513332378251,
    1.3286065703352534,
    1.2823547927881278,
    1.2208737579539179,
    1.1524214476707468,
    1.0783324576801212,
    0.998118466745388,
    0.91220126236236621,
    0.82493479976265,
    0.73769138277007551,
    0.65312628809048312,
    0.57507733736660749,
    0.5039943072968448,
    0.44030535169135948,
    0.38346555758729184,
    0.33345066846227922,
    0.28946299355341254,
    0.25560241586801569,
    0.22842766106961818,
    0.21443438645204965,
    0.2004411118344811,
    0.18644783721691255,
    0.17700000000000005
  ]
}