{
  "startPos": "double_substation",
  "finalPos": "hold",
  "totalTime": 0.6404160310945958,
  "grannyFactor": 1.25,
  "theta1": [
    -0.8979999999999998,
    -0.8915875240975412,
    -0.8764341038456563,
    -0.8589522098624612,
    -0.8455543197015872,
    -0.8426529122010077,
    -0.8566604649145301,
    -0.8939894484614103,
    -0.95644171246836,
    -1.037604781033046,
    -1.131066170822678,
    -1.2304133961499877,
    -1.3292339702146856,
    -1.4211154055860327,
    -1.4996452144363395,
    -1.5584109086697775,
    -1.5909999999999986
  ],
  "theta2": [
    0.21699999999999992,
    0.2130797295826648,
    0.2077313688740899,
    0.20736738997209125,
    0.21840026821539962,
    0.24724247788342474,
    0.3003064849502573,
    0.3806089092007972,
    0.48173727759209733,
    0.5972791079819486,
    0.7208219153611619,
    0.8459532133725024,
    0.9662605148988178,
    1.0753313323465121,
    1.1667531778013462,
    1.2341135631220024,
    1.2710000000000008
  ]
}