{
  "startPos": "score_high_cone",
  "finalPos": "intake",
  "totalTime": 0.7554488463596675,
  "grannyFactor": 1.25,
  "theta1": [
    -0.733,
    -0.7435258020755179,
    -0.7856290086286408,
    -0.8698354165852019,
    -0.99578952620395,
    -1.1529655421945963,
    -1.3308376659362646,
    -1.5188800978394892,
    -1.7065670380059783,
    -1.8833726866095015,
    -2.0387712443337893,
    -2.162236913365137,
    -2.2432439029928894,
    -2.286997919488332,
    -2.30402474734744,
    -2.304850177281058,
    -2.3
  ],
  "theta2": [
    0.5499999999999999,
    0.5588140504914294,
    0.5747304167140536,
    0.5872233030401761,
    0.5857669120206909,
    0.5598354459590262,
    0.49890310808143606,
    0.3924441056826517,
    0.24926490320114064,
    0.07989129611031207,
    -0.1051509158333483,
    -0.295335931508608,
    -0.4801379491455508,
    -0.6490311667633578,
    -0.7914897823410216,
    -0.8969879939538863,
    -0.955
  ]
}