{
  "startPos": "defense",
  "finalPos": "score_mid_cone",
  "totalTime": 0.5779557971563045,
  "grannyFactor": 1.25,
  "theta1": [
    -2.821,
    -2.816677031904608,
    -2.799937224160081,
    -2.7675878774304157,
    -2.7177283362546683,
    -2.6511240980722555,
    -2.570280638811237,
    -2.4783828659593485,
    -2.378940420380098,
    -2.2756356554651087,
    -2.172244266853149,
    -2.0725920665600244,
    -1.9805219371703655,
    -1.8998585408735964,
    -1.8343606513048647,
    -1.787642923433061,
    -1.7629999999999995
  ],
  "theta2": [
    -0.9,
    -0.8952867128084744,
    -0.8764335643986513,
    -0.838727268300468,
    -0.7774545392967579,
    -0.6926153789851033,
    -0.5889230722184463,
    -0.47109090516692553,
    -0.34383216438229197,
    -0.21186013658815264,
    -0.07988810859797858,
    0.0473706327274235,
    0.1652028005084281,
    0.2688951078755934,
    0.3537342680070573,
    0.4150069941936002,
    0.4480000000000001
  ]
}