{
  "startPos": "defense",
  "finalPos": "intake",
  "totalTime": 0.38388138003357136,
  "grannyFactor": 1.25,
  "theta1": [
    -2.8,
    -2.798618880819498,
    -2.7930944042864327,
    -2.7820454516026283,
    -2.7640909045592785,
    -2.7392307643290703,
    -2.7088461489366344,
    -2.6743181769926188,
    -2.637027967295199,
    -2.5983566387284975,
    -2.559685310219615,
    -2.5223951007140673,
    -2.48786712915737,
    -2.4574825144766237,
    -2.432622375555951,
    -2.4146678311935266,
    -2.405
  ],
  "theta2": [
    -0.9,
    -0.8998440639567976,
    -0.8994374217655577,
    -0.8990001258418916,
    -0.8988172968917284,
    -0.8991739087593952,
    -0.9003071807475989,
    -0.9023705905147178,
    -0.9054095597994867,
    -0.9093514852052568,
    -0.9140110193409381,
    -0.9191076802918062,
    -0.924290175630038,
    -0.9291638992949308,
    -0.933320808979615,
    -0.9363737713172284,
    -0.9380000000000001
  ]
}