{
  "startPos": "hold",
  "finalPos": "score_high_cone",
  "totalTime": 0.68432512554073066,
  "grannyFactor": 1.25,
  "theta1": [
    -1.591,
    -1.5852959434965661,
    -1.5766387268390925,
    -1.559424048784448,
    -1.535119527111416,
    -1.5037044787682754,
    -1.4652974942436765,
    -1.4199226640362288,
    -1.3675850630704285,
    -1.3082388362507118,
    -1.2418977953738306,
    -1.1685835999901948,
    -1.0890983330430877,
    -1.012586213534505,
    -0.94262592636707809,
    -0.87956474547271157,
    -0.823173224181753,
    -0.77311679105963116,
    -0.72913299377140561,
    -0.69590118529338318,
    -0.67540377025300136,
    -0.66346872005354474,
    -0.65826649651105051,
    -0.65911126925946739,
    -0.665156574385721,
    -0.67430869377016567,
    -0.68449088445394379,
    -0.69463344933543869,
    -0.704079372420763,
    -0.71241197520667432,
    -0.71941514168350151,
    -0.72493180901178556,
    -0.72869225565427209,
    -0.73063595882179921,
    -0.73257966198932645,
    -0.733
  ],
  "theta2": [
    1.271,
    1.2715593400534273,
    1.2724104017891522,
    1.2741210651361432,
    1.2766137876994696,
    1.2800555350489706,
    1.2847024227684898,
    1.2908889349785762,
    1.2989426037091105,
    1.3091358569808522,
    1.321375123638121,
    1.3345411930468067,
    1.3469601882992441,
    1.35569893660362,
    1.3594300217709212,
    1.3574776835659854,
    1.3491503835844239,
    1.3330814552192702,
    1.3057106080313152,
    1.2657882898050183,
    1.2199516175144491,
    1.1678312232503409,
    1.1092600207465326,
    1.0437515604313667,
    0.97238797399718235,
    0.9045814491274613,
    0.84376788338916442,
    0.78981615729740806,
    0.74291981415421193,
    0.70317641228043182,
    0.67047963576115943,
    0.64501700334031664,
    0.627740741566928,
    0.61883349479611494,
    0.60992624802530171,
    0.608
  ]
}