{
  "startPos": "score_mid_cone",
  "finalPos": "intake",
  "totalTime": 0.5852939187834917,
  "grannyFactor": 1.25,
  "theta1": [
    -1.7629999999999997,
    -1.7675015631232875,
    -1.7848931122541687,
    -1.8178488556107129,
    -1.8649820234066454,
    -1.9231250093042713,
    -1.9886522682872614,
    -2.0577921477974384,
    -2.1267778427378556,
    -2.1919962766343453,
    -2.250276452513196,
    -2.2991889994931665,
    -2.337502836673953,
    -2.365406730665994,
    -2.3840645676396077,
    -2.395065726994928,
    -2.4
  ],
  "theta2": [
    0.39999999999999997,
    0.3951048944089408,
    0.3755244724839216,
    0.3363636295226524,
    0.27272726219290555,
    0.18461537322074723,
    0.07692306551026079,
    -0.04545455667219254,
    -0.17762238862432264,
    -0.3146853254440386,
    -0.45174826212934915,
    -0.5839160936354485,
    -0.7062937149175309,
    -0.813986020973605,
    -0.9020979069015798,
    -0.9657342679991652,
    -0.9999999999999999
  ]
}