{
  "startPos": "intake",
  "finalPos": "auto_start",
  "totalTime": 0.36516655149028243,
  "grannyFactor": 1.25,
  "theta1": [
    -2.3,
    -2.3011888114597143,
    -2.305944057127605,
    -2.3154545481174296,
    -2.330909095009641,
    -2.352307696743107,
    -2.3784615429040294,
    -2.408181822548339,
    -2.4402797245622785,
    -2.4735664377543167,
    -2.5068531508940373,
    -2.538951052734357,
    -2.5686713320281926,
    -2.594825177545127,
    -2.61622377809363,
    -2.6316783225599445,
    -2.64
  ],
  "theta2": [
    -0.9899999999999999,
    -0.9895007124335776,
    -0.9878313181811562,
    -0.9850097485907136,
    -0.9811890746068092,
    -0.9766047905898176,
    -0.9715341688682296,
    -0.9662657464984733,
    -0.9610754287981369,
    -0.9562069713327047,
    -0.9518561402715263,
    -0.9481591730584789,
    -0.9451870367421541,
    -0.9429470497306197,
    -0.9413926607473394,
    -0.9404412806569304,
    -0.9400000000000001
  ]
}