{
  "startPos": "intake",
  "finalPos": "score_high_cube",
  "totalTime": 0.8217667010601235,
  "grannyFactor": 1.25,
  "theta1": [
    -2.4,
    -2.4108056087202625,
    -2.429674312831172,
    -2.4430578784668002,
    -2.4374080546383325,
    -2.399176596664576,
    -2.3148153072238777,
    -2.1766596639949567,
    -1.998257905370834,
    -1.7931583199186893,
    -1.57490921204619,
    -1.3570588936164572,
    -1.1531556806977024,
    -0.976747891995597,
    -0.8413838479914423,
    -0.7606118581325095,
    -0.727
  ],
  "theta2": [
    -0.9499999999999998,
    -0.9364516735883798,
    -0.8822583691036849,
    -0.7738717635742974,
    -0.6247467664774852,
    -0.4484316996151975,
    -0.2584748869984887,
    -0.06842465325848152,
    0.10817067681859635,
    0.2577627786016372,
    0.36680332807994415,
    0.42174400345662044,
    0.4336570878269769,
    0.4160909041552743,
    0.38259377769100056,
    0.3467140343355708,
    0.32199999999999995
  ]
}