{
  "startPos": "auto_start",
  "finalPos": "score_high_cube",
  "totalTime": 0.804391550446655,
  "grannyFactor": 1.25,
  "theta1": [
    -2.592,
    -2.5935641309549373,
    -2.5855500177292665,
    -2.5552509045475653,
    -2.4899600156889163,
    -2.3769706668034813,
    -2.217290172245144,
    -2.02362532284195,
    -1.8086830222500907,
    -1.5851702089426594,
    -1.3657938375024188,
    -1.1632608714719854,
    -0.9902782799477654,
    -0.8595530357275541,
    -0.7805695511870577,
    -0.7406208624305548,
    -0.727
  ],
  "theta2": [
    -0.882,
    -0.8692930144458579,
    -0.8184650732031177,
    -0.7168091936030256,
    -0.576748490970253,
    -0.4109899469805291,
    -0.2322405451715238,
    -0.05320726960225288,
    0.11340289553792098,
    0.2548829661899435,
    0.35852595881603516,
    0.41162489174005185,
    0.4241065427435668,
    0.40867789449494796,
    0.37804593146578935,
    0.3449176384194308,
    0.32199999999999995
  ]
}