{
  "startPos": "score_mid_cone",
  "finalPos": "score_high_cone",
  "totalTime": 0.5283768106212885,
  "grannyFactor": 1.25,
  "theta1": [
    -1.7629999999999997,
    -1.7593986007481566,
    -1.744993004105527,
    -1.716181811582916,
    -1.669363626032112,
    -1.6045384501751887,
    -1.5253076806832564,
    -1.4352727156105272,
    -1.33803495341262,
    -1.2371957927196928,
    -1.1363566322437653,
    -1.0391188707260786,
    -0.9490839068974395,
    -0.8698531394428171,
    -0.8050279669501382,
    -0.7582097878146763,
    -0.733
  ],
  "theta2": [
    0.39999999999999997,
    0.4021079600563672,
    0.4092765101615324,
    0.4213180228615358,
    0.43732861094329156,
    0.4560273443723575,
    0.4759679777988941,
    0.4956771530490433,
    0.5137695295236522,
    0.5290670242895662,
    0.5407382299560127,
    0.5484490682578134,
    0.5524556930053274,
    0.5535117962181527,
    0.5526807762033288,
    0.5511438130066122,
    0.5499999999999999
  ]
}