{
  "startPos": "score_high_cube",
  "finalPos": "defense",
  "totalTime": 0.7789648903101362,
  "grannyFactor": 1.25,
  "theta1": [
    -0.727,
    -0.7357566522306713,
    -0.7735662627806387,
    -0.8519684966797598,
    -0.9825030159798934,
    -1.1563449217388644,
    -1.3619545447378025,
    -1.587792218031578,
    -1.8223182779301255,
    -2.0539930656579783,
    -2.2712769304260974,
    -2.462630235926703,
    -2.616513377447364,
    -2.7213868534481302,
    -2.7827328474208537,
    -2.8120907437631146,
    -2.821
  ],
  "theta2": [
    0.32199999999999995,
    0.333539677353347,
    0.3613321440553931,
    0.39383772329664724,
    0.4195167377292313,
    0.42682951001077724,
    0.40423636336946883,
    0.3401976229965505,
    0.23063421499069303,
    0.08708581335535895,
    -0.07890790596814162,
    -0.2558072664452793,
    -0.43207259130423786,
    -0.5961642037067617,
    -0.7365424268810383,
    -0.8416675842925475,
    -0.9
  ]
}