{
  "startPos": "double_substation",
  "finalPos": "score_mid_cube",
  "totalTime": 0.5055143834487424,
  "grannyFactor": 1.25,
  "theta1": [
    -0.898,
    -0.9011538466730041,
    -0.9137692330373798,
    -0.9390000051031399,
    -0.9800000078582776,
    -1.0367692392692414,
    -1.1061538546674183,
    -1.1850000083679832,
    -1.2701538543609234,
    -1.3584615464871812,
    -1.4467692385131767,
    -1.5319230841733926,
    -1.6107692372023108,
    -1.6801538513663514,
    -1.736923080506457,
    -1.777923078612615,
    -1.8000000000000003
  ],
  "theta2": [
    0.2899999999999999,
    0.2909727010333768,
    0.29399631790625,
    0.298615911114437,
    0.30408842998089874,
    0.3095713466357649,
    0.31424955019433665,
    0.3174325930802056,
    0.31863465609600466,
    0.31763587489361944,
    0.31451266080333345,
    0.30962729573355763,
    0.30358122003743565,
    0.29714614396415306,
    0.291183580649439,
    0.28655323215839434,
    0.284
  ]
}