{
  "startPos": "defense",
  "finalPos": "double_substation",
  "totalTime": 0.6892976114081887,
  "grannyFactor": 1.25,
  "theta1": [
    -2.821,
    -2.818584929632557,
    -2.803343961512786,
    -2.7672813310128923,
    -2.7024012729034728,
    -2.6007080247187684,
    -2.4635124812882854,
    -2.298810408346783,
    -2.1145975749780477,
    -1.918869751303988,
    -1.7196227079274788,
    -1.5248522156367632,
    -1.3425540452962195,
    -1.1807239677862866,
    -1.0473577539516448,
    -0.9504511745300684,
    -0.898
  ],
  "theta2": [
    -0.9,
    -0.8938332592567662,
    -0.8673380953248344,
    -0.8125193589204257,
    -0.7241349847915814,
    -0.6101804677216436,
    -0.4786514709637945,
    -0.33754370676150763,
    -0.19485290892311238,
    -0.05857482277703989,
    0.06329479943809442,
    0.16276021927484002,
    0.23182574241736706,
    0.2710868109138732,
    0.2885390804657169,
    0.29217824538903897,
    0.2899999999999999
  ]
}