{
  "startPos": "score_high_cube",
  "finalPos": "intake",
  "totalTime": 0.7901793445031031,
  "grannyFactor": 1.25,
  "theta1": [
    -0.727,
    -0.7363650056423232,
    -0.7765052587996774,
    -0.8594660079467027,
    -0.9894284958333531,
    -1.1543474536959903,
    -1.3421776029743109,
    -1.5408736668304233,
    -1.7383903709999697,
    -1.9226824453498321,
    -2.0817046271292488,
    -2.2034116694075565,
    -2.2757583755143536,
    -2.3095453912253054,
    -2.31681786957583,
    -2.309621007065925,
    -2.3
  ],
  "theta2": [
    0.32199999999999995,
    0.334045283728519,
    0.36302507975295645,
    0.39689410491429056,
    0.42360707548844506,
    0.43111870775537764,
    0.4073837185835969,
    0.34035682688506724,
    0.2258288542225416,
    0.07584508084732211,
    -0.09754921097328399,
    -0.28230873835483816,
    -0.4663882181660969,
    -0.6377423672067521,
    -0.7843259023457146,
    -0.8940935406989472,
    -0.955
  ]
}