{
  "startPos": "hold",
  "finalPos": "score_high_cube",
  "totalTime": 1.1247446513870367,
  "grannyFactor": 1.25,
  "theta1": [
    -1.5909999999999986,
    -1.5562622359918894,
    -1.4559371834607795,
    -1.3048432629048863,
    -1.1212272471268412,
    -0.9246025937882587,
    -0.734576949428837,
    -0.5693989137625279,
    -0.4441277057752316,
    -0.368540353699022,
    -0.34525731228552003,
    -0.36956302425343,
    -0.4309627122212126,
    -0.5149730227570288,
    -0.6045319313481768,
    -0.6812578363359263,
    -0.727
  ],
  "theta2": [
    1.2710000000000008,
    1.2362622359272384,
    1.162525951676917,
    1.0781293467332056,
    1.0069483713065164,
    0.9628244727144837,
    0.9437040985233599,
    0.9384889926033693,
    0.9332728237248252,
    0.9144839552751315,
    0.8713694301499457,
    0.7988476705155473,
    0.7000211857864224,
    0.5857063056161254,
    0.47193223412493407,
    0.37753625132460245,
    0.32199999999999995
  ]
}