{
  "startPos": "score_hybrid",
  "finalPos": "intake",
  "totalTime": 0.39243599196933887,
  "grannyFactor": 1.25,
  "theta1": [
    -2.688,
    -2.686741216969369,
    -2.681963318498613,
    -2.672896799216847,
    -2.6592074026134997,
    -2.641147993120876,
    -2.6193552063001193,
    -2.5946587112918347,
    -2.5679916909675313,
    -2.5403461544270125,
    -2.5127464168187688,
    -2.486230536420666,
    -2.461834605856655,
    -2.440576457312366,
    -2.423434831945106,
    -2.4113171518047145,
    -2.405
  ],
  "theta2": [
    -0.5160000000000001,
    -0.5174755247883992,
    -0.5233776237445399,
    -0.5351818212572647,
    -0.5543636410994875,
    -0.5809230820456731,
    -0.6133846205153841,
    -0.6502727323157554,
    -0.6901118930579447,
    -0.731426578263287,
    -0.7727412634082057,
    -0.8125804239498765,
    -0.8494685353454752,
    -0.8819300730714252,
    -0.9084895126490614,
    -0.9276713296895414,
    -0.9380000000000001
  ]
}