{
  "startPos": "score_mid_cone",
  "finalPos": "double_substation",
  "totalTime": 0.47044567199451054,
  "grannyFactor": 1.25,
  "theta1": [
    -1.3300000000000003,
    -1.3274580415084156,
    -1.3172902078258362,
    -1.2969545410348737,
    -1.2639090841032783,
    -1.218153838792248,
    -1.1622307618574255,
    -1.0986818109345644,
    -1.0300489439410532,
    -0.958874118923363,
    -0.8876992939925069,
    -0.8190664272871581,
    -0.7555174769459899,
    -0.6995944010800154,
    -0.6538391577357057,
    -0.6207937048304494,
    -0.6029999999999996
  ],
  "theta2": [
    1.0799999999999998,
    1.0776157513351874,
    1.0682914388362272,
    1.0500620624481385,
    1.0215170448836148,
    0.9831171041120471,
    0.9364606695709181,
    0.8834657680835759,
    0.8261868608047807,
    0.7667487145914614,
    0.7073139471330804,
    0.6500632004943776,
    0.5971798384779463,
    0.5508345584749993,
    0.5131652436335846,
    0.48624317841051756,
    0.4719999999999994
  ]
}