{
  "startPos": "intake",
  "finalPos": "double_substation",
  "totalTime": 0.749999045412471,
  "grannyFactor": 1.25,
  "theta1": [
    -2.4,
    -2.408351763511677,
    -2.423107434249076,
    -2.433967378730028,
    -2.430631961070044,
    -2.402801545058311,
    -2.340176495701429,
    -2.232457183373139,
    -2.0891614281618556,
    -1.9205888633434196,
    -1.7370391278456256,
    -1.5488118618870623,
    -1.3662067061730085,
    -1.1995233015654105,
    -1.059061288853862,
    -0.9551203084825586,
    -0.8979999999999998
  ],
  "theta2": [
    -0.9999999999999999,
    -0.9897003570693677,
    -0.9485017861166504,
    -0.8661046465214502,
    -0.7482731686331102,
    -0.6053069921443356,
    -0.4475057582258805,
    -0.2851691084164968,
    -0.12859668425113463,
    0.011911873115921097,
    0.12605692406910315,
    0.20353883384889632,
    0.24235800651362874,
    0.25281407337036516,
    0.2452066702580777,
    0.2298354338549797,
    0.21699999999999992
  ]
}