{
  "startPos": "score_mid_cube",
  "finalPos": "intake",
  "totalTime": 0.5671803072385456,
  "grannyFactor": 1.25,
  "theta1": [
    -1.8000000000000003,
    -1.8042959642993313,
    -1.8212028156930713,
    -1.8539412409974165,
    -1.899691591540309,
    -1.9547080143874758,
    -2.015066400705539,
    -2.076806229785797,
    -2.1360197087098283,
    -2.1890184725565756,
    -2.2325518817779826,
    -2.264409908877933,
    -2.28485641473302,
    -2.295950006618267,
    -2.300333074717493,
    -2.3007970573863457,
    -2.3
  ],
  "theta2": [
    0.284,
    0.2795454538919116,
    0.2617272698720126,
    0.22609090266682716,
    0.1681818082894565,
    0.08799998929982154,
    -0.01000001071722864,
    -0.12136364689757848,
    -0.24163637396774676,
    -0.3663636464666262,
    -0.49109091883929684,
    -0.6113636454906332,
    -0.7227272808255094,
    -0.8207272792890057,
    -0.9009090954200141,
    -0.9588181839450518,
    -0.9899999999999999
  ]
}