{
  "startPos": "score_high_cone",
  "finalPos": "hold",
  "totalTime": 0.69954333523378587,
  "grannyFactor": 1.25,
  "theta1": [
    -0.7330000000000001,
    -0.73109452799806007,
    -0.7291445312557987,
    -0.72623878464268254,
    -0.72118459639828758,
    -0.71465083919337768,
    -0.70680285084854233,
    -0.69774518214741921,
    -0.68776398075476375,
    -0.67734359544417577,
    -0.66721728369199107,
    -0.6586479600093027,
    -0.65396340644083839,
    -0.65455030618376875,
    -0.6608931096506192,
    -0.67391089465009479,
    -0.69517687116042837,
    -0.72886587730823316,
    -0.77293395959908229,
    -0.82301901054408921,
    -0.87940562519658938,
    -0.942580686503198,
    -1.0125528003958693,
    -1.0890522659412964,
    -1.1686226984343366,
    -1.2418997496600936,
    -1.3082131574636844,
    -1.367548127736157,
    -1.4199041384808198,
    -1.4652771836179384,
    -1.5037203638483381,
    -1.5350841380426345,
    -1.5594342896791391,
    -1.5766291523757532,
    -1.585244241490106,
    -1.591
  ],
  "theta2": [
    0.55,
    0.55896672282591442,
    0.56814296906909711,
    0.58183910395692406,
    0.60573577449562221,
    0.636880741896322,
    0.67487834220261789,
    0.71999460324993647,
    0.77225919584095748,
    0.83135762938421687,
    0.89752013291078947,
    0.97052183433427031,
    1.0428481823942752,
    1.1083264205720873,
    1.1670706694538164,
    1.2193036017747538,
    1.265374395693565,
    1.3054470579017676,
    1.3331314226053081,
    1.3496036845591339,
    1.3582276958242447,
    1.3602288960278037,
    1.3564981277431616,
    1.347645013014527,
    1.3350009360305339,
    1.3215850521959664,
    1.3091470402502221,
    1.2988269315259564,
    1.2907113367762912,
    1.2845235402118913,
    1.2799014004300457,
    1.2765124859739156,
    1.2740576658909624,
    1.2723825814280572,
    1.2715528471796791,
    1.271
  ]
}