{
  "startPos": "auto_start",
  "finalPos": "defense",
  "totalTime": 0.46277160769822584,
  "grannyFactor": 1.25,
  "theta1": [
    -2.34,
    -2.3389635906281785,
    -2.3355694877537188,
    -2.3299908592370455,
    -2.3226695801912354,
    -2.3141754460577926,
    -2.3051153922880108,
    -2.296071749018993,
    -2.2875566946415566,
    -2.2799775616026823,
    -2.273612285044908,
    -2.268596790250775,
    -2.2649265147711604,
    -2.262472880129668,
    -2.261013859195594,
    -2.26027760565081,
    -2.26
  ],
  "theta2": [
    -0.4219999999999999,
    -0.41958041914534266,
    -0.4099020960012912,
    -0.3905454502688034,
    -0.35909090250533393,
    -0.3155384544150865,
    -0.26230768517295217,
    -0.20181817480545147,
    -0.13648950361162637,
    -0.0687412520154246,
    -0.0009930005032467463,
    0.06433567041174108,
    0.12482518021637282,
    0.17805594842424785,
    0.22160839461141846,
    0.2530629384788427,
    0.2700000000000002
  ]
}