{
  "startPos": "intake",
  "finalPos": "double_substation",
  "totalTime": 0.8818827131819017,
  "grannyFactor": 1.25,
  "theta1": [
    -2.405,
    -2.4132790498785646,
    -2.421371711047814,
    -2.412533481703361,
    -2.3700198589864256,
    -2.27708634488172,
    -2.122408070767381,
    -1.9227295403878368,
    -1.6947952633570385,
    -1.4553497503962352,
    -1.2211375124772579,
    -1.0089030603135627,
    -0.8353909034907827,
    -0.7173455455127467,
    -0.6539282740310975,
    -0.628394592492631,
    -0.6239999999999999
  ],
  "theta2": [
    -0.9380000000000001,
    -0.9212554880746587,
    -0.8542774447915636,
    -0.7276920221197583,
    -0.5582437259178589,
    -0.362677065485927,
    -0.15773655113440876,
    0.039833306487840135,
    0.21328799676789414,
    0.34588300978252445,
    0.4208738383091109,
    0.43491815820220897,
    0.40476047833322326,
    0.3471453103795871,
    0.2788171665426982,
    0.21652055908975598,
    0.17699999999999988
  ]
}