{
  "startPos": "defense",
  "finalPos": "score_high_cone",
  "totalTime": 0.6804646302790902,
  "grannyFactor": 1.25,
  "theta1": [
    -2.933,
    -2.9253076913670073,
    -2.8945384574287054,
    -2.8329999907534065,
    -2.732999985761267,
    -2.5945384461369625,
    -2.425307676881636,
    -2.2329999848377535,
    -2.0253076774370045,
    -1.8099230623811382,
    -1.5945384475069364,
    -1.3868461407090502,
    -1.1945384498821312,
    -1.025307682862961,
    -0.8868461473532916,
    -0.7868461507848145,
    -0.733
  ],
  "theta2": [
    -0.8150000000000001,
    -0.8075012074896014,
    -0.7778133611342959,
    -0.719270495923148,
    -0.6299814099035648,
    -0.5160947576113497,
    -0.38437945526608763,
    -0.24178085288108672,
    -0.09528219184239538,
    0.04819207619948158,
    0.18192747855497718,
    0.2995718072431184,
    0.3955257135341455,
    0.46601140199746033,
    0.512367809999577,
    0.5387991531398336,
    0.5499999999999999
  ]
}