{
  "startPos": "defense",
  "finalPos": "intake",
  "totalTime": 0.42420301171773184,
  "grannyFactor": 1.25,
  "theta1": [
    -2.933,
    -2.92998209909688,
    -2.9220730017029575,
    -2.9083164237091634,
    -2.8882802234334646,
    -2.8603279443073419,
    -2.8249862313146825,
    -2.7826542545604882,
    -2.733347890238444,
    -2.6770624840763912,
    -2.6185651603355318,
    -2.5668184529627638,
    -2.5220468620868077,
    -2.4842713207203784,
    -2.4534984608320491,
    -2.4296602156822149,
    -2.4129632724015844,
    -2.404569356729481,
    -2.4
  ],
  "theta2": [
    -0.81500000000000006,
    -0.81887904901416086,
    -0.82902120038623162,
    -0.84644686644937273,
    -0.87085962959506369,
    -0.901879476925634,
    -0.9346197218252863,
    -0.96379337930977371,
    -0.98547588789503726,
    -0.99890468591394077,
    -1.0052816284319719,
    -1.0069087664102918,
    -1.0063284612991346,
    -1.0048773400024851,
    -1.0032671211604094,
    -1.001855661616341,
    -1.0008178611425094,
    -1.0002887511679355,
    -0.99999999999999989
  ]
}