{
  "startPos": "intake",
  "finalPos": "score_high_cone",
<<<<<<< HEAD
  "totalTime": 0.7506196908258337,
  "theta1": [
    -2.05,
    -2.0573796754318514,
    -2.0691934806742434,
    -2.075116187273474,
    -2.06482256566298,
    -2.0279873866400124,
    -1.9542854238541263,
    -1.8356574788181208,
    -1.6824287803102853,
    -1.5049245602335164,
    -1.3134700514752005,
    -1.1183904872412649,
    -0.9300111008663552,
    -0.7586571257191657,
    -0.6146537951266526,
    -0.5083263422747688,
    -0.44999999999999957
  ],
  "theta2": [
    -0.6,
    -0.5896747676737146,
    -0.5483738416429362,
    -0.46577199937143016,
    -0.3405852969820153,
    -0.1831389532478365,
    -0.00375819322517939,
    0.18723175639909595,
    0.3795056687917978,
    0.5627383182806557,
    0.7266044835054053,
    0.8607789523459027,
    0.9549365422518136,
    1.0096122749362002,
    1.0351313070862462,
    1.0418188212562591,
    1.0399999999999996
=======
  "totalTime": 0.7412725890608121,
  "grannyFactor": 1.25,
  "theta1": [
    -2.04,
    -2.046975200509538,
    -2.057956522641029,
    -2.0629996798135943,
    -2.05216038436611,
    -2.015494348991031,
    -1.943057289152129,
    -1.827483965784829,
    -1.678718665786181,
    -1.5067056790861655,
    -1.3213892965704206,
    -1.1327138094338052,
    -0.95062350899613,
    -0.7850626866102554,
    -0.64597563358852,
    -0.5433066411063732,
    -0.48699999999999977
  ],
  "theta2": [
    -0.48699999999999977,
    -0.47705570970379196,
    -0.43727855178179326,
    -0.3577242457296314,
    -0.2410298021528207,
    -0.09713949761582974,
    0.06400238504788544,
    0.23245156144497178,
    0.39826374719967245,
    0.5514946595553779,
    0.6822000223193226,
    0.7804355803471956,
    0.8374379120847693,
    0.8631512585311533,
    0.8675198800035576,
    0.8604880403835438,
    0.8519999999999995
>>>>>>> post_alexandria
  ]
}