{
  "startPos": "score_mid_cone",
  "finalPos": "auto_start",
  "totalTime": 0.5796657444277862,
  "grannyFactor": 1.25,
  "theta1": [
    -1.2999999999999998,
    -1.3043946146765897,
    -1.3214861970236946,
    -1.3546482200467904,
    -1.4057752887096393,
    -1.473564740398505,
    -1.5551391755971273,
    -1.6470974137798784,
    -1.7458178459869025,
    -1.8475900567660561,
    -1.9486843678722345,
    -2.0453923740747073,
    -2.1340616417031737,
    -2.2111344276640073,
    -2.2732003202182645,
    -2.3170813531659786,
    -2.34
  ],
  "theta2": [
    0.9380000000000004,
    0.9332447545621215,
    0.9142237732414172,
    0.8761818114717675,
    0.814363626030893,
    0.7287692195926839,
    0.6241538349594701,
    0.505272716269786,
    0.37688110808975184,
    0.24373425518146466,
    0.11058740240501,
    -0.01780420533753164,
    -0.13668532314407972,
    -0.24130070615454863,
    -0.3268951096068411,
    -0.3887132889348366,
    -0.4219999999999999
  ]
}