{
  "startPos": "score_high_cube",
  "finalPos": "auto_start",
  "totalTime": 1.2577208794037906,
  "grannyFactor": 1.25,
  "theta1": [
    -0.727,
    -0.72505676235368721,
    -0.72286360071420663,
    -0.72067043907472594,
    -0.71817697009931514,
    -0.71292647176134027,
    -0.70689111558147877,
    -0.699816573210684,
    -0.69180700285842389,
    -0.68310407120211347,
    -0.67402801299822035,
    -0.6650712128857339,
    -0.65693451637988032,
    -0.65085709356020127,
    -0.64866411464869267,
    -0.65203692232743027,
    -0.66239590902402767,
    -0.68199409542297618,
    -0.71411026774592812,
    -0.75258590059361108,
    -0.79657537064140416,
    -0.846422355221484,
    -0.9024405394630497,
    -0.9650076574747064,
    -1.0343876007521846,
    -1.11004683058813,
    -1.1912067284202283,
    -1.2768705634925417,
    -1.3641090167792231,
    -1.4507053417970242,
    -1.5347621533618461,
    -1.6160120959312789,
    -1.6945707533237893,
    -1.770512325241278,
    -1.8438773288071117,
    -1.9146289136902275,
    -1.982601815147494,
    -2.0479154008868989,
    -2.1105102793976473,
    -2.1700795146856224,
    -2.2266135111669834,
    -2.2800782712079259,
    -2.3302041207189124,
    -2.3767193332595689,
    -2.419644908296616,
    -2.4587685468569882,
    -2.4938239026011946,
    -2.5236644303385765,
    -2.5477420797917452,
    -2.5665058347585576,
    -2.5804453792981032,
    -2.5899745494685451,
    -2.5955538442527168,
    -2.598276707812079,
    -2.5991541309716557,
    -2.5987650944702478,
    -2.5977997706193507,
    -2.5965619240300644,
    -2.5953010136008583,
    -2.5942014277609791,
    -2.59338330600444,
    -2.59292220400296,
    -2.5924611020014803,
    -2.592
  ],
  "theta2": [
    0.32199999999999995,
    0.33371525742413333,
    0.34693723942309379,
    0.3601592214220542,
    0.37521698740384368,
    0.40712852197009808,
    0.44417231704225146,
    0.48830080410804788,
    0.53971517083536868,
    0.59816052844951717,
    0.663286587496152,
    0.73598813574494981,
    0.81530732912295889,
    0.900898124318509,
    0.98813310529296361,
    1.0733491778131157,
    1.1526263440035422,
    1.2260027861122871,
    1.2907687946587085,
    1.3357380833239503,
    1.366565781325594,
    1.3871057159038491,
    1.3987148267691565,
    1.4017413083143808,
    1.3959010837850538,
    1.3809190304297121,
    1.3566877092686747,
    1.3232474469075619,
    1.2817527125162196,
    1.2337876068789542,
    1.1812525053092311,
    1.1251639696026785,
    1.0661172466263862,
    1.0045674396147164,
    0.94086876323543545,
    0.87527042431340774,
    0.807928480333068,
    0.73913799156336535,
    0.66904025109927634,
    0.59765726538749608,
    0.52511342718401521,
    0.4514590280859625,
    0.37659105321928976,
    0.30025708869694118,
    0.2220634964143719,
    0.14103001107442706,
    0.0559301415498682,
    -0.031336321049848459,
    -0.11860278364956492,
    -0.20586924624928116,
    -0.29313570884899764,
    -0.37915957316075877,
    -0.45939766921680392,
    -0.53264243998920713,
    -0.59920011968589559,
    -0.6581340737940391,
    -0.71056173661486766,
    -0.75606228222223371,
    -0.79416619340438677,
    -0.82445515520333212,
    -0.84630911312212564,
    -0.85820607541475047,
    -0.87010303770737518,
    -0.882
  ]
}