{
  "startPos": "defense",
  "finalPos": "score_high_cone",
  "totalTime": 0.6966026994658806,
  "grannyFactor": 1.25,
  "theta1": [
    -2.7029999999999994,
    -2.700705814543028,
    -2.685570617439141,
    -2.6493417423047148,
    -2.583766520728574,
    -2.480592293610204,
    -2.3406261622891127,
    -2.172120796872871,
    -1.983328878757436,
    -1.782503092837059,
    -1.5778961256266524,
    -1.3777606642456894,
    -1.1903493960622968,
    -1.0239150084932689,
    -0.8867101888286886,
    -0.7869876239886779,
    -0.733
  ],
  "theta2": [
    -0.9149999999999999,
    -0.9067473106983558,
    -0.8737365541419232,
    -0.8077150429679354,
    -0.704315234467103,
    -0.5717898152803693,
    -0.41839147329513376,
    -0.25237289673052976,
    -0.08198677385417677,
    0.08451420724589995,
    0.23887735913401223,
    0.3728499955573099,
    0.47817943284368797,
    0.5466129957489217,
    0.585559166494201,
    0.6032706107004703,
    0.6080000000000001
  ]
}