{
  "startPos": "defense",
  "finalPos": "score_mid_cube",
  "totalTime": 0.85517719488501542,
  "grannyFactor": 1.25,
  "theta1": [
    -2.821,
    -2.8189387447112586,
    -2.816877489422517,
    -2.8142052127775776,
    -2.8091344223551471,
    -2.802385541529667,
    -2.7940889949425953,
    -2.7841335561174665,
    -2.7722941950692288,
    -2.7582721788158455,
    -2.74173664098584,
    -2.7220607048347407,
    -2.6985841557443715,
    -2.6706729885806393,
    -2.6392148833097036,
    -2.6040945611622464,
    -2.5649188817796356,
    -2.5213189339479558,
    -2.4729201126641578,
    -2.4194901255598467,
    -2.3626483302255554,
    -2.3033292017367537,
    -2.2415553394418932,
    -2.1773758281023916,
    -2.1111471824392343,
    -2.0465888128649783,
    -1.9854950157202338,
    -1.928638917201392,
    -1.8768284755870659,
    -1.8309890773387818,
    -1.7920264144962523,
    -1.7604592651701183,
    -1.751078183069489,
    -1.7534672251763439,
    -1.7595239261869717,
    -1.76678163534441,
    -1.7740847706146914,
    -1.7808858708533535,
    -1.7867664129838392,
    -1.7916045638830829,
    -1.7953805792724762,
    -1.7970549741876765,
    -1.7987293691028765,
    -1.8
  ],
  "theta2": [
    -0.9,
    -0.89025634232870376,
    -0.88051268465740762,
    -0.86789388878275275,
    -0.84399685555168491,
    -0.81239763349654959,
    -0.77398337424320662,
    -0.72873983589374447,
    -0.676463500771322,
    -0.61710182080882592,
    -0.55084999794072076,
    -0.4775190493772366,
    -0.39725455844130442,
    -0.31096685717499412,
    -0.22370039457527729,
    -0.13643393197556103,
    -0.049167469375844486,
    0.038098993223871939,
    0.12536545582358827,
    0.21259201634504613,
    0.29749117365469729,
    0.37948359281747795,
    0.45889564378671455,
    0.53563715476466123,
    0.60882323532108029,
    0.67387869752030594,
    0.728803563673862,
    0.7725302814195748,
    0.80351267015960959,
    0.8192829674471811,
    0.81426094381669223,
    0.76667936054106289,
    0.68809541036116173,
    0.61653145860421676,
    0.55190627411041993,
    0.494346919961524,
    0.44373319004715606,
    0.39987995899237394,
    0.36352387080203441,
    0.33421366679311854,
    0.31155753633118444,
    0.30156879500839268,
    0.29158005368560092,
    0.28400000000000003
  ]
}