{
  "startPos": "score_high_cube",
  "finalPos": "score_mid_cone",
  "totalTime": 0.5294007938399281,
  "grannyFactor": 1.25,
  "theta1": [
    -0.727,
    -0.7306223781917571,
    -0.745111890599449,
    -0.7740909146877054,
    -0.821181826800269,
    -0.8863846247068718,
    -0.966076932414048,
    -1.0566363728138128,
    -1.1544405684415362,
    -1.2558671416691247,
    -1.3572937147867534,
    -1.4550979100495702,
    -1.5456573497127224,
    -1.6253496560663854,
    -1.6905524514824657,
    -1.7376433584963322,
    -1.7629999999999997
  ],
  "theta2": [
    0.32199999999999995,
    0.32536018934097904,
    0.3382021564495572,
    0.35909860913886577,
    0.3851941694929717,
    0.41341352597131,
    0.4406300563331592,
    0.4637510015045038,
    0.47983680889095864,
    0.48652393963455165,
    0.48357868240492435,
    0.4730104951572901,
    0.45739251810593634,
    0.43949035428658273,
    0.42212648044307705,
    0.4080876336787463,
    0.39999999999999997
  ]
}