{
  "startPos": "intake",
  "finalPos": "auto_start",
  "totalTime": 0.32513852980090807,
  "grannyFactor": 1.25,
  "theta1": [
    -2.4,
    -2.400839161053929,
    -2.404195805134103,
    -2.4109090930201824,
    -2.4218181850690317,
    -2.436923080439402,
    -2.4553846189065505,
    -2.476363639825344,
    -2.499020982416122,
    -2.522517485837569,
    -2.546013989217539,
    -2.568671331670674,
    -2.589650352311617,
    -2.6081118902682223,
    -2.6232167846991734,
    -2.6341258748248104,
    -2.64
  ],
  "theta2": [
    -0.9999999999999999,
    -0.9995578830018534,
    -0.9980360948702223,
    -0.9953870397546282,
    -0.9916851172112063,
    -0.9870894892679014,
    -0.981811843961369,
    -0.9760921753916215,
    -0.9701805741759176,
    -0.964322827713745,
    -0.9587484371949262,
    -0.953660460137675,
    -0.9492272976327395,
    -0.9455771513195496,
    -0.9427962335316884,
    -0.9409317291960212,
    -0.9400000000000001
  ]
}