{
  "startPos": "score_hybrid",
  "finalPos": "score_mid_cone",
  "totalTime": 0.5168410679056495,
  "grannyFactor": 1.25,
  "theta1": [
    -2.688,
    -2.6846700837900777,
    -2.6714101518538738,
    -2.6450120878885794,
    -2.6024453699339185,
    -2.5440955369393863,
    -2.4729310902500647,
    -2.3920993096224534,
    -2.3048070193576016,
    -2.2142881216107884,
    -2.1237899508229017,
    -2.0365656577765106,
    -1.955868512712088,
    -1.884946109382736,
    -1.827032510091109,
    -1.7853345269254415,
    -1.7629999999999995
  ],
  "theta2": [
    -0.5160000000000001,
    -0.5126293700866767,
    -0.4991468507758768,
    -0.4721818128473225,
    -0.42836362814908113,
    -0.3676922988069002,
    -0.2935384526388551,
    -0.20927271852529414,
    -0.1182657256864938,
    -0.023888103498531033,
    0.07048951858461718,
    0.16149651107558832,
    0.24576224448702044,
    0.31991608936493804,
    0.3805874163332668,
    0.4244055961717347,
    0.4480000000000001
  ]
}