{
  "startPos": "defense",
  "finalPos": "intake",
  "totalTime": 0.34946480287627785,
  "grannyFactor": 1.25,
  "theta1": [
    -2.7029999999999994,
    -2.6994279422765213,
    -2.6890023074525429,
    -2.6715664899456861,
    -2.6471417996294493,
    -2.6157283824176778,
    -2.5773338220096158,
    -2.5334793830149782,
    -2.4946156560228556,
    -2.4627406606071816,
    -2.437831797262032,
    -2.4199115258126138,
    -2.4090922380706514,
    -2.4052154657546794,
    -2.405
  ],
  "theta2": [
    -0.91499999999999992,
    -0.9152756957303354,
    -0.91608035882077665,
    -0.91742607627935968,
    -0.919311203384304,
    -0.92173572887380328,
    -0.924699067428788,
    -0.928083806008911,
    -0.931083355407632,
    -0.93354350606051961,
    -0.93546600222474241,
    -0.93684911042385877,
    -0.93768415612206391,
    -0.93798337009275967,
    -0.93800000000000006
  ]
}