{
  "startPos": "intake",
  "finalPos": "score_mid_cone",
  "totalTime": 0.5887572767766333,
  "grannyFactor": 1.25,
  "theta1": [
    -2.04,
    -2.040734702168065,
    -2.0409407931093493,
    -2.0373086178546354,
    -2.0262196633264606,
    -2.0040566145537904,
    -1.96750383574965,
    -1.9144366339322314,
    -1.8468811984625344,
    -1.7686106143398932,
    -1.6839232308117231,
    -1.59735047342577,
    -1.5135504226276855,
    -1.4372248764720181,
    -1.3730823533628786,
    -1.3258061741583542,
    -1.2999999999999998
  ],
  "theta2": [
    -0.48699999999999977,
    -0.4820174818132653,
    -0.4620874095107585,
    -0.42222726580506403,
    -0.3574545347950922,
    -0.2677692192392789,
    -0.15815383460548607,
    -0.03359089774002461,
    0.10093707406969114,
    0.2404475633340743,
    0.37995805246245185,
    0.5144860238208284,
    0.6390489597752089,
    0.7486643427349216,
    0.8383496552103812,
    0.9031223799141763,
    0.9380000000000004
  ]
}