{
  "startPos": "hold",
  "finalPos": "score_mid_cube",
  "totalTime": 1.1247446516755493,
  "grannyFactor": 1.25,
  "theta1": [
    -1.5909999999999986,
    -1.5562622359564602,
    -1.4794037417382766,
    -1.3853004622295244,
    -1.2952670790187184,
    -1.225675962374406,
    -1.1870732387160674,
    -1.1836176158312384,
    -1.2139127607208129,
    -1.273039462780639,
    -1.3539339425497026,
    -1.4480697937392233,
    -1.54612976516867,
    -1.6385167749105263,
    -1.7160777617794838,
    -1.7714354878345107,
    -1.8000000000000003
  ],
  "theta2": [
    1.2710000000000008,
    1.2362622359479287,
    1.1630452967745204,
    1.0807975153194467,
    1.0154176956215448,
    0.981609043874414,
    0.9737061816537941,
    0.9772996937573937,
    0.9760137155164147,
    0.9546915065144648,
    0.9023093767513745,
    0.8154467485488742,
    0.7005013776017033,
    0.5712844888716383,
    0.4456568953407812,
    0.34332273423432064,
    0.284
  ]
}