{
  "startPos": "defense",
  "finalPos": "intake",
  "totalTime": 0.44922706349559666,
  "grannyFactor": 1.25,
  "theta1": [
    -2.933,
    -2.9286098897277841,
    -2.918899438208562,
    -2.9015306961129594,
    -2.8771378058216843,
    -2.84571559423272,
    -2.8073202467139851,
    -2.7619456837685252,
    -2.7095901785912693,
    -2.6502528128882905,
    -2.5855405041384336,
    -2.5258944354001138,
    -2.4732338171314865,
    -2.4275289103351665,
    -2.3888567010241992,
    -2.3571013794995119,
    -2.3324493876418186,
    -2.3146255939742679,
    -2.3052065662679428,
    -2.3002211131956631,
    -2.3
  ],
  "theta2": [
    -0.81500000000000006,
    -0.817635461918202,
    -0.82346035203640278,
    -0.83384046887413588,
    -0.84824901243629847,
    -0.86631065540625807,
    -0.88724679613187352,
    -0.90981176900491278,
    -0.93219216998556576,
    -0.95206784140419687,
    -0.9670739911870887,
    -0.97622582254033219,
    -0.981631893550519,
    -0.98486694778890349,
    -0.98684777469917084,
    -0.98812537386477528,
    -0.988974444324112,
    -0.989544888458946,
    -0.98983848789482909,
    -0.98999314088098078,
    -0.98999999999999988
  ]
}