{
  "startPos": "hold",
  "finalPos": "score_mid_cone",
  "totalTime": 1.124744651819156,
  "grannyFactor": 1.25,
  "theta1": [
    -1.5909999999999986,
    -1.556262235939673,
    -1.47954171205438,
    -1.3864735786369862,
    -1.2993541200390006,
    -1.2351074790199443,
    -1.2031646325583445,
    -1.2053983799184287,
    -1.2385216598998459,
    -1.2964712524073785,
    -1.371855289452841,
    -1.4567368369453555,
    -1.5430978599236567,
    -1.6232213630055334,
    -1.6901224516542257,
    -1.7380530278728459,
    -1.7629999999999995
  ],
  "theta2": [
    1.2710000000000008,
    1.2362622359597697,
    1.1626353934047589,
    1.078739286408684,
    1.0090888312210435,
    0.9686555355208449,
    0.9553894178642355,
    0.9573733178994326,
    0.9600761333355394,
    0.9497720526921309,
    0.9161732337290891,
    0.8551320655958784,
    0.7702745739049797,
    0.671875812197778,
    0.5744136554119267,
    0.4943554076738378,
    0.4480000000000001
  ]
}