{
  "startPos": "intake",
  "finalPos": "defense",
  "totalTime": 0.49946426639608216,
  "grannyFactor": 1.25,
  "theta1": [
    -2.05,
    -2.0513540169409628,
    -2.0559669883042924,
    -2.063993106710547,
    -2.075282859294144,
    -2.0894751002510765,
    -2.1060687763835206,
    -2.1244734761583537,
    -2.1440434557573558,
    -2.1640999201309077,
    -2.183945519030378,
    -2.20287448778431,
    -2.2201817534826347,
    -2.2351745726206684,
    -2.24719086865514,
    -2.255629554757724,
    -2.26
  ],
  "theta2": [
    -0.6,
    -0.5969580414512363,
    -0.5847902075760273,
    -0.5604545404728257,
    -0.520909083237787,
    -0.46615383785607795,
    -0.3992307609197621,
    -0.32318181001293583,
    -0.24104894303714627,
    -0.15587411803943876,
    -0.07069929313960777,
    0.011433573511374015,
    0.08748252376253389,
    0.1544055994940774,
    0.20916084265895918,
    0.2487062953556322,
    0.2700000000000002
  ]
}