{
  "startPos": "double_substation",
  "finalPos": "intake",
  "totalTime": 0.8573613951704232,
  "grannyFactor": 1.25,
  "theta1": [
    -0.6239999999999999,
    -0.6255329509076205,
    -0.6455179617835582,
    -0.6993412171501172,
    -0.8023888944972495,
    -0.9607262429611074,
    -1.158967068130506,
    -1.3817251627653053,
    -1.6136143224812085,
    -1.8392483474752102,
    -2.043241046125363,
    -2.2102062443416393,
    -2.3247578241512246,
    -2.3856269010538447,
    -2.4081995439920467,
    -2.4078618709725896,
    -2.4
  ],
  "theta2": [
    0.17699999999999988,
    0.19238621463777741,
    0.238408290690905,
    0.29968001412385037,
    0.36081517009805897,
    0.4064275436208659,
    0.42113091983113166,
    0.3895390845811084,
    0.2962658261433081,
    0.15181141182843694,
    -0.02843794774531094,
    -0.22909603958269298,
    -0.4347766499841579,
    -0.6300935650036464,
    -0.7996605706950993,
    -0.928091453358965,
    -0.9999999999999999
  ]
}