{
  "startPos": "intake",
  "finalPos": "hold",
  "totalTime": 0.76255585081962,
  "grannyFactor": 1.25,
  "theta1": [
    -2.405,
    -2.4079484026841533,
    -2.405968021825381,
    -2.3882332285778296,
    -2.343918403762339,
    -2.2624185918739204,
    -2.1545594361945293,
    -2.0311665993192145,
    -1.90306574972766,
    -1.7810825585676326,
    -1.6760426974811686,
    -1.5987718375267268,
    -1.5600956467429294,
    -1.5508060392238525,
    -1.5600773447862784,
    -1.577083889904189,
    -1.5909999999999986
  ],
  "theta2": [
    -0.9380000000000001,
    -0.927174324480458,
    -0.8838716233958352,
    -0.7972662242857276,
    -0.6649316544520584,
    -0.4976935847375525,
    -0.3063776878618391,
    -0.10180963676670617,
    0.105184896406616,
    0.3037802451800338,
    0.48315080819930956,
    0.6541222165320228,
    0.8236625650468478,
    0.9809461901086565,
    1.1151474202217797,
    1.215440581716425,
    1.2710000000000008
  ]
}