{
  "startPos": "double_substation",
  "finalPos": "intake",
  "totalTime": 0.8502560511083036,
  "grannyFactor": 1.25,
  "theta1": [
    -0.6239999999999999,
    -0.6258580117644088,
    -0.646438829844476,
    -0.7007492630083133,
    -0.8037961130952366,
    -0.9611075319476184,
    -1.157676701053959,
    -1.3784967892628213,
    -1.6085609682365474,
    -1.832862414151322,
    -2.0363943112440577,
    -2.2041498610264036,
    -2.3211223203144806,
    -2.3846868496350853,
    -2.409850143869028,
    -2.411618946247415,
    -2.405
  ],
  "theta2": [
    0.17699999999999988,
    0.1920068384425616,
    0.23748306110868214,
    0.29842183014812557,
    0.3598163069207548,
    0.40665965263479686,
    0.4239450286277175,
    0.39666559693802517,
    0.3098145219837711,
    0.17258621986515527,
    -1.247492650508913e-05,
    -0.19297472556283518,
    -0.3912936945230003,
    -0.5799625440438048,
    -0.7439744363620528,
    -0.8683225339569097,
    -0.9380000000000001
  ]
}