{
  "startPos": "double_substation",
  "finalPos": "score_high_cone",
  "totalTime": 0.395206219800625,
  "grannyFactor": 1.25,
  "theta1": [
    -0.6239999999999999,
    -0.6242138687181306,
    -0.6251215267391714,
    -0.6270872856893839,
    -0.6304538172977323,
    -0.6354692929774017,
    -0.6422383633242343,
    -0.6506970642796773,
    -0.6606153853640707,
    -0.6716213388217267,
    -0.6832339469962775,
    -0.6948963438160205,
    -0.7060063192847309,
    -0.7159453634893894,
    -0.7241092067457203,
    -0.729944623045442,
    -0.733
  ],
  "theta2": [
    0.17699999999999988,
    0.1785069933243002,
    0.18453496642124867,
    0.19659091220992805,
    0.2161818229847668,
    0.24330769750286635,
    0.27646154366500186,
    0.31413636875084416,
    0.35482517984131046,
    0.3970209839262226,
    0.43921678794985475,
    0.4799055988369607,
    0.5175804235122942,
    0.5507342689201293,
    0.5778601420502882,
    0.5974510499836881,
    0.6080000000000001
  ]
}