{
  "startPos": "intake",
  "finalPos": "score_hybrid",
  "totalTime": 0.3924359919693405,
  "grannyFactor": 1.25,
  "theta1": [
    -2.405,
    -2.4062566079907453,
    -2.4110238145039125,
    -2.4200669279526634,
    -2.4337197850166405,
    -2.451736268599355,
    -2.4734870736068193,
    -2.4981481542997304,
    -2.5247903314147755,
    -2.5524244228711956,
    -2.580027775794182,
    -2.606562706541454,
    -2.630991956673682,
    -2.652294637040169,
    -2.6694865191874704,
    -2.681651456095938,
    -2.688
  ],
  "theta2": [
    -0.9380000000000001,
    -0.936524475211601,
    -0.9306223762554601,
    -0.918818178742735,
    -0.8996363589005114,
    -0.8730769179543252,
    -0.8406153794846136,
    -0.803727267684242,
    -0.7638881069420523,
    -0.72257342173671,
    -0.6812587365917915,
    -0.641419576050121,
    -0.6045314646545228,
    -0.5720699269285733,
    -0.5455104873509378,
    -0.5263286703104584,
    -0.5160000000000001
  ]
}