{
  "startPos": "intake",
  "finalPos": "score_hybrid",
  "totalTime": 0.4116306133794451,
  "grannyFactor": 1.25,
  "theta1": [
    -2.04,
    -2.040509497331394,
    -2.0422056496795253,
    -2.0450899495402863,
    -2.0490431704353265,
    -2.0538668621525855,
    -2.059317187665407,
    -2.065131445405374,
    -2.0710485839064474,
    -2.0768248264340197,
    -2.0822450866981095,
    -2.087130509724036,
    -2.0913422926777328,
    -2.0947819187676218,
    -2.0973880171492447,
    -2.099130164522511,
    -2.1
  ],
  "theta2": [
    -0.48699999999999977,
    -0.4852972024529733,
    -0.47848601248211076,
    -0.4648636329799841,
    -0.4427272675168184,
    -0.41207691744096564,
    -0.3746153789704351,
    -0.3320454489970381,
    -0.2860699246282028,
    -0.23839160307018178,
    -0.19071328157863987,
    -0.1447377574304185,
    -0.10216782790235908,
    -0.0647062902501264,
    -0.03405594167997303,
    -0.01191957929932708,
    2.1321740438355228e-16
  ]
}