{
  "startPos": "intake",
  "finalPos": "score_high_cone",
  "totalTime": 0.7492725474137111,
  "grannyFactor": 1.25,
  "theta1": [
    -2.3,
    -2.3076081580945966,
    -2.3201628999631043,
    -2.3273944880263615,
    -2.3190331839287714,
    -2.284809249569089,
    -2.214452948839819,
    -2.0991439754197727,
    -1.949152067114576,
    -1.7747469639107325,
    -1.5861984063147012,
    -1.3937761350359663,
    -1.2077498908675048,
    -1.0383894146153494,
    -0.8959644470345148,
    -0.7907447287381166,
    -0.733
  ],
  "theta2": [
    -0.9899999999999999,
    -0.9814157337237558,
    -0.9453937485959302,
    -0.8716647265125637,
    -0.7553147843631184,
    -0.6066134985353429,
    -0.43583054579638253,
    -0.2532356322218493,
    -0.06909847681295275,
    0.10631119451734931,
    0.26272366373214795,
    0.38986922968834276,
    0.47747824551706325,
    0.5270262120733026,
    0.5487827287930132,
    0.5530174425223321,
    0.5499999999999999
  ]
}