{
  "startPos": "intake",
  "finalPos": "score_mid_cube",
  "totalTime": 0.6758712856319425,
  "grannyFactor": 1.25,
  "theta1": [
    -2.05,
    -2.057537472000923,
    -2.078968702452224,
    -2.106756255982396,
    -2.1333626386096634,
    -2.151250341699148,
    -2.1528818566148082,
    -2.1307196893700437,
    -2.0772264046369298,
    -1.9995266716354474,
    -1.905157962600535,
    -1.801657810614025,
    -1.6965637682761743,
    -1.5974133975073654,
    -1.511744265554724,
    -1.4470939430460965,
    -1.4109999999999998
  ],
  "theta2": [
    -0.6,
    -0.5924624185285645,
    -0.5623120933412633,
    -0.5020114450154202,
    -0.41240451937796213,
    -0.3010288952326702,
    -0.1754221527095302,
    -0.04312187233147807,
    0.08833436524101812,
    0.2114089793474903,
    0.31856438946500293,
    0.4022630154635708,
    0.45496727853941593,
    0.4820555285573857,
    0.491065344940159,
    0.48953430846073126,
    0.4849999999999999
  ]
}