{
  "startPos": "defense",
  "finalPos": "score_mid_cube",
  "totalTime": 0.5558245486427688,
  "grannyFactor": 1.25,
  "theta1": [
    -2.7029999999999994,
    -2.699280775480916,
    -2.6850241236932426,
    -2.6576970480270483,
    -2.615867413326014,
    -2.5599951000405845,
    -2.491943920794894,
    -2.414251692939531,
    -2.3298126926405023,
    -2.2417298346367205,
    -2.153236487605065,
    -2.067649265225436,
    -1.9883333648172419,
    -1.9186586470268308,
    -1.8619495656386686,
    -1.821413491616822,
    -1.8000000000000003
  ],
  "theta2": [
    -0.9149999999999999,
    -0.9108076918249243,
    -0.8940384594717178,
    -0.860499995473268,
    -0.8059999935936402,
    -0.7305384555088635,
    -0.6383076870882664,
    -0.5334999954912276,
    -0.4203076882509621,
    -0.3029230730680828,
    -0.18553845772922142,
    -0.07234615006397922,
    0.0324615420837086,
    0.12469231087969423,
    0.20015384853637896,
    0.25465384737770635,
    0.284
  ]
}