{
  "startPos": "defense",
  "finalPos": "score_high_cube",
  "totalTime": 0.809134315672638,
  "grannyFactor": 1.25,
  "theta1": [
    -2.7029999999999994,
    -2.7029478068798936,
    -2.6898586347081284,
    -2.650799637738089,
    -2.5728379501648533,
    -2.443040800153231,
    -2.2678855480297053,
    -2.060305072566008,
    -1.8332323688490129,
    -1.5996004673054087,
    -1.3723424146609946,
    -1.164391266695749,
    -0.9886800847985985,
    -0.8581419340953813,
    -0.77963790809489,
    -0.7402349506494892,
    -0.727
  ],
  "theta2": [
    -0.9149999999999999,
    -0.90206692200227,
    -0.8503346109968478,
    -0.7468699919062001,
    -0.6041104804455923,
    -0.4349891506853139,
    -0.2524390785817881,
    -0.06939334061932395,
    0.10121498658577568,
    0.24645282654906625,
    0.3533871033136812,
    0.4090847428069767,
    0.4231667515582459,
    0.4085662046446599,
    0.3782161789686925,
    0.3450497517280852,
    0.32199999999999995
  ]
}