{
  "startPos": "hold",
  "finalPos": "double_substation",
  "totalTime": 1.1247446513682748,
  "grannyFactor": 1.25,
  "theta1": [
    -1.5909999999999986,
    -1.5562622359928626,
    -1.4560323323308482,
    -1.3049607980978661,
    -1.1210106186518534,
    -0.9233310222852863,
    -0.7310935878604367,
    -0.562019239833091,
    -0.430547763678074,
    -0.3459023192624695,
    -0.3106422079033187,
    -0.320794882237169,
    -0.3672105597605995,
    -0.4369751647975499,
    -0.5145107990420423,
    -0.5826395934645031,
    -0.6239999999999999
  ],
  "theta2": [
    1.2710000000000008,
    1.2362622359269269,
    1.1626060487389578,
    1.0784556405749421,
    1.007717553023029,
    0.9638051228495775,
    0.9434223705199474,
    0.9343764390102217,
    0.9218742832180385,
    0.8916538335021051,
    0.8326447166226502,
    0.7403234305268502,
    0.6195912843741049,
    0.48356575717367417,
    0.35046066079946675,
    0.24111920981935997,
    0.17699999999999988
  ]
}