{
  "startPos": "defense",
  "finalPos": "score_mid_cone",
  "totalTime": 0.5779558061622221,
  "grannyFactor": 1.25,
  "theta1": [
    -2.8,
    -2.7956545817738454,
    -2.778870033467104,
    -2.746565310910144,
    -2.6971178658840347,
    -2.631477006292411,
    -2.552089084372934,
    -2.4620250826176613,
    -2.364672866154426,
    -2.26360215900269,
    -2.162491454873199,
    -2.0650802796737135,
    -1.9751287431638995,
    -1.8963752364376176,
    -1.8324840664652389,
    -1.7869634765313724,
    -1.7629999999999995
  ],
  "theta2": [
    -0.9,
    -0.8952867126081003,
    -0.8764335634687747,
    -0.8387272660567464,
    -0.7774545351826624,
    -0.692615373504664,
    -0.5889230657946279,
    -0.47109089815276434,
    -0.3438321571043494,
    -0.21186012936948193,
    -0.07988810176567164,
    0.04737063884782411,
    0.165202805611748,
    0.2688951117085904,
    0.3537342704182528,
    0.41500699521545914,
    0.4480000000000001
  ]
}