{
  "startPos": "double_substation",
  "finalPos": "auto_start",
  "totalTime": 0.7102688250031166,
  "grannyFactor": 1.25,
  "theta1": [
    -0.898,
    -0.9067479898413557,
    -0.9417399476926815,
    -1.011723858922849,
    -1.1231521656934371,
    -1.2672768841157145,
    -1.4353500274113284,
    -1.6186236079766299,
    -1.8083496379711452,
    -1.9957801296813946,
    -2.1721670959971164,
    -2.3287625517205046,
    -2.4568185158263964,
    -2.5475870209203344,
    -2.602541467145753,
    -2.630429806321128,
    -2.64
  ],
  "theta2": [
    0.2899999999999999,
    0.29751888927875647,
    0.31132757929866905,
    0.3226780847351501,
    0.3228224189456113,
    0.30301259510838985,
    0.2545006270695663,
    0.1685385316189142,
    0.05180669781633573,
    -0.08694688912469455,
    -0.23897424089185917,
    -0.39552736818533746,
    -0.5478582813975905,
    -0.6872189908135519,
    -0.8048615067229226,
    -0.8920378395357408,
    -0.9400000000000001
  ]
}