{
  "startPos": "hold",
  "finalPos": "auto_start",
  "totalTime": 1.1247446510530528,
  "grannyFactor": 1.25,
  "theta1": [
    -1.5909999999999986,
    -1.5562622359547287,
    -1.4829277647157673,
    -1.4006945094489884,
    -1.3371529526216281,
    -1.3159519481944872,
    -1.3526467694998539,
    -1.4481514880927557,
    -1.5915988671349521,
    -1.7670941414364287,
    -1.9569574384780373,
    -2.1435549541737515,
    -2.310967128807294,
    -2.447190794232395,
    -2.5467032925024258,
    -2.609874104656579,
    -2.64
  ],
  "theta2": [
    1.2710000000000008,
    1.2362622359656636,
    1.1618354912008504,
    1.0747828301183202,
    0.9957201192306111,
    0.9291392702875568,
    0.8637550117640928,
    0.7834350227553133,
    0.6719914287887206,
    0.5168148061274422,
    0.31429436562076607,
    0.0740436986503912,
    -0.1854043225109039,
    -0.44118317581623784,
    -0.6686644480880681,
    -0.8429102858320631,
    -0.9400000000000001
  ]
}