{
  "startPos": "auto_start",
  "finalPos": "score_high_cone",
  "totalTime": 0.7104264324916527,
  "grannyFactor": 1.25,
  "theta1": [
    -2.64,
    -2.6400178349748145,
    -2.6313175719802473,
    -2.605145418149218,
    -2.5527475786421827,
    -2.465370267677902,
    -2.3371284496324627,
    -2.1767759210014135,
    -1.9930664892596204,
    -1.7947539652853661,
    -1.5905921615337537,
    -1.389334891048122,
    -1.199735967113758,
    -1.0305492030633094,
    -0.8905284121061432,
    -0.7884274070916547,
    -0.733
  ],
  "theta2": [
    -0.9400000000000001,
    -0.931246184862435,
    -0.8962309249945167,
    -0.8262004072988169,
    -0.7184852093764895,
    -0.5818391435407673,
    -0.42501602341422434,
    -0.2567696629592288,
    -0.08585387616864222,
    0.0789775232065987,
    0.2289707223141375,
    0.3553719102271672,
    0.44942728218087524,
    0.5071639756043649,
    0.5373357898718026,
    0.5486965297485692,
    0.5499999999999999
  ]
}