{
  "startPos": "score_mid_cone",
  "finalPos": "auto_start",
  "totalTime": 0.80413854599391765,
  "grannyFactor": 1.25,
  "theta1": [
    -1.33,
    -1.3296360995975369,
    -1.3278775090055843,
    -1.3259828376624723,
    -1.3216050410803848,
    -1.3159453888759298,
    -1.3095469242962454,
    -1.30413920880289,
    -1.3062516653677787,
    -1.3292341556131004,
    -1.3598736178984052,
    -1.3974536493995751,
    -1.4419919447673921,
    -1.4934984713483295,
    -1.5519987221844327,
    -1.6175085130442657,
    -1.6879710220742177,
    -1.7567129683086289,
    -1.8227872902839186,
    -1.8860208695698075,
    -1.946319423244617,
    -2.003582060189506,
    -2.0574277168144937,
    -2.1078643635806871,
    -2.1545325454401469,
    -2.1972761771310623,
    -2.2359285824018418,
    -2.2702980744035117,
    -2.2999451235693416,
    -2.3222546518997866,
    -2.3365998155611605,
    -2.3448086717949925,
    -2.3486459676596296,
    -2.3495969386411395,
    -2.3488495843330477,
    -2.3472292959412147,
    -2.3453296873392797,
    -2.3435399655106757,
    -2.3420603769268258,
    -2.3410989812032463,
    -2.3405494906016231,
    -2.34
  ],
  "theta2": [
    1.08,
    1.0815536424196357,
    1.0890617982884794,
    1.0971637677349504,
    1.1161975687643535,
    1.1418927954602769,
    1.1746652214579156,
    1.2144938328962052,
    1.2613248383993605,
    1.2876524970730263,
    1.2856171562964549,
    1.2706413924435576,
    1.2450642695526957,
    1.2094172291451051,
    1.1636564091674086,
    1.1074519752754215,
    1.0422265749907058,
    0.97434663102998087,
    0.9052706686534987,
    0.83542387678636265,
    0.76512762606501761,
    0.69457963721470239,
    0.62385982260848694,
    0.55291938293816523,
    0.48142233820447755,
    0.40848701395619358,
    0.33281306755739481,
    0.25293643890118589,
    0.16704593689339306,
    0.0806891319966653,
    0.00043957234405462252,
    -0.072855797563652069,
    -0.13916774866686094,
    -0.19847071109138975,
    -0.25089499271005294,
    -0.29630821292195253,
    -0.33457761682579257,
    -0.36568633619461322,
    -0.38968756080642175,
    -0.40487310037729085,
    -0.41343655018864545,
    -0.422
  ]
}