{
  "startPos": "defense",
  "finalPos": "intake",
  "totalTime": 0.44922706349559594,
  "grannyFactor": 1.25,
  "theta1": [
    -2.933,
    -2.9307867128767318,
    -2.9219335646423983,
    -2.9042272686972987,
    -2.875454539248826,
    -2.835615377902885,
    -2.786923070199868,
    -2.731590902482673,
    -2.671832161351,
    -2.6098601335222513,
    -2.5478881057726808,
    -2.4881293649037617,
    -2.432797197716969,
    -2.384104890988555,
    -2.344265731435922,
    -2.315493005658771,
    -2.3
  ],
  "theta2": [
    -0.8150000000000001,
    -0.8152422117712251,
    -0.8162172229918513,
    -0.8183137281118493,
    -0.8219636307255271,
    -0.8275567773839309,
    -0.8353578843919393,
    -0.845441047419151,
    -0.857650994849394,
    -0.8716007588047238,
    -0.8867011865562355,
    -0.9022065716340978,
    -0.9172637092597217,
    -0.9309601810733638,
    -0.9423742546564547,
    -0.9506339378731596,
    -0.955
  ]
}