{
  "startPos": "auto_start",
  "finalPos": "score_hybrid",
  "totalTime": 0.37424704378331974,
  "grannyFactor": 1.25,
  "theta1": [
    -2.592,
    -2.5924616234030604,
    -2.594071074306302,
    -2.59698162647934,
    -2.601266302038594,
    -2.6069129480512756,
    -2.6138242290422484,
    -2.621822460323333,
    -2.6306582903125553,
    -2.640021907573524,
    -2.649555687686777,
    -2.658867734515672,
    -2.6675463666869983,
    -2.675176189160604,
    -2.68135705019978,
    -2.6857280613688808,
    -2.688
  ],
  "theta2": [
    -0.882,
    -0.8807202794357358,
    -0.8756013973582553,
    -0.8653636335666709,
    -0.8487272684202519,
    -0.8256923030335612,
    -0.7975384568722821,
    -0.7655454499590704,
    -0.7309930024948132,
    -0.6951608347620873,
    -0.6593286670843138,
    -0.6247762198024187,
    -0.5927832132573283,
    -0.5646293677724635,
    -0.5415944036304011,
    -0.524958041032028,
    -0.5160000000000001
  ]
}