{
  "startPos": "defense",
  "finalPos": "double_substation",
  "totalTime": 0.6191161995844076,
  "grannyFactor": 1.25,
  "theta1": [
    -2.26,
    -2.2542062929275812,
    -2.2310314651293535,
    -2.184681810527352,
    -2.1093636245765954,
    -2.0050769103273134,
    -1.8776153718454336,
    -1.7327727147211527,
    -1.576342645032434,
    -1.4141188690808009,
    -1.2518950932795558,
    -1.0954650240899078,
    -0.9506223679730648,
    -0.8231608313423301,
    -0.7188741204992265,
    -0.6435559415217175,
    -0.6029999999999996
  ],
  "theta2": [
    0.2700000000000002,
    0.27446722834060044,
    0.2904305818969083,
    0.3172645115012747,
    0.3522061388472176,
    0.39172741476887035,
    0.4320220975061355,
    0.46925530870577603,
    0.4997930210346844,
    0.5205877628837285,
    0.5301594170794861,
    0.5293846677594292,
    0.5206909920380992,
    0.5072089917373225,
    0.4923540954720178,
    0.4795618779673528,
    0.4719999999999994
  ]
}