{
  "startPos": "hold",
  "finalPos": "intake",
  "totalTime": 1.1247446508024017,
  "grannyFactor": 1.25,
  "theta1": [
    -1.5909999999999986,
    -1.5562622359631761,
    -1.4830507177272012,
    -1.4012149886093226,
    -1.3385341014585777,
    -1.3188295263909133,
    -1.3573733849878937,
    -1.453197552722008,
    -1.5932757397471256,
    -1.759815403528661,
    -1.9334071136012168,
    -2.094871627008236,
    -2.227251273222988,
    -2.3193456422380696,
    -2.371732586264898,
    -2.394257337235486,
    -2.4
  ],
  "theta2": [
    1.2710000000000008,
    1.2362622359697324,
    1.162353592980016,
    1.0771426008378926,
    1.0026654097352377,
    0.9447641843306793,
    0.8911494139232143,
    0.8240341285870127,
    0.7250717636664771,
    0.5787211095568549,
    0.3779572365508253,
    0.1318375077334363,
    -0.13948120003011025,
    -0.4108763587296935,
    -0.6549188128538944,
    -0.8436902863325169,
    -0.9499999999999998
  ]
}