{
  "startPos": "defense",
  "finalPos": "score_mid_cube",
  "totalTime": 0.5534969333475999,
  "grannyFactor": 1.25,
  "theta1": [
    -2.821,
    -2.817074926797866,
    -2.8016633626603777,
    -2.771421164496718,
    -2.7238028116174555,
    -2.6595129999478475,
    -2.581293422805582,
    -2.4923900170514783,
    -2.3962561872508648,
    -2.2964522621521177,
    -2.1965980225419606,
    -2.100344378313242,
    -2.011352002721457,
    -1.9332689713117956,
    -1.8697020073374158,
    -1.8241694854150323,
    -1.8000000000000003
  ],
  "theta2": [
    -0.9,
    -0.8958601396102647,
    -0.8793006982527215,
    -0.8461818159474397,
    -0.7923636334853599,
    -0.7178461516378734,
    -0.6267692293763528,
    -0.523272726518195,
    -0.4114965031105049,
    -0.2955804193014195,
    -0.17966433529187678,
    -0.06788811131157287,
    0.03560839239549318,
    0.12668531558196702,
    0.20120279801459917,
    0.25502097950630337,
    0.284
  ]
}