{
  "startPos": "auto_start",
  "finalPos": "score_mid_cube",
  "totalTime": 0.636131302700094,
  "grannyFactor": 1.25,
  "theta1": [
    -2.34,
    -2.3449794738783925,
    -2.3536335499070105,
    -2.35967771222336,
    -2.356827415055025,
    -2.3387981085576226,
    -2.2993052579409485,
    -2.2320643955335293,
    -2.1432669531236237,
    -2.0391974478371737,
    -1.9261404639279411,
    -1.8103806076919846,
    -1.698202495983719,
    -1.5958907516873064,
    -1.5097300015066717,
    -1.4460048747388343,
    -1.4109999999999998
  ],
  "theta2": [
    -0.4219999999999999,
    -0.41571536107823936,
    -0.3905768060098735,
    -0.34029969768792506,
    -0.2655503940869731,
    -0.1726135317657774,
    -0.06777374845784773,
    0.04268431775523214,
    0.15247602867005253,
    0.2553167460832034,
    0.34492183191309994,
    0.4150066484262289,
    0.4592865590638169,
    0.48214121194501874,
    0.4898552441767988,
    0.4887132940622387,
    0.4849999999999999
  ]
}