{
  "startPos": "score_mid_cone",
  "finalPos": "score_high_cube",
  "totalTime": 0.5294007938400879,
  "grannyFactor": 1.25,
  "theta1": [
    -1.7629999999999997,
    -1.759377621808239,
    -1.7448881094005328,
    -1.715909085312248,
    -1.6688181731996392,
    -1.6036153752930011,
    -1.5239230675857982,
    -1.4333636271860148,
    -1.3355594315582817,
    -1.2341328583306919,
    -1.13270628521307,
    -1.0349020899502688,
    -0.9443426502871407,
    -0.8646503439335099,
    -0.7994475485174672,
    -0.7523566415036387,
    -0.727
  ],
  "theta2": [
    0.39999999999999997,
    0.4032519949685986,
    0.41516216485540286,
    0.433279340233843,
    0.4545728295470965,
    0.47587477140427337,
    0.4939830216287093,
    0.5057232179178437,
    0.5080406463400361,
    0.49833517871536603,
    0.47818947466908146,
    0.4506917273590994,
    0.4191865682438036,
    0.3871084504268013,
    0.3579177174565917,
    0.3350729179738585,
    0.32199999999999995
  ]
}