{
  "startPos": "score_mid_cone",
  "finalPos": "defense",
  "totalTime": 0.577955806162221,
  "grannyFactor": 1.25,
  "theta1": [
    -1.7629999999999995,
    -1.7673673834536425,
    -1.7843723138031935,
    -1.8174190912594153,
    -1.8685788266270291,
    -1.9366577888641596,
    -2.0188277451220293,
    -2.1117214151368136,
    -2.2117343803454967,
    -2.3151464994183746,
    -2.4181864702073077,
    -2.5170724811686562,
    -2.608045500020127,
    -2.6874053071851614,
    -2.751559713851589,
    -2.7971063939329763,
    -2.821
  ],
  "theta2": [
    0.4480000000000001,
    0.44328671260810065,
    0.424433563468776,
    0.38672726605674995,
    0.3254545351826703,
    0.24061537350467624,
    0.1369230657946439,
    0.019090898152782823,
    -0.10816784289563064,
    -0.2401398706304979,
    -0.3721118982343091,
    -0.4993706388478069,
    -0.6172028056117337,
    -0.7208951117085797,
    -0.8057342704182461,
    -0.8670069952154562,
    -0.9
  ]
}