{
  "startPos": "auto_start",
  "finalPos": "double_substation",
  "totalTime": 0.7154625186478306,
  "grannyFactor": 1.25,
  "theta1": [
    -2.64,
    -2.6424734653408803,
    -2.640952571152605,
    -2.6264960211684,
    -2.5901625182108323,
    -2.5230107654001843,
    -2.416099468190813,
    -2.274200883414398,
    -2.106256307603312,
    -1.92120703984681,
    -1.7279943800397557,
    -1.5355596283376745,
    -1.3528440850014216,
    -1.1887890503197145,
    -1.0523358245471166,
    -0.9524257078228079,
    -0.898
  ],
  "theta2": [
    -0.9400000000000001,
    -0.9310586991089479,
    -0.8952934958051385,
    -0.8237630899760848,
    -0.7183744109904571,
    -0.588068758661476,
    -0.44178743330204184,
    -0.28847173535473214,
    -0.13706296527376802,
    0.003497576578936837,
    0.12426859018431567,
    0.21630877625786873,
    0.2706768378647634,
    0.296288695346938,
    0.30208564357604356,
    0.297008979483233,
    0.2899999999999999
  ]
}