{
  "startPos": "score_mid_cone",
  "finalPos": "double_substation",
  "totalTime": 0.5703378281292045,
  "grannyFactor": 1.25,
  "theta1": [
    -1.7629999999999995,
    -1.75847064295563,
    -1.740353215259934,
    -1.7041183608766703,
    -1.6452367254006377,
    -1.5658356763990817,
    -1.4704445674522473,
    -1.3635927537323804,
    -1.2498095908639615,
    -1.1336244345967659,
    -1.0195666405994666,
    -0.9121655641786885,
    -0.8159505594560965,
    -0.7354509777961635,
    -0.6751961598458235,
    -0.6395556100997515,
    -0.6239999999999999
  ],
  "theta2": [
    0.4480000000000001,
    0.4525293529132243,
    0.467425108698936,
    0.4881579159322023,
    0.5101984208076275,
    0.5290172689246907,
    0.5400851058828534,
    0.5388725778766371,
    0.520850333480681,
    0.48671313924464765,
    0.4409903480810609,
    0.3882113153822061,
    0.3329053973338761,
    0.2796019503507725,
    0.23283033090333782,
    0.19711989539883906,
    0.17699999999999988
  ]
}