{
  "startPos": "score_high_cone",
  "finalPos": "defense",
  "totalTime": 0.7050433970209206,
  "grannyFactor": 1.25,
  "theta1": [
    -0.733,
    -0.7415563309844904,
    -0.7757816540866419,
    -0.8442322985424294,
    -0.9554645907599768,
    -1.1044802894805563,
    -1.2827230697217242,
    -1.4816366037403577,
    -1.692664563007816,
    -1.9072506187754357,
    -2.1168384424291853,
    -2.31287170596629,
    -2.486794083360269,
    -2.630049253011596,
    -2.7340809082628397,
    -2.7948790633402636,
    -2.821
  ],
  "theta2": [
    0.6080000000000001,
    0.6121141854173485,
    0.6159004362944566,
    0.6108024326235578,
    0.5882638521964499,
    0.5397283735242994,
    0.4566396807581131,
    0.3383228673110802,
    0.1933342538326858,
    0.03023016715071157,
    -0.14243306396044056,
    -0.31609910981107414,
    -0.4822116401955247,
    -0.6322143247320537,
    -0.7575508330158179,
    -0.8496648347537712,
    -0.9
  ]
}