{
  "startPos": "score_mid_cone",
  "finalPos": "intake",
  "totalTime": 0.6039256065408554,
  "grannyFactor": 1.25,
  "theta1": [
    -1.2999999999999998,
    -1.3052704271197568,
    -1.3261690692056456,
    -1.367393157218322,
    -1.427078972254047,
    -1.5005941901858761,
    -1.5830572167295545,
    -1.669528826101816,
    -1.755100815624836,
    -1.8350340313330382,
    -1.9048947421298716,
    -1.960894888604927,
    -2.0010259532365695,
    -2.0268601896994656,
    -2.0413979432793314,
    -2.048011775198384,
    -2.05
  ],
  "theta2": [
    0.9380000000000004,
    0.932622376881409,
    0.9111118848746711,
    0.8680909018074529,
    0.798181806966102,
    0.7013846032530017,
    0.5830769109259675,
    0.44863635169320887,
    0.3034405477270618,
    0.15286712141258674,
    0.0022936952412066962,
    -0.14290210825007144,
    -0.27734266652424067,
    -0.3956503570898776,
    -0.49244755756192077,
    -0.5623566457680325,
    -0.6
  ]
}