{
  "startPos": "defense",
  "finalPos": "score_mid_cube",
  "totalTime": 0.718578624500217,
  "grannyFactor": 1.25,
  "theta1": [
    -2.26,
    -2.2589321692551563,
    -2.2566549319266591,
    -2.2519443421226426,
    -2.243309834594188,
    -2.2289762819364376,
    -2.2074453635658986,
    -2.1784476662991752,
    -2.1419359600809327,
    -2.0980298607576398,
    -2.0469461397275897,
    -1.9889003893369357,
    -1.9239404084149465,
    -1.8527531358753377,
    -1.7817394019698474,
    -1.7129585265316516,
    -1.6469839948482798,
    -1.5844463085434408,
    -1.5261293141284034,
    -1.4727937970785137,
    -1.4251978745638423,
    -1.384195772417314,
    -1.3494034370790833,
    -1.3355461930449022,
    -1.3369492545364543,
    -1.3438941883378166,
    -1.3529767863166318,
    -1.3626515393179921,
    -1.3721123170701832,
    -1.3809112627043185,
    -1.3887895601386038,
    -1.3955495582051269,
    -1.4010736118110843,
    -1.4055316504135333,
    -1.4074265951582157,
    -1.4092791261325972,
    -1.411
  ],
  "theta2": [
    0.27,
    0.27460129815840639,
    0.2840989150462731,
    0.30141849528054188,
    0.32591596494174258,
    0.35727667498292892,
    0.39573819037299907,
    0.4411008850956169,
    0.49342567674273052,
    0.55275857450293342,
    0.618688867731815,
    0.69061240851352723,
    0.76793049981030748,
    0.84896334313088118,
    0.92590940621016982,
    0.9961998764451141,
    1.0589686796938578,
    1.1131192289523426,
    1.157039113458497,
    1.1888208877893354,
    1.2055949854700503,
    1.200775168951286,
    1.1549726376261784,
    1.0678006593260883,
    0.98176976787022885,
    0.9019631091342768,
    0.82914735204279877,
    0.76345823899482634,
    0.70467999110442381,
    0.65285193925476892,
    0.6079300736082256,
    0.57011740135904576,
    0.53955275029996785,
    0.5150126378710248,
    0.50461159033348912,
    0.49444451434902581,
    0.485
  ]
}