{
  "startPos": "auto_start",
  "finalPos": "score_high_cone",
  "totalTime": 0.693827454834517,
  "grannyFactor": 1.25,
  "theta1": [
    -2.34,
    -2.3389888364661986,
    -2.3278009156307538,
    -2.2982817986268094,
    -2.242277045905122,
    -2.151632221051544,
    -2.0236916870769277,
    -1.8666098841038323,
    -1.688541256053617,
    -1.4976402480251818,
    -1.3020613056629855,
    -1.1099588748150107,
    -0.92948740141295,
    -0.768801331404884,
    -0.6360551106962393,
    -0.5394031850678985,
    -0.48699999999999977
  ],
  "theta2": [
    -0.4219999999999999,
    -0.41384555528026196,
    -0.3812277797172225,
    -0.3159922385061908,
    -0.21746151304335543,
    -0.09379003432345248,
    0.0468677602957712,
    0.19635743180536683,
    0.34652454104831193,
    0.48921465004356773,
    0.6162733251788435,
    0.7195461422040488,
    0.7908787068403484,
    0.8316359965892869,
    0.8499723792627798,
    0.854042249016066,
    0.8519999999999995
  ]
}