{
  "startPos": "auto_start",
  "finalPos": "score_mid_cone",
  "totalTime": 0.575371765947866,
  "grannyFactor": 1.25,
  "theta1": [
    -2.592,
    -2.58846589463385,
    -2.5753957770808222,
    -2.550924686073304,
    -2.514030900664733,
    -2.4647666644791153,
    -2.4042295815494956,
    -2.3343124003079025,
    -2.257453997219422,
    -2.176463964659843,
    -2.094407049571333,
    -2.0145208709337217,
    -1.940134563935093,
    -1.8745955210909524,
    -1.8211946898883562,
    -1.7830654993962418,
    -1.7629999999999995
  ],
  "theta2": [
    -0.882,
    -0.8773496497367546,
    -0.8587482491248125,
    -0.8215454488001873,
    -0.7610909009290325,
    -0.6773846076402695,
    -0.575076916321091,
    -0.45881817594507535,
    -0.33325873595485855,
    -0.20304894600565887,
    -0.07283915586368483,
    0.05272028464712619,
    0.16897902568063725,
    0.27128671740608507,
    0.3549930100563191,
    0.4154475540110237,
    0.4480000000000001
  ]
}