{
  "startPos": "intake",
  "finalPos": "score_hybrid",
  "totalTime": 0.4107836344981371,
  "grannyFactor": 1.25,
  "theta1": [
    -2.4,
    -2.40136537575104,
    -2.406466126783153,
    -2.416001433580128,
    -2.430195484846043,
    -2.4487594441543274,
    -2.471059297633666,
    -2.496264071922868,
    -2.5234289529041214,
    -2.5515426716506058,
    -2.5795578718183982,
    -2.6064136584469684,
    -2.6310554407475455,
    -2.6524558911338665,
    -2.6696413444196936,
    -2.6817306251291066,
    -2.688
  ],
  "theta2": [
    -0.9999999999999999,
    -0.9983076919648779,
    -0.9915384600407405,
    -0.9779999966302568,
    -0.9559999948109638,
    -0.9255384559256712,
    -0.8883076866859467,
    -0.8459999944743906,
    -0.8003076868883335,
    -0.7529230716235245,
    -0.7055384564249212,
    -0.6598461490585713,
    -0.6175384572905224,
    -0.5803076888657323,
    -0.5498461514799499,
    -0.5278461527305058,
    -0.5160000000000001
  ]
}