{
  "startPos": "defense",
  "finalPos": "double_substation",
  "totalTime": 0.8714595515358553,
  "grannyFactor": 1.25,
  "theta1": [
    -2.821,
    -2.8254789032821552,
    -2.822758304470314,
    -2.7966806472310863,
    -2.7310883555900385,
    -2.609823943743881,
    -2.427091411237044,
    -2.1990483503031735,
    -1.9418524628456242,
    -1.6716614847689637,
    -1.4046331677302875,
    -1.156925272153242,
    -0.944695563897319,
    -0.7841018124455467,
    -0.6878931427318946,
    -0.6399117939882046,
    -0.6239999999999999
  ],
  "theta2": [
    -0.9,
    -0.8838422188097731,
    -0.8192110970820411,
    -0.697043417727052,
    -0.5334969576454309,
    -0.3447294960938376,
    -0.14689881298862428,
    0.04383731158893397,
    0.21132109772248756,
    0.33939476615538683,
    0.41190053998706316,
    0.425575005515589,
    0.39657594089813925,
    0.34106112671077116,
    0.2751883442425495,
    0.2151153749143033,
    0.17699999999999988
  ]
}