{
  "startPos": "score_high_cube",
  "finalPos": "double_substation",
  "totalTime": 0.27486579654003745,
  "grannyFactor": 1.25,
  "theta1": [
    -0.727,
    -0.7265480326243403,
    -0.7248100282284401,
    -0.7214740519299296,
    -0.7163935632502315,
    -0.7096901463261749,
    -0.7016279731381377,
    -0.6925305825358195,
    -0.6827505817384389,
    -0.6726558969898654,
    -0.6626220180449237,
    -0.6530245373989526,
    -0.64423492420035,
    -0.6366155016185188,
    -0.6305105338336984,
    -0.6262220474190241,
    -0.6239999999999999
  ],
  "theta2": [
    0.32199999999999995,
    0.3214930068395191,
    0.31946503429446205,
    0.3154090894003599,
    0.30881817949490137,
    0.299692305179301,
    0.28853845902144615,
    0.27586363388966456,
    0.26217482274842535,
    0.24797901860626206,
    0.23378321449374082,
    0.22009440345087009,
    0.2074195785176583,
    0.1962657327246716,
    0.1871398590804437,
    0.18054895054944373,
    0.17699999999999988
  ]
}