{
  "startPos": "score_high_cone",
  "finalPos": "auto_start",
  "totalTime": 0.7270474791419144,
  "grannyFactor": 1.25,
  "theta1": [
    -0.48699999999999977,
    -0.49614435577194926,
    -0.5322598020816105,
    -0.6023663119350654,
    -0.7007340642463609,
    -0.8203542405792441,
    -0.9590782251327502,
    -1.1251208241392354,
    -1.3090996132903299,
    -1.5016319766192605,
    -1.6933352502539543,
    -1.87482675116227,
    -2.0367238122770366,
    -2.1696438022923865,
    -2.264204210594554,
    -2.31786217334819,
    -2.34
  ],
  "theta2": [
    0.8519999999999995,
    0.8604853114885567,
    0.8765585430461383,
    0.890836986626402,
    0.893937933281679,
    0.8764786739435063,
    0.8290765000055806,
    0.7423487049040784,
    0.6220714936484862,
    0.47762757416431756,
    0.3183996565212676,
    0.15377045147303095,
    -0.006877330010964175,
    -0.15416097688586797,
    -0.27869777810959717,
    -0.3711050227229313,
    -0.4219999999999999
  ]
}