{
  "startPos": "double_substation",
  "finalPos": "defense",
  "totalTime": 0.8424997454974309,
  "grannyFactor": 1.25,
  "theta1": [
    -0.6239999999999999,
    -0.6254876692674217,
    -0.6445505277975483,
    -0.6957884435292212,
    -0.7938012857669565,
    -0.9531889176208554,
    -1.159789221270467,
    -1.3990023262372469,
    -1.6562283657558774,
    -1.9168674786682396,
    -2.1663198129363628,
    -2.389985533086045,
    -2.5732648399184974,
    -2.7015580542452176,
    -2.7758786116956204,
    -2.8108260509593888,
    -2.821
  ],
  "theta2": [
    0.17699999999999988,
    0.19159988207213624,
    0.23598150914773391,
    0.295544999732466,
    0.3556904715621043,
    0.4018180422250984,
    0.4193278294373567,
    0.3936199516058914,
    0.3100945294682254,
    0.17745018857720893,
    0.010286807113505379,
    -0.1767957344449334,
    -0.3691975549401174,
    -0.5523187729760923,
    -0.7115595071568678,
    -0.8323198763243147,
    -0.9
  ]
}