{
  "startPos": "intake",
  "finalPos": "score_mid_cone",
  "totalTime": 0.5833363995506454,
  "grannyFactor": 1.25,
  "theta1": [
    -2.405,
    -2.4034776114252114,
    -2.3976789797917575,
    -2.3859872596525333,
    -2.3667185286604773,
    -2.3383946751261124,
    -2.3000590780038617,
    -2.2516589543216425,
    -2.1943020200008725,
    -2.1301240084142266,
    -2.0619635597416868,
    -1.993115538202652,
    -1.9271079679084917,
    -1.8675596224877227,
    -1.818080503814326,
    -1.7821635682824737,
    -1.7629999999999995
  ],
  "theta2": [
    -0.9380000000000001,
    -0.9331538454625393,
    -0.9137692277489807,
    -0.874999993204697,
    -0.8119999895359745,
    -0.7247692194506763,
    -0.6181538348172311,
    -0.4969999888572483,
    -0.3661538352253546,
    -0.23046152777464332,
    -0.09476922045744095,
    0.036076932731397525,
    0.15723077779701722,
    0.2638461607870918,
    0.35107692784852834,
    0.4140769253267005,
    0.4480000000000001
  ]
}