{
  "startPos": "intake",
  "finalPos": "auto_start",
  "totalTime": 0.36516655149028193,
  "grannyFactor": 1.25,
  "theta1": [
    -2.3,
    -2.3011888114597143,
    -2.305944057127605,
    -2.3154545481174296,
    -2.330909095009641,
    -2.352307696743107,
    -2.3784615429040294,
    -2.408181822548339,
    -2.4402797245622785,
    -2.4735664377543167,
    -2.5068531508940373,
    -2.538951052734357,
    -2.5686713320281926,
    -2.594825177545127,
    -2.61622377809363,
    -2.6316783225599445,
    -2.64
  ],
  "theta2": [
    -0.955,
    -0.9547045599295652,
    -0.9537514557559909,
    -0.95220361382355,
    -0.950207420393135,
    -0.9479536381421193,
    -0.9456466538633227,
    -0.9434800877590664,
    -0.9416171520290422,
    -0.9401752251690565,
    -0.93921513352532,
    -0.938736182725969,
    -0.9386778237795775,
    -0.938928147484789,
    -0.9393388267127037,
    -0.9397462959356893,
    -0.9400000000000001
  ]
}