{
  "startPos": "score_high_cone",
  "finalPos": "double_substation",
  "totalTime": 0.39520621980061965,
  "grannyFactor": 1.25,
  "theta1": [
    -0.733,
    -0.7321612327228982,
    -0.7292606345253811,
    -0.7242057543768864,
    -0.7171507901697047,
    -0.7084201836683489,
    -0.6984420695251397,
    -0.687699123674822,
    -0.6766916409521547,
    -0.6659074280275102,
    -0.655795008880937,
    -0.6467385386663057,
    -0.6390349198994164,
    -0.6328762243385898,
    -0.6283429744069603,
    -0.6254143546138127,
    -0.6239999999999999
  ],
  "theta2": [
    0.6080000000000001,
    0.6064930066756999,
    0.600465033578752,
    0.5884090877900738,
    0.5688181770152372,
    0.5416923024971395,
    0.5085384563350056,
    0.4708636312491644,
    0.43017482015869873,
    0.3879790160737867,
    0.3457832120501541,
    0.3050944011630473,
    0.26741957648771253,
    0.23426573107987567,
    0.20713985794971496,
    0.18754895001631325,
    0.17699999999999988
  ]
}