{
  "startPos": "intake",
  "finalPos": "defense",
  "totalTime": 0.39212576579111713,
  "grannyFactor": 1.25,
  "theta1": [
    -2.4,
    -2.4014720282844078,
    -2.4073601412248964,
    -2.4191363667069483,
    -2.4382727320010913,
    -2.4647692358837285,
    -2.4971538512765035,
    -2.533954550489601,
    -2.5736993056375383,
    -2.6149160887451517,
    -2.6561328717924364,
    -2.695877626740172,
    -2.732678325549137,
    -2.7650629401993267,
    -2.791559442715578,
    -2.8106958052124074,
    -2.821
  ],
  "theta2": [
    -0.9999999999999999,
    -0.9991111207709472,
    -0.9960357570759567,
    -0.9907301689435173,
    -0.9834395007894764,
    -0.9745825763608098,
    -0.964668031766392,
    -0.9542387214693879,
    -0.9438309396149801,
    -0.9339399631382637,
    -0.9249877920598946,
    -0.9172928127523803,
    -0.9110457494522617,
    -0.9063004908248609,
    -0.9029873766315263,
    -0.9009496386686957,
    -0.9
  ]
}