{
  "startPos": "score_high_cone",
  "finalPos": "score_mid_cone",
  "totalTime": 0.5283768102774503,
  "grannyFactor": 1.25,
  "theta1": [
    -0.733,
    -0.7366013992307239,
    -0.7510069957681398,
    -0.7798181880375968,
    -0.8266363730586299,
    -0.8914615483101124,
    -0.9706923172550997,
    -1.060727281906941,
    -1.1579650438504698,
    -1.2588042044762298,
    -1.359643365073424,
    -1.4568811268846007,
    -1.5469160911457576,
    -1.6261468591254038,
    -1.6909720321760509,
    -1.7377902118253505,
    -1.7629999999999997
  ],
  "theta2": [
    0.5499999999999999,
    0.5507670659819939,
    0.5528935127001717,
    0.5554973397958751,
    0.557377124966335,
    0.5572584421106052,
    0.5539798564480383,
    0.5466772297163989,
    0.5349815588428223,
    0.5191595637020734,
    0.500067185884237,
    0.4789804223868415,
    0.4574371117402294,
    0.43711297349552736,
    0.4197163345134145,
    0.40687774014168504,
    0.39999999999999997
  ]
}