{
  "startPos": "defense",
  "finalPos": "intake",
  "totalTime": 0.38388138003357136,
  "grannyFactor": 1.25,
  "theta1": [
    -2.8,
    -2.7962867667605229,
    -2.7859672511596321,
    -2.7685783893754752,
    -2.7441411898419275,
    -2.7127298091975085,
    -2.6743315628190349,
    -2.6289529383886276,
    -2.5781963143629367,
    -2.5325146284306221,
    -2.4938158526294547,
    -2.462099517801013,
    -2.4373597337112618,
    -2.419640838456564,
    -2.4088761703610619,
    -2.4051629371215855,
    -2.405
  ],
  "theta2": [
    -0.9,
    -0.90035722243822824,
    -0.90134998596438987,
    -0.90302283849046061,
    -0.90537375895191585,
    -0.9083956132923916,
    -0.91208962180475106,
    -0.9164551603575497,
    -0.92133807608660367,
    -0.92573276992313014,
    -0.92945569012678675,
    -0.93250688183180142,
    -0.9348869116936,
    -0.93659151427506493,
    -0.93762710259817628,
    -0.9379843250364045,
    -0.93800000000000006
  ]
}