{
  "startPos": "score_mid_cone",
  "finalPos": "intake",
  "totalTime": 0.5833363995506389,
  "grannyFactor": 1.25,
  "theta1": [
    -1.7629999999999995,
    -1.7672224793191644,
    -1.7832302100222719,
    -1.8130027953515377,
    -1.855753031270204,
    -1.9090690680389115,
    -1.9699590739105601,
    -2.0352141373792176,
    -2.1015916317904604,
    -2.165968665721209,
    -2.225550951682134,
    -2.278051336923013,
    -2.321882161057798,
    -2.3562819253079716,
    -2.381243316164029,
    -2.3972573804931283,
    -2.405
  ],
  "theta2": [
    0.4480000000000001,
    0.44315384546253983,
    0.4237692277489831,
    0.384999993204704,
    0.32199998953599007,
    0.23476921945070028,
    0.12815383481726228,
    0.006999988857284551,
    -0.12384616477460639,
    -0.25953847222531734,
    -0.39523077954252167,
    -0.5260769327313642,
    -0.6472307777969897,
    -0.7538461607870715,
    -0.8410769278485156,
    -0.9040769253266951,
    -0.9380000000000001
  ]
}