{
  "startPos": "score_high_cube",
  "finalPos": "double_substation",
  "totalTime": 0.2748657965400374,
  "grannyFactor": 1.25,
  "theta1": [
    -0.727,
    -0.7265484118936142,
    -0.7248120090982104,
    -0.7214792305648152,
    -0.716403192583441,
    -0.7097047210385165,
    -0.7016466852711432,
    -0.6925513726348423,
    -0.6827706440461861,
    -0.672672433719851,
    -0.6626327813479878,
    -0.6530281755205676,
    -0.6442318581517473,
    -0.6366089078057561,
    -0.6305066465623111,
    -0.626220700177746,
    -0.6239999999999999
  ],
  "theta2": [
    0.32199999999999995,
    0.3214930068395191,
    0.3194650342944621,
    0.3154090894003599,
    0.30881817949490137,
    0.299692305179301,
    0.28853845902144615,
    0.2758636338896646,
    0.26217482274842535,
    0.24797901860626206,
    0.23378321449374084,
    0.22009440345087009,
    0.2074195785176583,
    0.1962657327246716,
    0.1871398590804437,
    0.18054895054944373,
    0.17699999999999988
  ]
}