{
  "startPos": "defense",
  "finalPos": "score_mid_cone",
  "totalTime": 0.5582860300491409,
  "grannyFactor": 1.25,
  "theta1": [
    -2.933,
    -2.9287989907390757,
    -2.91206294028475,
    -2.8787281883978335,
    -2.824930165211411,
    -2.751134272396073,
    -2.6611194239769906,
    -2.558874229791272,
    -2.4484571961342128,
    -2.3339588540779084,
    -2.219485550108999,
    -2.109150250144758,
    -2.007065742538606,
    -1.9173378958698322,
    -1.844056688501718,
    -1.7912805754494554,
    -1.7629999999999997
  ],
  "theta2": [
    -0.8150000000000001,
    -0.8107517476185281,
    -0.7937587384922645,
    -0.759772721048389,
    -0.7045454449606358,
    -0.6280769127093473,
    -0.5346153742312408,
    -0.42840908070250366,
    -0.31370628369595444,
    -0.19475523496620126,
    -0.07580418635874675,
    0.038898610241951806,
    0.14510490295143783,
    0.23856643992421045,
    0.31503496940566483,
    0.3702622398229876,
    0.39999999999999997
  ]
}