{
  "startPos": "hold",
  "finalPos": "double_substation",
  "totalTime": 1.1247446513704502,
  "grannyFactor": 1.25,
  "theta1": [
    -1.5909999999999986,
    -1.5562622359926634,
    -1.4562820220525794,
    -1.3056743622408948,
    -1.122309142909099,
    -0.925236905028417,
    -0.7335394492068792,
    -0.5648592539311279,
    -0.4335742353394365,
    -0.3488776980001971,
    -0.31334577581549533,
    -0.32305946163733446,
    -0.36893735471719963,
    -0.43813716730278907,
    -0.5151520010234109,
    -0.582872128904509,
    -0.6239999999999999
  ],
  "theta2": [
    1.2710000000000008,
    1.2362622359269153,
    1.1626079895151635,
    1.078465539838684,
    1.0077497048281623,
    0.963886530381236,
    0.9435767570297601,
    0.9346126628507117,
    0.9221844558868728,
    0.8920134336573472,
    0.8330151329707736,
    0.7406610838225807,
    0.6198629650455878,
    0.48375539107059273,
    0.3505684222047566,
    0.24115944946626222,
    0.17699999999999988
  ]
}