{
  "startPos": "score_mid_cone",
  "finalPos": "score_hybrid",
  "totalTime": 0.5097750570463361,
  "grannyFactor": 1.25,
  "theta1": [
    -1.7629999999999997,
    -1.7662342662623793,
    -1.7791713309786075,
    -1.8050454597366454,
    -1.8470909170848655,
    -1.9053077009546044,
    -1.9764615471223617,
    -2.0573181903309714,
    -2.144643364992483,
    -2.235202805367336,
    -2.3257622456401634,
    -2.4130874199631114,
    -2.4939440624883273,
    -2.565097907400451,
    -2.6233146889599293,
    -2.665360141578826,
    -2.688
  ],
  "theta2": [
    0.39999999999999997,
    0.39677537134982827,
    0.3838905308405058,
    0.35814845650668076,
    0.31639457180993535,
    0.2587168197577698,
    0.1882547578005195,
    0.10819126515875445,
    0.02172298356819636,
    -0.06794715397406445,
    -0.1576130699147605,
    -0.24406733565468908,
    -0.32410251430382764,
    -0.39451250106501595,
    -0.4520943088889852,
    -0.4936511898550391,
    -0.5160000000000001
  ]
}