{
  "startPos": "double_substation",
  "finalPos": "intake",
  "totalTime": 0.8516754382526426,
  "grannyFactor": 1.25,
  "theta1": [
    -0.6239999999999999,
    -0.6258012821062097,
    -0.6462871922176,
    -0.7005398201886933,
    -0.80364124892376,
    -0.9611207318740774,
    -1.1578961694115704,
    -1.378885449229033,
    -1.6090064618417588,
    -1.8331771022928576,
    -2.0363152737110686,
    -2.2033388965529377,
    -2.3191659467453474,
    -2.3816635871699843,
    -2.4059137934445127,
    -2.4069985896835533,
    -2.4
  ],
  "theta2": [
    0.17699999999999988,
    0.19208211962062757,
    0.23767206741282573,
    0.2986877243502639,
    0.360046970614101,
    0.40666768623336685,
    0.4234677513667824,
    0.395365046876555,
    0.30727745601251216,
    0.1686489039533423,
    -0.005438493645116725,
    -0.19990261878203552,
    -0.3996613527617742,
    -0.5896325766455092,
    -0.7547341714944168,
    -0.879884018612857,
    -0.9499999999999998
  ]
}