{
  "startPos": "intake",
  "finalPos": "hold",
  "totalTime": 0.7625558508196278,
  "grannyFactor": 1.25,
  "theta1": [
    -2.405,
    -2.4079484026860873,
    -2.4059680218328108,
    -2.388233228594196,
    -2.343918403791166,
    -2.2624185919121373,
    -2.154559436239063,
    -2.031166599367097,
    -1.9030657497759822,
    -1.7810825586135182,
    -1.6760426975217662,
    -1.5987718375592093,
    -1.5600956467644815,
    -1.5508060392367478,
    -1.5600773447927128,
    -1.5770838899063302,
    -1.5909999999999986
  ],
  "theta2": [
    -0.9380000000000001,
    -0.9271743244804598,
    -0.8838716233958499,
    -0.7972662242857831,
    -0.6649316544542593,
    -0.49769358474397896,
    -0.3063776878745574,
    -0.10180963678776904,
    0.1051848963751761,
    0.30378024513629637,
    0.4831508081550945,
    0.6541222165002907,
    0.8236625650256266,
    0.9809461900958938,
    1.1151474202153864,
    1.2154405817142906,
    1.2710000000000008
  ]
}