{
  "startPos": "score_high_cube",
  "finalPos": "auto_start",
  "totalTime": 0.7772005042540103,
  "grannyFactor": 1.25,
  "theta1": [
    -0.727,
    -0.7286380341931729,
    -0.7450135479113712,
    -0.7875879686890855,
    -0.8678227253575709,
    -0.9971792408013841,
    -1.1654394641764956,
    -1.3611419655620844,
    -1.5728253185938545,
    -1.7890281022853889,
    -1.9982889044108092,
    -2.189146328696461,
    -2.3501390139863125,
    -2.4698057179821764,
    -2.5423640214781575,
    -2.579275047903038,
    -2.592
  ],
  "theta2": [
    0.32199999999999995,
    0.3334614409434761,
    0.36126788083000366,
    0.39395787935872956,
    0.4200699954549209,
    0.4281427879337153,
    0.40671481586861713,
    0.3443246399108138,
    0.23659700019568827,
    0.09499333538663562,
    -0.0690249142032073,
    -0.24399630775568235,
    -0.4184594042506312,
    -0.5809527626113425,
    -0.7200149418176843,
    -0.8241845010515673,
    -0.882
  ]
}