{
  "startPos": "score_hybrid",
  "finalPos": "defense",
  "totalTime": 0.38028432460542705,
  "grannyFactor": 1.25,
  "theta1": [
    -2.688,
    -2.6882433758203677,
    -2.6891657846933477,
    -2.6910290109571453,
    -2.69411015507145,
    -2.698655501904712,
    -2.7048373578077824,
    -2.712713041337206,
    -2.7221919228664344,
    -2.733021092483147,
    -2.744794314055519,
    -2.7569768065309552,
    -2.7689349375215215,
    -2.779964943834906,
    -2.789320286765874,
    -2.7962415100415607,
    -2.8
  ],
  "theta2": [
    -0.5160000000000001,
    -0.5173426576364558,
    -0.522713287996862,
    -0.5334545483424789,
    -0.5509090953561921,
    -0.575076927887189,
    -0.6046153894333248,
    -0.6381818229173675,
    -0.6744335710780567,
    -0.712027976569786,
    -0.7496223820047759,
    -0.7858741299771724,
    -0.8194405630811219,
    -0.8489790239288446,
    -0.873146855174734,
    -0.8906013995575298,
    -0.9
  ]
}