{
  "startPos": "score_hybrid",
  "finalPos": "auto_start",
  "totalTime": 0.39305497714635773,
  "grannyFactor": 1.25,
  "theta1": [
    -2.688,
    -2.687655996479116,
    -2.6865001908550457,
    -2.6845013886815803,
    -2.6817027917474934,
    -2.678204409744396,
    -2.6741471311550646,
    -2.669698747805695,
    -2.6650418586776756,
    -2.660363398521378,
    -2.6558455456700965,
    -2.6516578465815757,
    -2.6479505197078774,
    -2.6448490584398727,
    -2.642450440839806,
    -2.6408214700905916,
    -2.64
  ],
  "theta2": [
    -0.5160000000000001,
    -0.5174825177963798,
    -0.5234125887838198,
    -0.5352727303578816,
    -0.5545454592962543,
    -0.5812307743695346,
    -0.6138461589931176,
    -0.6509090959680371,
    -0.6909370678987317,
    -0.732447557299533,
    -0.7739580466397201,
    -0.8139860183692632,
    -0.8510489549381325,
    -0.8836643388156068,
    -0.910349652516018,
    -0.9296223786438044,
    -0.9400000000000001
  ]
}