{
  "startPos": "intake",
  "finalPos": "hold",
  "totalTime": 0.76255585081962785,
  "grannyFactor": 1.25,
  "theta1": [
    -2.405,
    -2.3971859020519846,
    -2.3893718041039693,
    -2.3731724351485979,
    -2.3489285552735981,
    -2.3176123727624112,
    -2.2835543151175361,
    -2.2647790450117351,
    -2.2820590448363554,
    -2.3318469301928779,
    -2.3893349251232157,
    -2.4536252212003142,
    -2.5251341375436605,
    -2.5997608942194357,
    -2.6713231577536733,
    -2.7395128359379104,
    -2.7894109132126843,
    -2.8067311833552551,
    -2.7964300432909739,
    -2.7662432111114295,
    -2.7209717819802468,
    -2.6642836920417681,
    -2.5986440858768782,
    -2.525780207368582,
    -2.4495519734758293,
    -2.3722357711791213,
    -2.293707210855624,
    -2.2140582839808278,
    -2.1333387395318248,
    -2.052058145252059,
    -1.9753203286637084,
    -1.90567694041287,
    -1.8440835359743195,
    -1.7904169757549155,
    -1.7440016563014098,
    -1.7045853722901216,
    -1.6713555884946159,
    -1.6441481785274454,
    -1.6225124417066736,
    -1.6065581799971387,
    -1.5996684751532562,
    -1.593263336120138,
    -1.5909999999999986
  ],
  "theta2": [
    -0.93800000000000006,
    -0.93328725818745273,
    -0.92857451637490551,
    -0.91867048768873716,
    -0.9032623888193545,
    -0.88123928369191018,
    -0.850018089150733,
    -0.81148005726946815,
    -0.76597989031009717,
    -0.72287953939658611,
    -0.685559215454195,
    -0.647327140339622,
    -0.60472066301638661,
    -0.55676385734366607,
    -0.50329428085636163,
    -0.43660918858870734,
    -0.35636735508415462,
    -0.27178723784986042,
    -0.18452385428064652,
    -0.097257391680930019,
    -0.009990929081213705,
    0.077275533518502748,
    0.16454199611821929,
    0.25180845871793572,
    0.33658008353539681,
    0.41837421495321075,
    0.49855985293507493,
    0.57837958772186415,
    0.65893195381521241,
    0.74134488894946471,
    0.82153415020767451,
    0.89676422869301509,
    0.9655329299272899,
    1.0273393688123329,
    1.0822509394834205,
    1.1299359288360944,
    1.1707553710324541,
    1.2045207033948175,
    1.2315270239587961,
    1.251499840346169,
    1.2601346181540654,
    1.268163052237421,
    1.2710000000000008
  ]
}