{
  "startPos": "defense",
  "finalPos": "score_high_cone",
  "totalTime": 0.687169730370153,
  "grannyFactor": 1.25,
  "theta1": [
    -2.821,
    -2.816141404622384,
    -2.793643735099481,
    -2.745585077584603,
    -2.6640435263539715,
    -2.5412427455967648,
    -2.385104660579993,
    -2.203551211387454,
    -2.0045043425847666,
    -1.795886000771222,
    -1.5856181336585649,
    -1.3816226894058918,
    -1.1918216163556659,
    -1.0241368628727383,
    -0.8864903771940039,
    -0.7868041072117422,
    -0.733
  ],
  "theta2": [
    -0.9,
    -0.8920780500086218,
    -0.8603902507070652,
    -0.7970146540839317,
    -0.6971010882725313,
    -0.5685715005467437,
    -0.4193478394535477,
    -0.2573520538787435,
    -0.09050609275766615,
    0.07326809515774044,
    0.22604856178167354,
    0.35991336023616743,
    0.46694054627852893,
    0.5392081842745118,
    0.581526021006189,
    0.601815982266805,
    0.6080000000000001
  ]
}