{
  "startPos": "hold",
  "finalPos": "intake",
  "totalTime": 1.1247446508293923,
  "grannyFactor": 1.25,
  "theta1": [
    -1.5909999999999986,
    -1.5562622359628073,
    -1.4830079087909205,
    -1.4010315031544953,
    -1.3380395525687696,
    -1.3177627289390221,
    -1.355411703537987,
    -1.4501772840623468,
    -1.5892797332847746,
    -1.755150839506582,
    -1.928585164581074,
    -2.0905872640838146,
    -2.2243368091880225,
    -2.318595728711998,
    -2.373409224651689,
    -2.398018111305714,
    -2.405
  ],
  "theta2": [
    1.2710000000000008,
    1.2362622359688373,
    1.1623303813026287,
    1.0770406227660423,
    1.002387235416618,
    0.944258190378347,
    0.8905000316547423,
    0.8234523962521868,
    0.7248977455018919,
    0.5794310888070258,
    0.38010579069701306,
    0.13581295619157155,
    -0.13350653216455466,
    -0.4029199827027548,
    -0.6451755061845308,
    -0.8325324107685041,
    -0.9380000000000001
  ]
}