{
  "startPos": "auto_start",
  "finalPos": "double_substation",
  "totalTime": 0.7109717899521704,
  "grannyFactor": 1.25,
  "theta1": [
    -2.592,
    -2.5945964346670545,
    -2.593611777153977,
    -2.5802720497063607,
    -2.5458032721276727,
    -2.4814314650197855,
    -2.3783826552440623,
    -2.240831989897587,
    -2.0775534474469777,
    -1.8973210132157852,
    -1.7089086746879798,
    -1.521090420046553,
    -1.3426402377569637,
    -1.182332116359388,
    -1.0489400443024108,
    -0.9512380097251913,
    -0.8979999999999998
  ],
  "theta2": [
    -0.882,
    -0.8732260098514243,
    -0.8381300499690187,
    -0.7679381323406255,
    -0.6664486817426962,
    -0.5424356853294253,
    -0.4046731316218904,
    -0.26193500948148807,
    -0.12299530776610226,
    0.0033719850184087212,
    0.10839288178913492,
    0.18329339995381375,
    0.22377554325199484,
    0.23861329108263188,
    0.23658062703594804,
    0.22645153547832567,
    0.21699999999999992
  ]
}