{
  "startPos": "score_hybrid",
  "finalPos": "double_substation",
  "totalTime": 0.6397201953378538,
  "grannyFactor": 1.25,
  "theta1": [
    -2.688,
    -2.681608390776986,
    -2.6560419544096323,
    -2.6049090827366723,
    -2.5218181692335535,
    -2.4067692171569064,
    -2.2661538325198096,
    -2.1063636229627574,
    -1.9337901966470152,
    -1.7548251619725383,
    -1.5758601274586244,
    -1.4032867016757185,
    -1.2434964931942663,
    -1.1028811105335659,
    -0.9878321620935717,
    -0.9047412560355512,
    -0.8599999999999997
  ],
  "theta2": [
    -0.5160000000000001,
    -0.5099278651346882,
    -0.4861846257472972,
    -0.44071494609700357,
    -0.3770141314263382,
    -0.3001354567100402,
    -0.21547125470346537,
    -0.12850235529350182,
    -0.04465733203180959,
    0.030883066189999246,
    0.09348557058678875,
    0.13980852664362967,
    0.16974917274807647,
    0.18607942697870913,
    0.19255779683258092,
    0.1932274305155788,
    0.19200000000000006
  ]
}