{
  "startPos": "intake",
  "finalPos": "score_mid_cone",
  "totalTime": 0.6076978002800141,
  "grannyFactor": 1.25,
  "theta1": [
    -2.04,
    -2.039142002640977,
    -2.035213184188616,
    -2.02600221400973,
    -2.009039167558976,
    -1.9819712629759916,
    -1.9429661002621943,
    -1.89133077505449,
    -1.8281401855252872,
    -1.755974154815315,
    -1.6782973809557362,
    -1.5990759738564482,
    -1.5225636458199583,
    -1.453119285348111,
    -1.3950982843026525,
    -1.3527434044475053,
    -1.3300000000000003
  ],
  "theta2": [
    -0.48699999999999977,
    -0.4815209782707252,
    -0.45960489182711256,
    -0.41577271989799897,
    -0.34454544318917757,
    -0.24592306463940705,
    -0.12538460308134575,
    0.011590921183784297,
    0.1595244873848204,
    0.3129370745352105,
    0.46634966154070784,
    0.6142832272609108,
    0.7512587505554177,
    0.8717972103299819,
    0.9704195855980517,
    1.041646855588465,
    1.0799999999999998
  ]
}