{
  "startPos": "score_mid_cube",
  "finalPos": "hold",
  "totalTime": 0.47791809618565384,
  "grannyFactor": 1.25,
  "theta1": [
    -1.8,
    -1.800676215935999,
    -1.8014310014098491,
    -1.8032232192622981,
    -1.8057901488579764,
    -1.8090828848673108,
    -1.8130207547062882,
    -1.8174817796860281,
    -1.8222357563422764,
    -1.8269234419743583,
    -1.830971279376461,
    -1.8334632714339185,
    -1.8329221494371564,
    -1.8275484037905936,
    -1.816531407946496,
    -1.799003933284395,
    -1.7743183512862228,
    -1.7439118001851168,
    -1.7104160406281785,
    -1.6770396566193111,
    -1.646861529887711,
    -1.62245209670424,
    -1.6050933348589256,
    -1.595620410324728,
    -1.591
  ],
  "theta2": [
    0.28400000000000003,
    0.2901746654099237,
    0.29706676526913467,
    0.31346318736468259,
    0.33706796567529074,
    0.36774113806817676,
    0.40536287036314156,
    0.45004443084494816,
    0.50164887586999,
    0.56027802374136737,
    0.625862322584396,
    0.69843624342575006,
    0.77796325889908591,
    0.85742899688938845,
    0.92992894923843084,
    0.99544878591948394,
    1.0539851206792237,
    1.1055452049089556,
    1.1501002882754419,
    1.187687213490096,
    1.218297242582441,
    1.2416945044912149,
    1.2579274274920764,
    1.2667188117002544,
    1.271
  ]
}