{
  "startPos": "score_hybrid",
  "finalPos": "double_substation",
  "totalTime": 0.6352563397114266,
  "grannyFactor": 1.25,
  "theta1": [
    -2.688,
    -2.681741257921416,
    -2.6567062901244825,
    -2.6066363555775984,
    -2.525272714863113,
    -2.412615371192365,
    -2.2749230634786466,
    -2.118454532240029,
    -1.949468518508116,
    -1.774223763549878,
    -1.5989790087499705,
    -1.4299929955434838,
    -1.2735244653655096,
    -1.1358321596007028,
    -1.023174819516035,
    -0.9418111861431094,
    -0.8979999999999998
  ],
  "theta2": [
    -0.5160000000000001,
    -0.5100762757819232,
    -0.48694165575128173,
    -0.4426154248396818,
    -0.38008842244023516,
    -0.30414988158118417,
    -0.21997450401529373,
    -0.13284190862323345,
    -0.0479867153918043,
    0.029595172997572926,
    0.09542078529216474,
    0.14613169956576502,
    0.18097799966360437,
    0.2020730252465137,
    0.212696976927936,
    0.21649235265233316,
    0.21699999999999992
  ]
}