{
  "startPos": "score_mid_cone",
  "finalPos": "double_substation",
  "totalTime": 0.5703378281188007,
  "grannyFactor": 1.25,
  "theta1": [
    -1.7629999999999995,
    -1.7584706429558556,
    -1.7403532152610344,
    -1.7041183608794523,
    -1.6452367254059332,
    -1.5658356764034291,
    -1.4704445674523223,
    -1.3635927537248826,
    -1.2498095908456117,
    -1.1336244345643574,
    -1.0195666405500028,
    -0.9121655641097669,
    -0.8159505593676339,
    -0.7354509776975511,
    -0.6751961598188644,
    -0.639555610106438,
    -0.6239999999999999
  ],
  "theta2": [
    0.4480000000000001,
    0.45252935291199403,
    0.4674251086932304,
    0.4881579159203149,
    0.5101984207888718,
    0.5290172688992714,
    0.5400851058518663,
    0.5388725778422006,
    0.5208503334464634,
    0.4867131392133431,
    0.44099034805415277,
    0.3882113153605053,
    0.3329053973176936,
    0.2796019503399689,
    0.23283033089733485,
    0.197119895396606,
    0.17699999999999988
  ]
}