{
  "startPos": "hold",
  "finalPos": "defense",
  "totalTime": 1.124744651032658,
  "grannyFactor": 1.25,
  "theta1": [
    -1.5909999999999986,
    -1.5562622359607015,
    -1.482529611811874,
    -1.3990602158861527,
    -1.3329590899747428,
    -1.3074666056311524,
    -1.3384759813066296,
    -1.429375968354886,
    -1.5721509511479241,
    -1.753084812073278,
    -1.9560596474269019,
    -2.164352520575029,
    -2.3619989689479843,
    -2.535210044669793,
    -2.673797891010427,
    -2.7707394704591044,
    -2.821
  ],
  "theta2": [
    1.2710000000000008,
    1.2362622359624065,
    1.1620400290071193,
    1.0757229820438068,
    0.9985450159084865,
    0.9358137937522503,
    0.8761776667029716,
    0.8031028826108685,
    0.6997715830960417,
    0.5525885207663496,
    0.35650345691135166,
    0.12021217839768439,
    -0.13783648960681705,
    -0.394416679064307,
    -0.6240877501562689,
    -0.8009497331836345,
    -0.9
  ]
}