{
  "startPos": "score_high_cube",
  "finalPos": "intake",
  "totalTime": 0.792826767253148,
  "grannyFactor": 1.25,
  "theta1": [
    -0.727,
    -0.7289878344034296,
    -0.7471180474685652,
    -0.7935573722007402,
    -0.8804725354250906,
    -1.0150760135379127,
    -1.1852010648397702,
    -1.3786809363781376,
    -1.5833488730809608,
    -1.787038119304273,
    -1.9775819196365563,
    -2.14281351996856,
    -2.270566171197851,
    -2.3486731405627665,
    -2.3890032902983136,
    -2.4037233348231113,
    -2.405
  ],
  "theta2": [
    0.32199999999999995,
    0.3341667577773434,
    0.3640612767184728,
    0.39951680032558323,
    0.4283665705374146,
    0.43844382905747825,
    0.4175818180644607,
    0.35361378252864983,
    0.24129213790228726,
    0.09278363952776666,
    -0.07974495446071139,
    -0.26412688500078935,
    -0.4481953925677344,
    -0.6197837174781285,
    -0.7667251000297084,
    -0.8768527806266635,
    -0.9380000000000001
  ]
}