{
  "startPos": "intake",
  "finalPos": "double_substation",
  "totalTime": 0.775045965561997,
  "grannyFactor": 1.25,
  "theta1": [
    -2.04,
    -2.048746086833948,
    -2.0636182260571925,
    -2.0732501482677876,
    -2.0662755620072732,
    -2.0313281833074,
    -1.9570417858849036,
    -1.837855304258709,
    -1.6851350127609226,
    -1.510247249580241,
    -1.3245583729724397,
    -1.13943473069288,
    -0.9662426528280847,
    -0.8163484359360057,
    -0.7011182984554665,
    -0.6319181605942136,
    -0.6029999999999996
  ],
  "theta2": [
    -0.48699999999999977,
    -0.47563361372723656,
    -0.4301680701033897,
    -0.34087155052140555,
    -0.21911043918215728,
    -0.07625112142374933,
    0.07634001709748188,
    0.22729659064624544,
    0.3652522135684469,
    0.4788405005330045,
    0.5566950673702269,
    0.5893284001585544,
    0.5881068821528427,
    0.564396898078216,
    0.5295648330274602,
    0.49497707209321623,
    0.4719999999999994
  ]
}