{
  "startPos": "score_hybrid",
  "finalPos": "intake",
  "totalTime": 0.3924359919693391,
  "grannyFactor": 1.25,
  "theta1": [
    -2.688,
    -2.6867302379891522,
    -2.681902455412368,
    -2.6727380452403864,
    -2.6589181426677135,
    -2.6407289168840857,
    -2.618829215695183,
    -2.594060696742826,
    -2.5673619381554187,
    -2.5397256240590877,
    -2.5121732184129524,
    -2.485737040336287,
    -2.461444839512779,
    -2.440303467238013,
    -2.4232777729847546,
    -2.411257961501206,
    -2.405
  ],
  "theta2": [
    -0.5160000000000001,
    -0.5174755247883992,
    -0.5233776237445399,
    -0.5351818212572647,
    -0.5543636410994875,
    -0.5809230820456731,
    -0.6133846205153841,
    -0.6502727323157554,
    -0.6901118930579448,
    -0.731426578263287,
    -0.7727412634082058,
    -0.8125804239498766,
    -0.8494685353454753,
    -0.8819300730714252,
    -0.9084895126490614,
    -0.9276713296895414,
    -0.9380000000000001
  ]
}