{
  "startPos": "auto_start",
  "finalPos": "score_mid_cone",
  "totalTime": 0.5753717658698168,
  "grannyFactor": 1.25,
  "theta1": [
    -2.592,
    -2.5885365571459764,
    -2.57571330267746,
    -2.551637134031216,
    -2.5151993994420065,
    -2.4663399683217033,
    -2.4060841838953047,
    -2.336301565065406,
    -2.2594368027018668,
    -2.178320181005183,
    -2.0960433476274734,
    -2.0158719303642005,
    -1.9411634547044911,
    -1.8752946185593602,
    -1.8215877884907608,
    -1.7832117355266721,
    -1.7629999999999995
  ],
  "theta2": [
    -0.882,
    -0.8773496497379668,
    -0.8587482491299117,
    -0.8215454488111236,
    -0.7610909009440741,
    -0.6773846076535703,
    -0.5750769163312874,
    -0.4588181759523462,
    -0.3332587359599733,
    -0.2030489460095254,
    -0.07283915586710044,
    0.052720284643623765,
    0.16897902567689152,
    0.27128671740235405,
    0.3549930100532109,
    0.41544755400928673,
    0.4480000000000001
  ]
}