{
  "startPos": "score_hybrid",
  "finalPos": "auto_start",
  "totalTime": 0.3742470437833183,
  "grannyFactor": 1.25,
  "theta1": [
    -2.688,
    -2.687423954157876,
    -2.6854356246298705,
    -2.6819195340176805,
    -2.676890983773232,
    -2.67047393472913,
    -2.6628770231176944,
    -2.65437154981894,
    -2.6452726041252417,
    -2.635923028017525,
    -2.6266794598413603,
    -2.6178996461435067,
    -2.609930288485185,
    -2.603094796046994,
    -2.5976804375345006,
    -2.5939245744318256,
    -2.592
  ],
  "theta2": [
    -0.5160000000000001,
    -0.5172797205642642,
    -0.5223986026417448,
    -0.5326363664333288,
    -0.5492727315797473,
    -0.5723076969664376,
    -0.6004615431277163,
    -0.6324545500409277,
    -0.6670069975051847,
    -0.7028391652379105,
    -0.7386713329156841,
    -0.7732237801975794,
    -0.8052167867426703,
    -0.8333706322275354,
    -0.8564055963695982,
    -0.8730419589679718,
    -0.882
  ]
}