{
  "startPos": "score_mid_cone",
  "finalPos": "defense",
  "totalTime": 0.5655431994871856,
  "grannyFactor": 1.25,
  "theta1": [
    -1.7629999999999995,
    -1.7673123952276302,
    -1.7844174768044787,
    -1.8183348861237332,
    -1.8726466862363835,
    -1.946616931603706,
    -2.0366799803391884,
    -2.138926754192776,
    -2.2493251774839207,
    -2.363784843388391,
    -2.478186063973519,
    -2.5883969961250983,
    -2.6902867312687446,
    -2.7797385768573055,
    -2.8526677538123977,
    -2.9050518350043695,
    -2.933
  ],
  "theta2": [
    0.4480000000000001,
    0.44358391543413617,
    0.4259195775807575,
    0.390590902703803,
    0.33318180834637473,
    0.2536922970536731,
    0.15653845088285728,
    0.046136353162982,
    -0.07309791236989129,
    -0.19674826179315621,
    -0.32039861109093404,
    -0.439632876207372,
    -0.5500349730866173,
    -0.6471888177127911,
    -0.7266783261632865,
    -0.7840874147020415,
    -0.8150000000000001
  ]
}