{
  "startPos": "auto_start",
  "finalPos": "defense",
  "totalTime": 0.30999341702959027,
  "grannyFactor": 1.25,
  "theta1": [
    -2.592,
    -2.592727272922499,
    -2.5956363644892857,
    -2.601454547373546,
    -2.610909093864141,
    -2.6240000031963686,
    -2.6400000032014677,
    -2.6581818213285375,
    -2.6778181849043934,
    -2.6981818211998023,
    -2.718545457457509,
    -2.7381818209082462,
    -2.7563636387827493,
    -2.772363638323761,
    -2.7854545468020495,
    -2.794909091544429,
    -2.8
  ],
  "theta2": [
    -0.882,
    -0.8820117623515413,
    -0.882074465221884,
    -0.8822414344244501,
    -0.8825769762134449,
    -0.8831437195668058,
    -0.8839919564173846,
    -0.8851508816508936,
    -0.8866219237306522,
    -0.8883745506763859,
    -0.8903449334256305,
    -0.8924376377887305,
    -0.8945302479996121,
    -0.8964807182238144,
    -0.8981374456460999,
    -0.8993525899171885,
    -0.9
  ]
}