{
  "startPos": "score_high_cube",
  "finalPos": "defense",
  "totalTime": 0.7789648903103512,
  "grannyFactor": 1.25,
  "theta1": [
    -0.727,
    -0.7357566522306804,
    -0.7735662627806997,
    -0.8519684966799297,
    -0.9825030159802455,
    -1.1563449217387254,
    -1.3619545447364916,
    -1.5877922180284085,
    -1.8223182779244118,
    -2.0539930656490473,
    -2.271276930413307,
    -2.4626302359094727,
    -2.616513377425198,
    -2.7213868534204777,
    -2.782732847402012,
    -2.8120907437550375,
    -2.821
  ],
  "theta2": [
    0.32199999999999995,
    0.33353967735335655,
    0.36133214405544706,
    0.39383772329677097,
    0.41951673772944037,
    0.42682951001107766,
    0.40423636336985697,
    0.3401976229970128,
    0.2306342149911789,
    0.08708581335582721,
    -0.07890790596772249,
    -0.2558072664449313,
    -0.43207259130397335,
    -0.5961642037065834,
    -0.7365424268809393,
    -0.8416675842925112,
    -0.9
  ]
}