{
  "startPos": "double_substation",
  "finalPos": "score_mid_cone",
  "totalTime": 0.4985055994974565,
  "grannyFactor": 1.25,
  "theta1": [
    -0.898,
    -0.9010244760293374,
    -0.9131223798280684,
    -0.9373181867807959,
    -0.9766363712782469,
    -1.0310769313428678,
    -1.0976153928945174,
    -1.1732272808648256,
    -1.2548881198691895,
    -1.3395734343780659,
    -1.424258748789441,
    -1.505919587470243,
    -1.5815314747873994,
    -1.6480699351388974,
    -1.702510492995193,
    -1.7418286729716839,
    -1.7629999999999997
  ],
  "theta2": [
    0.2899999999999999,
    0.291439896788353,
    0.2962025692372523,
    0.3040682604221243,
    0.3144112958711013,
    0.3264094827231447,
    0.3391790749917543,
    0.35186781238766424,
    0.3637264035041182,
    0.37416534823136105,
    0.382796840639489,
    0.3894552371395477,
    0.3941902669817106,
    0.3972333065156921,
    0.39894275794349265,
    0.3997346413857596,
    0.39999999999999997
  ]
}