{
  "startPos": "intake",
  "finalPos": "double_substation",
  "totalTime": 0.7552614087537266,
  "grannyFactor": 1.25,
  "theta1": [
    -2.4,
    -2.408471485398673,
    -2.4233679955321645,
    -2.4341715702907893,
    -2.430364247098911,
    -2.4014280630456133,
    -2.336845056469361,
    -2.2260972712308935,
    -2.079093420024678,
    -1.9063514626967917,
    -1.7183893649365851,
    -1.5257250937624616,
    -1.3388766166936066,
    -1.1683619014104838,
    -1.0246989155194146,
    -0.9184056262720345,
    -0.8599999999999997
  ],
  "theta2": [
    -0.9999999999999999,
    -0.9894820301852334,
    -0.9474101517021147,
    -0.8632663970645286,
    -0.7438442800399929,
    -0.599661767179569,
    -0.4412368265241294,
    -0.27908742648547435,
    -0.12373153547157227,
    0.014312878493304872,
    0.12452784893584978,
    0.19639541427741222,
    0.22999014954067257,
    0.23583001282419552,
    0.22443296679456964,
    0.20631697496431883,
    0.19200000000000006
  ]
}