{
  "startPos": "defense",
  "finalPos": "score_mid_cone",
  "totalTime": 0.5655431994872067,
  "grannyFactor": 1.25,
  "theta1": [
    -2.933,
    -2.9286853921467766,
    -2.911573224539779,
    -2.8776489678052974,
    -2.8233577393953073,
    -2.749445107559174,
    -2.6594396084584915,
    -2.5572356071364934,
    -2.446860366264854,
    -2.332404165953534,
    -2.217989041231039,
    -2.10775067781902,
    -2.0058249200241955,
    -1.916334246799055,
    -1.8433697900733013,
    -1.790960274799184,
    -1.7629999999999995
  ],
  "theta2": [
    -0.8150000000000001,
    -0.8105839154341353,
    -0.7929195775807534,
    -0.7575909027037919,
    -0.7001818083463512,
    -0.6206922970536392,
    -0.5235384508828153,
    -0.41313635316293446,
    -0.2939020876300583,
    -0.17025173820679326,
    -0.046601388909018056,
    0.0726328762074148,
    0.18303497308665284,
    0.2801888177128176,
    0.3596783261633032,
    0.41708741470204863,
    0.4480000000000001
  ]
}