{
  "startPos": "double_substation",
  "finalPos": "auto_start",
  "totalTime": 0.7388153841244931,
  "grannyFactor": 1.25,
  "theta1": [
    -0.6029999999999996,
    -0.6091208690555668,
    -0.6373286912742658,
    -0.6974689127900298,
    -0.7993869161649222,
    -0.9394731657352278,
    -1.1078821323978842,
    -1.2947681681466414,
    -1.4902855899600367,
    -1.684588699001127,
    -1.8678317877926243,
    -2.0301691597600735,
    -2.1617551421203713,
    -2.252744139847091,
    -2.3062176032895336,
    -2.3320210362788254,
    -2.34
  ],
  "theta2": [
    0.4719999999999994,
    0.48184572500269157,
    0.5086546466040277,
    0.5425810411170775,
    0.573779183128602,
    0.5924033469057607,
    0.5886078070356295,
    0.5525468398332198,
    0.47578619885211515,
    0.36817160909579427,
    0.2395487974164463,
    0.09976349108927712,
    -0.041338582452111514,
    -0.17391169572270876,
    -0.288110121259559,
    -0.37408813170872535,
    -0.4219999999999999
  ]
}