{
  "startPos": "double_substation",
  "finalPos": "defense",
  "totalTime": 0.8424997455020863,
  "grannyFactor": 1.25,
  "theta1": [
    -0.6239999999999999,
    -0.6254876692678131,
    -0.6445505277990845,
    -0.6957884435327978,
    -0.793801285773643,
    -0.9531889176319674,
    -1.1597892212665066,
    -1.399002326198616,
    -1.656228365663335,
    -1.9168674785039113,
    -2.166319812685792,
    -2.3899855327423833,
    -2.573264839492215,
    -2.7015580537985735,
    -2.775878611380801,
    -2.810826050819113,
    -2.821
  ],
  "theta2": [
    0.17699999999999988,
    0.1915998820723775,
    0.23598150914902033,
    0.29554499973536,
    0.35569047156692724,
    0.4018180422319304,
    0.419327829446037,
    0.3936199516160192,
    0.3100945294791622,
    0.17745018858792852,
    0.01028680712320707,
    -0.1767957344368164,
    -0.3691975549339155,
    -0.5523187729718979,
    -0.711559507154535,
    -0.8323198763234592,
    -0.9
  ]
}