{
  "startPos": "double_substation",
  "finalPos": "score_high_cone",
  "totalTime": 0.395206219800625,
  "grannyFactor": 1.25,
  "theta1": [
    -0.6239999999999999,
    -0.6242150951316797,
    -0.625126564916883,
    -0.6270982551778722,
    -0.6304719954274297,
    -0.6354948766340204,
    -0.6422704136336862,
    -0.6507336852152477,
    -0.66065408144895,
    -0.6716594182962369,
    -0.6832688758716245,
    -0.694926026339384,
    -0.706029315268991,
    -0.7159610586456464,
    -0.7241179444706467,
    -0.7299477877933266,
    -0.733
  ],
  "theta2": [
    0.17699999999999988,
    0.1785069933243002,
    0.18453496642124867,
    0.19659091220992805,
    0.2161818229847668,
    0.24330769750286635,
    0.27646154366500186,
    0.31413636875084416,
    0.35482517984131046,
    0.3970209839262226,
    0.43921678794985475,
    0.4799055988369607,
    0.5175804235122942,
    0.5507342689201293,
    0.5778601420502882,
    0.5974510499836881,
    0.6080000000000001
  ]
}