{
  "startPos": "score_high_cone",
  "finalPos": "double_substation",
  "totalTime": 0.3789592815119717,
  "grannyFactor": 1.25,
  "theta1": [
    -0.48699999999999977,
    -0.48754609380598435,
    -0.48946107190191884,
    -0.49293884787681924,
    -0.49807702036876944,
    -0.5048683371568463,
    -0.5131991903601579,
    -0.5228554883559284,
    -0.5335343164339199,
    -0.5448589535367373,
    -0.5563952709658759,
    -0.5676685569152766,
    -0.5781807997323407,
    -0.5874293100621473,
    -0.5949284577545638,
    -0.6002375722458424,
    -0.6029999999999996
  ],
  "theta2": [
    0.8519999999999995,
    0.8506713283795737,
    0.845356642081997,
    0.8347272698594291,
    0.8174545410383806,
    0.7935384567616582,
    0.7643076875232679,
    0.7310909043883024,
    0.695216778604602,
    0.6580139815037667,
    0.6208111844592761,
    0.5849370588625586,
    0.5517202761050423,
    0.5224895075602067,
    0.49857342455965215,
    0.4813006983512188,
    0.4719999999999994
  ]
}