{
  "startPos": "score_high_cone",
  "finalPos": "score_high_cube",
  "totalTime": 0.34470958935050583,
  "grannyFactor": 1.25,
  "theta1": [
    -0.733,
    -0.7328584432064953,
    -0.732403561874409,
    -0.7316666493635536,
    -0.7307200497188436,
    -0.7296591365199547,
    -0.7285869833040373,
    -0.72760149068833,
    -0.7267847841278222,
    -0.7261948890208482,
    -0.7258599238645814,
    -0.7257751947338149,
    -0.7259035774241679,
    -0.7261794706077647,
    -0.7265165148041641,
    -0.7268193484031406,
    -0.727
  ],
  "theta2": [
    0.6080000000000001,
    0.6069999997585991,
    0.6029999989453435,
    0.5949999976271139,
    0.5819999963460153,
    0.5639999960476193,
    0.5419999960413138,
    0.5169999961090107,
    0.4899999961838299,
    0.4619999962681943,
    0.433999996399179,
    0.4069999966287098,
    0.3819999970087123,
    0.3599999975762615,
    0.3419999983337807,
    0.32899999921438955,
    0.32199999999999995
  ]
}