{
  "startPos": "double_substation",
  "finalPos": "score_mid_cone",
  "totalTime": 0.4985055994974576,
  "grannyFactor": 1.25,
  "theta1": [
    -0.8979999999999998,
    -0.9010244760293372,
    -0.9131223798280682,
    -0.9373181867807958,
    -0.976636371278247,
    -1.0310769313428678,
    -1.0976153928945174,
    -1.1732272808648256,
    -1.2548881198691897,
    -1.3395734343780659,
    -1.424258748789441,
    -1.505919587470243,
    -1.5815314747873994,
    -1.6480699351388974,
    -1.702510492995193,
    -1.7418286729716836,
    -1.7629999999999995
  ],
  "theta2": [
    0.21699999999999992,
    0.2189518066911899,
    0.22572899690461212,
    0.2373942514847146,
    0.2533798178742816,
    0.27278057401978234,
    0.2945345121133587,
    0.317533224959877,
    0.34069811751165835,
    0.36303913419437533,
    0.38370364109133387,
    0.40201501722905797,
    0.4174960494754322,
    0.4298709151042801,
    0.4390427037999653,
    0.445048872812073,
    0.4480000000000001
  ]
}