{
  "startPos": "score_mid_cone",
  "finalPos": "score_high_cube",
  "totalTime": 0.5294007938399461,
  "grannyFactor": 1.25,
  "theta1": [
    -1.7629999999999995,
    -1.7593776218082418,
    -1.744888109400547,
    -1.7159090853122847,
    -1.6688181731997107,
    -1.6036153752930993,
    -1.5239230675859163,
    -1.433363627186147,
    -1.3355594315584216,
    -1.2341328583308333,
    -1.1327062852132064,
    -1.0349020899503938,
    -0.9443426502872473,
    -0.8646503439335916,
    -0.7994475485175198,
    -0.7523566415036613,
    -0.727
  ],
  "theta2": [
    0.4480000000000001,
    0.45079785804797967,
    0.46013961688793,
    0.47409306914577537,
    0.4900697593866928,
    0.5052896404578573,
    0.5169333206107903,
    0.5222520579155528,
    0.518745353829849,
    0.5047705377751517,
    0.48171044342255437,
    0.45229014650792587,
    0.4196196918217376,
    0.38695721723567444,
    0.3576080870695985,
    0.334874855246888,
    0.32199999999999995
  ]
}