{
  "startPos": "hold",
  "finalPos": "defense",
  "totalTime": 1.1247446509916224,
  "grannyFactor": 1.25,
  "theta1": [
    -1.5909999999999986,
    -1.5562622359647327,
    -1.4823516938302588,
    -1.3983247580214808,
    -1.3310322769427665,
    -1.303367951154877,
    -1.330742877662341,
    -1.4160897121895204,
    -1.5512290535039146,
    -1.7224362583038508,
    -1.9136697934016846,
    -2.108390410964913,
    -2.2910277173871565,
    -2.448640305674251,
    -2.572776449572045,
    -2.6586402256695023,
    -2.7029999999999994
  ],
  "theta2": [
    1.2710000000000008,
    1.236262235960798,
    1.1622626626802164,
    1.0767158838512891,
    1.0013638015749498,
    0.9417593204705282,
    0.8859242342869014,
    0.8165736842358018,
    0.7160476852477647,
    0.5697819529455971,
    0.3719153432924643,
    0.1314704249648633,
    -0.1322625042040681,
    -0.3951867636812779,
    -0.6309909567363194,
    -0.8129040378656107,
    -0.9149999999999999
  ]
}