{
  "startPos": "intake",
  "finalPos": "auto_start",
  "totalTime": 0.3018318767343056,
  "grannyFactor": 1.25,
  "theta1": [
    -2.4,
    -2.40067132885641,
    -2.403356644165245,
    -2.408727274546557,
    -2.4174545482560443,
    -2.4295384645687403,
    -2.444307695342806,
    -2.46109091207412,
    -2.47921678614263,
    -2.498013988875151,
    -2.5168111915719282,
    -2.5349370655218215,
    -2.5517202820136915,
    -2.566489512347784,
    -2.578573427850912,
    -2.5873006999030244,
    -2.592
  ],
  "theta2": [
    -0.9999999999999999,
    -0.9994407389200057,
    -0.9973353864550639,
    -0.9933793038322017,
    -0.987477844649596,
    -0.9797690506980204,
    -0.970534040076072,
    -0.9601289573492982,
    -0.9489507440750814,
    -0.9374186107315626,
    -0.9259623594553077,
    -0.9150136423650195,
    -0.9049980797493535,
    -0.8963267088201174,
    -0.8893850585245685,
    -0.8845172052098582,
    -0.882
  ]
}