{
  "startPos": "score_mid_cube",
  "finalPos": "double_substation",
  "totalTime": 0.5125158356052845,
  "grannyFactor": 1.25,
  "theta1": [
    -1.8000000000000003,
    -1.7967132861796486,
    -1.7835664312350215,
    -1.7572727220272506,
    -1.714545446467994,
    -1.6553846066475228,
    -1.5830769143258914,
    -1.5009090823077091,
    -1.4121678237318445,
    -1.3201398518903675,
    -1.228111880151949,
    -1.1393706219180888,
    -1.0572027905902865,
    -0.984895099537213,
    -0.9257342620509381,
    -0.8830069912703303,
    -0.8599999999999997
  ],
  "theta2": [
    0.284,
    0.2845178008951382,
    0.28600135797435156,
    0.2879436750625536,
    0.28961076437317357,
    0.2901992686325848,
    0.28895964686247605,
    0.2853034687194947,
    0.27889999148998124,
    0.26975032925630515,
    0.2582166532446265,
    0.24499599292242943,
    0.23105422969738207,
    0.21754383890383955,
    0.20571692715081724,
    0.19682729870669533,
    0.19200000000000006
  ]
}