{
  "startPos": "double_substation",
  "finalPos": "intake",
  "totalTime": 0.7581056653831091,
  "grannyFactor": 1.25,
  "theta1": [
    -0.6029999999999996,
    -0.6118622884947384,
    -0.6490849026665737,
    -0.7253039659335926,
    -0.8431891749459389,
    -0.9921037817705349,
    -1.1614107341213238,
    -1.3404728911957469,
    -1.5186530732263939,
    -1.6853140796302524,
    -1.8298186973382284,
    -1.941529738201822,
    -2.0098100938216086,
    -2.0431602312555217,
    -2.0522171891540366,
    -2.0476180759313225,
    -2.04
  ],
  "theta2": [
    0.4719999999999994,
    0.4826372445257843,
    0.5117445323921824,
    0.5486846204459364,
    0.5828202637323429,
    0.6035142169630976,
    0.6001292351834954,
    0.562028075240269,
    0.4798694225978355,
    0.3642905217819694,
    0.22592861924857502,
    0.07542096189344648,
    -0.0765952032226468,
    -0.21948262898548582,
    -0.34260406830416346,
    -0.43532227420209685,
    -0.48699999999999977
  ]
}