{
  "startPos": "intake",
  "finalPos": "score_high_cube",
  "totalTime": 0.8201078684089441,
  "grannyFactor": 1.25,
  "theta1": [
    -2.405,
    -2.415591915530967,
    -2.4339014291777934,
    -2.4464621889577614,
    -2.439807824988387,
    -2.4004719732385555,
    -2.3149883155531636,
    -2.1761513147361398,
    -1.9974273279902517,
    -1.7922827627754123,
    -1.574184042386205,
    -1.3565975975626139,
    -1.1529898632417261,
    -0.9768272769920793,
    -0.8415762781531538,
    -0.7607032950394276,
    -0.727
  ],
  "theta2": [
    -0.9380000000000001,
    -0.9245335547464563,
    -0.8706677748888523,
    -0.7629362186012578,
    -0.6147894876296648,
    -0.43969402262513224,
    -0.2511162664472854,
    -0.06252266257450373,
    0.1126203453601625,
    0.2608463138784742,
    0.36868880012128996,
    0.4226813634404691,
    0.4340090573006778,
    0.41613832352921143,
    0.382535606223304,
    0.34666735012855027,
    0.32199999999999995
  ]
}