{
  "startPos": "double_substation",
  "finalPos": "defense",
  "totalTime": 0.91991844957909374,
  "grannyFactor": 1.25,
  "theta1": [
    -0.603,
    -0.6008471078792339,
    -0.59868540135461989,
    -0.59652369483000589,
    -0.59198165928608493,
    -0.58611445637573123,
    -0.57896549727286706,
    -0.57073898445535554,
    -0.5616433962458397,
    -0.55208597989301644,
    -0.542680830539182,
    -0.53441088269178216,
    -0.52885125301030489,
    -0.5285338989585282,
    -0.53596723733444573,
    -0.55324435019905382,
    -0.583790078787062,
    -0.62282089583592637,
    -0.66705696996516006,
    -0.71713042774795666,
    -0.77294660152618877,
    -0.83508573784637019,
    -0.9038446965858602,
    -0.97927216873299039,
    -1.0606765358481154,
    -1.1468832118706862,
    -1.2341496744704021,
    -1.32136881188051,
    -1.4071663264581247,
    -1.4907946885936363,
    -1.5724541054997885,
    -1.65248985516603,
    -1.7310592141296295,
    -1.8079110714029905,
    -1.8819366946476532,
    -1.9504597913687618,
    -2.0105274695240904,
    -2.062967801089524,
    -2.1082519136215883,
    -2.1469559478322378,
    -2.1795437286801849,
    -2.2059850323577197,
    -2.2266329243331806,
    -2.2417993955890143,
    -2.2519652311538274,
    -2.2571110932789171,
    -2.26
  ],
  "theta2": [
    0.472,
    0.48315451346765936,
    0.49435469591495895,
    0.50555487836225854,
    0.52922147804974984,
    0.56001759046056443,
    0.598128616563322,
    0.64317200191823964,
    0.69543530281876609,
    0.7545194719474928,
    0.82084523489130978,
    0.89412656972201454,
    0.97442031018972619,
    1.0594881119810329,
    1.1396291831184195,
    1.2136616787524011,
    1.2812016635255949,
    1.3305159804995608,
    1.3656895963755136,
    1.390871415148115,
    1.4081423929042935,
    1.4174352426216323,
    1.4185232513725754,
    1.4105753327776425,
    1.3927527192783644,
    1.3639880741263881,
    1.3251701597665986,
    1.2764624008849885,
    1.2191873700216278,
    1.1557141138359526,
    1.0867504709156508,
    1.0132734806793671,
    0.93565825515269085,
    0.854803861266993,
    0.77252244590370456,
    0.6924517451412342,
    0.619193488601529,
    0.552824248918209,
    0.49351574504976037,
    0.44118124583270069,
    0.3957037372752818,
    0.35738124283279604,
    0.32595690343174843,
    0.301443666282217,
    0.28409481734257913,
    0.27508588700569825,
    0.27
  ]
}