{
  "startPos": "defense",
  "finalPos": "score_high_cone",
  "totalTime": 1.1483958183604956,
  "grannyFactor": 1.25,
  "theta1": [
    -2.933,
    -2.9285090707723089,
    -2.9240181415446176,
    -2.9195272123169262,
    -2.9098408121430177,
    -2.897315102963018,
    -2.8817715410678693,
    -2.8632684582564889,
    -2.8414541508498359,
    -2.8163945361375116,
    -2.7874671174804542,
    -2.7544921962488007,
    -2.716914241481732,
    -2.6743495355277056,
    -2.6289611157211179,
    -2.5810020085727254,
    -2.5302042659555961,
    -2.476480343571962,
    -2.4197790903182295,
    -2.3600786837483358,
    -2.2973782520078974,
    -2.2316309664053127,
    -2.1635067869360167,
    -2.0938014465848735,
    -2.0225279408146655,
    -1.9496547678481146,
    -1.8751367260807295,
    -1.7989109312273603,
    -1.7208870538016765,
    -1.6409270026130918,
    -1.5588944017362651,
    -1.474593918671355,
    -1.3880152741111087,
    -1.3007488115113923,
    -1.2142969030105404,
    -1.1319664456781036,
    -1.0549726371800452,
    -0.98410229360008261,
    -0.91996146939431633,
    -0.86247884558809229,
    -0.81124856364202225,
    -0.76597110215163056,
    -0.72636147307991927,
    -0.69338138418139972,
    -0.67487195909745767,
    -0.667255308707616,
    -0.66770694455032764,
    -0.67311953864761764,
    -0.68095632221520508,
    -0.68969909682106445,
    -0.69844813228485236,
    -0.70664485021132639,
    -0.71392983497538021,
    -0.72007422116043152,
    -0.725298463392109,
    -0.727550512360161,
    -0.72980256132821286,
    -0.73205461029626473,
    -0.733
  ],
  "theta2": [
    -0.815,
    -0.8038828430325573,
    -0.79276568606511444,
    -0.7816485290976718,
    -0.75771389680618162,
    -0.72683787178098092,
    -0.68870846241168615,
    -0.64367862142462873,
    -0.5913069827858235,
    -0.5322018018714707,
    -0.46577857362853126,
    -0.392509529222023,
    -0.312342718529289,
    -0.22603667647063003,
    -0.13877021387091346,
    -0.051503751271197128,
    0.035762711328519485,
    0.12302917392823612,
    0.21029563652795236,
    0.29756209912766884,
    0.38482856172738544,
    0.47206018710952524,
    0.55823305088736985,
    0.64225317458930242,
    0.72401894728521854,
    0.80340969193679157,
    0.88024514063242887,
    0.95428408812113308,
    1.0252071801930955,
    1.0925712077549663,
    1.1558916846296263,
    1.2145186490958415,
    1.2674829139751722,
    1.3128386257015354,
    1.3488510383237005,
    1.3747537527659244,
    1.3910105155445669,
    1.3981094336591824,
    1.3965665841730175,
    1.3867879481397674,
    1.3686775288342736,
    1.3410496820775986,
    1.29988388194931,
    1.2377100875777252,
    1.1654815527924203,
    1.0871958508139623,
    1.0053880827209163,
    0.92919117356465564,
    0.860047439055777,
    0.79751937543540485,
    0.74270226339892553,
    0.69459465190538161,
    0.6535806675408854,
    0.61979454694464464,
    0.59141797376923733,
    0.57930671470046369,
    0.56719545563169,
    0.55508419656291641,
    0.55
  ]
}