{
  "startPos": "score_mid_cone",
  "finalPos": "score_mid_cone",
  "totalTime": 0.0,
  "grannyFactor": 1.25,
  "theta1": [
    -1.7629999999999997
  ],
  "theta2": [
    0.39999999999999997
  ]
}