{
  "startPos": "score_mid_cube",
  "finalPos": "double_substation",
  "totalTime": 0.5055143834487419,
  "grannyFactor": 1.25,
  "theta1": [
    -1.8000000000000003,
    -1.7968461533269962,
    -1.7842307669626207,
    -1.7589999948968609,
    -1.7179999921417235,
    -1.6612307607307601,
    -1.5918461453325838,
    -1.512999991632019,
    -1.427846145639079,
    -1.3395384535128212,
    -1.2512307614868254,
    -1.1660769158266093,
    -1.087230762797691,
    -1.0178461486336499,
    -0.9610769194935438,
    -0.9200769213873855,
    -0.898
  ],
  "theta2": [
    0.284,
    0.28493646316761895,
    0.28790515793193755,
    0.2925684594159278,
    0.29829339750867945,
    0.30431121353118645,
    0.30983575797640334,
    0.3141585619946603,
    0.3167312055784594,
    0.3172351135066626,
    0.31562889308736464,
    0.31215989601050576,
    0.30733599139445106,
    0.30186712006092603,
    0.29658904708832545,
    0.2923713435676108,
    0.2899999999999999
  ]
}