{
  "startPos": "hold",
  "finalPos": "score_mid_cone",
  "totalTime": 1.1247446518143063,
  "grannyFactor": 1.25,
  "theta1": [
    -1.5909999999999986,
    -1.5562622359396103,
    -1.479656948140922,
    -1.3869324135718646,
    -1.3005119725715026,
    -1.2374275475714145,
    -1.2071196157512283,
    -1.211308338684571,
    -1.2463988828719128,
    -1.3059565347797322,
    -1.3822354647789472,
    -1.46703253550772,
    -1.5522208781123794,
    -1.6302002778117772,
    -1.6943830756371483,
    -1.7397041320571396,
    -1.7629999999999997
  ],
  "theta2": [
    1.2710000000000008,
    1.2362622359602156,
    1.16263812636259,
    1.0787491112736975,
    1.009087038727102,
    0.9684969092542849,
    0.9546146149032143,
    0.9552577223149384,
    0.9556631581176855,
    0.9418898927835638,
    0.9034922383468617,
    0.8363671611025204,
    0.744538124399175,
    0.6389376232787397,
    0.5348101895249999,
    0.44944217059996283,
    0.39999999999999997
  ]
}