{
  "startPos": "score_mid_cube",
  "finalPos": "defense",
  "totalTime": 0.5534969546862667,
  "grannyFactor": 1.25,
  "theta1": [
    -1.8000000000000003,
    -1.8039282325750619,
    -1.819345488192222,
    -1.8495714815380941,
    -1.8970246851165222,
    -1.9607132951940032,
    -2.0378761686910116,
    -2.1253058388792097,
    -2.2196102455137687,
    -2.317305125072647,
    -2.414857111239703,
    -2.508709806321421,
    -2.5953099004818845,
    -2.671133189421499,
    -2.732717394304293,
    -2.7767147350369505,
    -2.8
  ],
  "theta2": [
    0.284,
    0.2798601392377486,
    0.2633006965815349,
    0.23018181206393307,
    0.17636362694276286,
    0.10184614365594293,
    0.010769220562764022,
    -0.09272728275919892,
    -0.20450350634251993,
    -0.32041959004109133,
    -0.43633567361946446,
    -0.5481118968039018,
    -0.6516083993206658,
    -0.7426853209343078,
    -0.8172028014987199,
    -0.8710209810464759,
    -0.9
  ]
}