{
  "startPos": "auto_start",
  "finalPos": "intake",
  "totalTime": 0.3651665514902816,
  "grannyFactor": 1.25,
  "theta1": [
    -2.64,
    -2.6388111885402856,
    -2.634055942872395,
    -2.6245454518825704,
    -2.6090909049903592,
    -2.5876923032568935,
    -2.561538457095971,
    -2.5318181774516613,
    -2.499720275437722,
    -2.4664335622456837,
    -2.433146849105963,
    -2.4010489472656436,
    -2.3713286679718077,
    -2.345174822454873,
    -2.3237762219063702,
    -2.3083216774400555,
    -2.3
  ],
  "theta2": [
    -0.9400000000000001,
    -0.9398592816817416,
    -0.9394488679731274,
    -0.9388845837240564,
    -0.9383342094520505,
    -0.9379777592925828,
    -0.9379774712297074,
    -0.9384550200375062,
    -0.93947514016356,
    -0.9410361053098252,
    -0.9430676624496123,
    -0.9454361980119038,
    -0.9479559426579042,
    -0.9504047624917297,
    -0.9525437147975103,
    -0.9541407157608578,
    -0.955
  ]
}