{
  "startPos": "score_high_cone",
  "finalPos": "hold",
  "totalTime": 0.6518692846619004,
  "grannyFactor": 1.25,
  "theta1": [
    -0.733,
    -0.7263236117226581,
    -0.7130571397152292,
    -0.699963295501353,
    -0.6938047931952546,
    -0.7013443471687336,
    -0.7293446702005156,
    -0.7845684683173824,
    -0.8647021193484166,
    -0.9629829128320105,
    -1.0726481312194336,
    -1.186935054699757,
    -1.2990809623849997,
    -1.4023231327731036,
    -1.4898988439730971,
    -1.5550453738299208,
    -1.5909999999999986
  ],
  "theta2": [
    0.6080000000000001,
    0.6012372902334175,
    0.5838426864203287,
    0.5625788929427072,
    0.5442086212337727,
    0.5354945840325162,
    0.5431994927737345,
    0.5740860518484163,
    0.6323161867646988,
    0.711127187770222,
    0.803756337560147,
    0.9034409164369832,
    1.0034182035722656,
    1.0969254774969333,
    1.1772000163385974,
    1.2374790979524242,
    1.2710000000000008
  ]
}