{
  "startPos": "auto_start",
  "finalPos": "defense",
  "totalTime": 0.25144270048786954,
  "grannyFactor": 1.25,
  "theta1": [
    -2.592,
    -2.592388112016555,
    -2.593940560001714,
    -2.5970454558080034,
    -2.6020909110350954,
    -2.6090769251798775,
    -2.6176153867216945,
    -2.627318183888472,
    -2.6377972048276837,
    -2.6486643376499286,
    -2.659531470447368,
    -2.6700104913042617,
    -2.6797132883048698,
    -2.6882517495413536,
    -2.695237763124312,
    -2.700283217201218,
    -2.7029999999999994
  ],
  "theta2": [
    -0.882,
    -0.8821695835823165,
    -0.8827612377182389,
    -0.883825461850083,
    -0.8853790696551085,
    -0.8874059631533932,
    -0.8898598499670185,
    -0.8926682828553093,
    -0.8957372979904702,
    -0.8989561416488246,
    -0.9022018671576261,
    -0.9053438128322658,
    -0.9082481282042467,
    -0.9107826416439272,
    -0.9128225035900315,
    -0.9142572308376116,
    -0.9149999999999999
  ]
}