{
  "startPos": "intake",
  "finalPos": "score_high_cone",
  "totalTime": 0.7276828811897371,
  "grannyFactor": 1.25,
  "theta1": [
    -2.405,
    -2.4093693691473863,
    -2.4130701519964965,
    -2.406695019091372,
    -2.3808366402447887,
    -2.326087685508589,
    -2.2330408268089035,
    -2.101416114744792,
    -1.9406208789854993,
    -1.7600624512534648,
    -1.569148163760017,
    -1.3772853489075345,
    -1.1938813391769594,
    -1.0283434670614569,
    -0.8900790650060277,
    -0.7884954653218189,
    -0.733
  ],
  "theta2": [
    -0.9380000000000001,
    -0.9303410756299405,
    -0.897957450622352,
    -0.8314421527122625,
    -0.7235293890006044,
    -0.5836263322751775,
    -0.42114025302637154,
    -0.2454784501566039,
    -0.06604823507484012,
    0.10774307412887431,
    0.2664881669669619,
    0.40077974924275916,
    0.50121057888975,
    0.5627408040943439,
    0.5947776213046007,
    0.6067282725849129,
    0.6080000000000001
  ]
}