{
  "startPos": "score_hybrid",
  "finalPos": "defense",
  "totalTime": 0.34985526662324345,
  "grannyFactor": 1.25,
  "theta1": [
    -2.688,
    -2.6889739581168013,
    -2.6927727940649406,
    -2.70017814333065,
    -2.711726717487622,
    -2.727225858297572,
    -2.7460423489877512,
    -2.767408264259695,
    -2.790496682549577,
    -2.814450109394991,
    -2.838394734224031,
    -2.8614493699161687,
    -2.8827324757623787,
    -2.901369228659159,
    -2.91650070366405,
    -2.927299067121078,
    -2.933
  ],
  "theta2": [
    -0.5160000000000001,
    -0.517045454794117,
    -0.5212272738136535,
    -0.5295909115351722,
    -0.5431818219457166,
    -0.5620000040712709,
    -0.5850000040777663,
    -0.6111363676443965,
    -0.6393636402945994,
    -0.6686363674804242,
    -0.6979090946182263,
    -0.7261363671090636,
    -0.7522727303539938,
    -0.7752727297693723,
    -0.7940909108072485,
    -0.8076818189910598,
    -0.8150000000000001
  ]
}