{
  "startPos": "intake",
  "finalPos": "auto_start",
  "totalTime": 0.30183187673429296,
  "grannyFactor": 1.25,
  "theta1": [
    -2.4,
    -2.40067132885641,
    -2.4033566441652447,
    -2.4087272745465564,
    -2.417454548256043,
    -2.4295384645687386,
    -2.444307695342804,
    -2.461090912074118,
    -2.479216786142629,
    -2.4980139888751496,
    -2.516811191571927,
    -2.5349370655218206,
    -2.5517202820136906,
    -2.566489512347783,
    -2.5785734278509116,
    -2.5873006999030244,
    -2.592
  ],
  "theta2": [
    -0.9499999999999998,
    -0.9495905856178789,
    -0.9481463089128479,
    -0.9455709040243293,
    -0.9418835503048202,
    -0.9371944825182791,
    -0.9316770946598418,
    -0.9255455700124712,
    -0.9190384704283203,
    -0.9124064644918756,
    -0.9059025571022282,
    -0.899773684358823,
    -0.8942529265444599,
    -0.8895518751784902,
    -0.8858529468670766,
    -0.8833017472506028,
    -0.882
  ]
}