{
  "startPos": "score_mid_cube",
  "finalPos": "defense",
  "totalTime": 0.5534969546862825,
  "grannyFactor": 1.25,
  "theta1": [
    -1.8000000000000003,
    -1.8039583127924677,
    -1.819541473631968,
    -1.8501920426082339,
    -1.8985752719274551,
    -1.9636820190006854,
    -2.042607692156372,
    -2.132024496533664,
    -2.2284376818438867,
    -2.328273049555732,
    -2.4279185129592724,
    -2.5237494544003805,
    -2.612149437826935,
    -2.689532352181366,
    -2.7523726991715316,
    -2.7972574974877853,
    -2.821
  ],
  "theta2": [
    0.284,
    0.2798601392377484,
    0.2633006965815339,
    0.23018181206393087,
    0.17636362694275953,
    0.10184614365593947,
    0.010769220562760714,
    -0.09272728275920203,
    -0.20450350634252287,
    -0.3204195900410941,
    -0.4363356736194672,
    -0.5481118968039044,
    -0.6516083993206682,
    -0.7426853209343097,
    -0.8172028014987213,
    -0.8710209810464765,
    -0.9
  ]
}