{
  "startPos": "score_high_cube",
  "finalPos": "auto_start",
  "totalTime": 0.7784174455735375,
  "grannyFactor": 1.25,
  "theta1": [
    -0.727,
    -0.7360913190300535,
    -0.7748805952057075,
    -0.8548831592732239,
    -0.9854125313357595,
    -1.1549533611614606,
    -1.3519902890458262,
    -1.5650079569449238,
    -1.7824910092946469,
    -1.9929240945090814,
    -2.1847918681068434,
    -2.3465790008344807,
    -2.466770212234234,
    -2.539892662891645,
    -2.577461590702483,
    -2.590992276219136,
    -2.592
  ],
  "theta2": [
    0.32199999999999995,
    0.3335153646941754,
    0.36157063859366884,
    0.3946504575567754,
    0.42123945689319736,
    0.4298222719165389,
    0.40888353851167086,
    0.34690789454676846,
    0.23931068030248842,
    0.09760725709700888,
    -0.06668701179362603,
    -0.2420567624940253,
    -0.4169866308890593,
    -0.5799612527964718,
    -0.719465264101134,
    -0.8239833009276566,
    -0.882
  ]
}