{
  "startPos": "hold",
  "finalPos": "double_substation",
  "totalTime": 0.72369950929330462,
  "grannyFactor": 1.25,
  "theta1": [
    -1.591,
    -1.5850018266125043,
    -1.5766137790382864,
    -1.5595511734592187,
    -1.5350335027983384,
    -1.5036587920655879,
    -1.4653056309145502,
    -1.4199248532671724,
    -1.367588848575171,
    -1.3082131602985654,
    -1.2419320776888603,
    -1.1699858581671363,
    -1.1020464468099229,
    -1.0406959222475394,
    -0.9861505378840294,
    -0.93816420473411444,
    -0.89637150585567982,
    -0.86364427885948347,
    -0.84229702799063877,
    -0.82790384623522517,
    -0.81888708785041187,
    -0.81445527877580925,
    -0.81407243204167878,
    -0.81742546204194544,
    -0.82422912233420664,
    -0.83296160196155422,
    -0.8423567400380243,
    -0.85175333224187944,
    -0.86072597405057283,
    -0.86897313673780774,
    -0.87631772111987027,
    -0.88268205620020734,
    -0.887990093471125,
    -0.892072430834496,
    -0.89441189978959268,
    -0.89605406935553633,
    -0.89769623892148032,
    -0.89799999999999991
  ],
  "theta2": [
    1.271,
    1.2715255739944002,
    1.2722627207718393,
    1.2737790556425852,
    1.2760462851312533,
    1.2791837825517871,
    1.2835303995791894,
    1.2895873164502878,
    1.2979247831822238,
    1.3091688342824104,
    1.3232374395957953,
    1.3375987957493565,
    1.3476532974105375,
    1.3511909811313791,
    1.3469823343572047,
    1.3334918762493486,
    1.30755454190869,
    1.2675604133273952,
    1.2212124328403156,
    1.1687872306868474,
    1.1099785133256226,
    1.0445145408138212,
    0.97227743223375451,
    0.893250137750699,
    0.80834845484861584,
    0.72679531194979541,
    0.6522082534725826,
    0.58461364324351373,
    0.5239389126440348,
    0.47040184680247704,
    0.42390640960402942,
    0.38423114037056316,
    0.35143888087917935,
    0.32634828649579395,
    0.31199302457156469,
    0.30192745407558919,
    0.29186188357961379,
    0.29000000000000004
  ]
}