{
  "startPos": "score_mid_cone",
  "finalPos": "double_substation",
  "totalTime": 0.498505599497457,
  "grannyFactor": 1.25,
  "theta1": [
    -1.7629999999999995,
    -1.759975523970662,
    -1.747877620171931,
    -1.7236818132192038,
    -1.6843636287217532,
    -1.6299230686571327,
    -1.5633846071054833,
    -1.4877727191351753,
    -1.4061118801308115,
    -1.3214265656219353,
    -1.23674125121056,
    -1.1550804125297578,
    -1.079468525212601,
    -1.0129300648611028,
    -0.9584895070048067,
    -0.9191713270283158,
    -0.8979999999999998
  ],
  "theta2": [
    0.4480000000000001,
    0.4472984770904248,
    0.44474280887505807,
    0.439825240042749,
    0.4320770674308552,
    0.42115122637442987,
    0.40689334731093835,
    0.38939467777306497,
    0.3690213103230117,
    0.34641199521484345,
    0.32244784309968766,
    0.2982051733462778,
    0.2749016461758414,
    0.2538398554902787,
    0.23634631970794867,
    0.22369575574787168,
    0.21699999999999992
  ]
}