{
  "startPos": "score_high_cone",
  "finalPos": "intake",
  "totalTime": 0.7247345744555247,
  "grannyFactor": 1.25,
  "theta1": [
    -0.44999999999999957,
    -0.4592934502558615,
    -0.49646725061274144,
    -0.5708148493638241,
    -0.6852995619096701,
    -0.8306279405804388,
    -0.9975065364369178,
    -1.1766419001707404,
    -1.3587405823558396,
    -1.534509133593611,
    -1.69465410467981,
    -1.8298820469828587,
    -1.9308995145783932,
    -1.9931265991746911,
    -2.0258567443274256,
    -2.0383833959610445,
    -2.04
  ],
  "theta2": [
    1.0399999999999996,
    1.0456873538366824,
    1.0534560903690768,
    1.0540128144603726,
    1.038064120426395,
    0.9963166060814187,
    0.9194768965867511,
    0.8031554560666126,
    0.6566456827632629,
    0.48924100460202885,
    0.31023485886040103,
    0.1289206872134605,
    -0.045408066184791415,
    -0.20345795633441996,
    -0.33593553812454197,
    -0.4335473669815496,
    -0.48699999999999977
  ]
}