{
  "startPos": "double_substation",
  "finalPos": "score_high_cone",
  "totalTime": 0.39056722102304386,
  "grannyFactor": 1.25,
  "theta1": [
    -0.8599999999999997,
    -0.8591706245030308,
    -0.8562828534596685,
    -0.8511980730525227,
    -0.8440046806731429,
    -0.8349560996398829,
    -0.824413905679729,
    -0.8128053483582202,
    -0.8005925714327382,
    -0.7882494689850469,
    -0.7762432175328505,
    -0.7650186393997781,
    -0.7549843595283143,
    -0.7465003160165834,
    -0.7398666789417863,
    -0.7353146593613853,
    -0.733
  ],
  "theta2": [
    0.19200000000000006,
    0.1934545457644473,
    0.199272728626657,
    0.21090909395531598,
    0.2298181865090354,
    0.25600000507392456,
    0.2880000050820201,
    0.3243636413587501,
    0.36363636853542763,
    0.40436364115439644,
    0.4450909137135155,
    0.48436364069157917,
    0.5207272765673816,
    0.5527272758387818,
    0.5789090930481237,
    0.5978181828267204,
    0.6080000000000001
  ]
}