{
  "startPos": "defense",
  "finalPos": "double_substation",
  "totalTime": 0.871459551535814,
  "grannyFactor": 1.25,
  "theta1": [
    -2.821,
    -2.8254789032825673,
    -2.8227583044722473,
    -2.7966806472351,
    -2.731088355595776,
    -2.6098239437484145,
    -2.4270914112405224,
    -2.1990483503056635,
    -1.9418524628472442,
    -1.6716614847698716,
    -1.4046331677306647,
    -1.156925272153281,
    -0.9446955638972158,
    -0.784101812445497,
    -0.6878931427318754,
    -0.6399117939882002,
    -0.6239999999999999
  ],
  "theta2": [
    -0.9,
    -0.8838422188097755,
    -0.819211097082054,
    -0.6970434177270814,
    -0.5334969576454803,
    -0.3447294960939079,
    -0.14689881298871413,
    0.04383731158882867,
    0.2113210977223733,
    0.33939476615527275,
    0.4119005399869611,
    0.42557500551550437,
    0.39657594089807496,
    0.34106112671072786,
    0.2751883442425255,
    0.2151153749142945,
    0.17699999999999988
  ]
}