{
  "startPos": "score_mid_cone",
  "finalPos": "auto_start",
  "totalTime": 0.83954884579960731,
  "grannyFactor": 1.25,
  "theta1": [
    -1.33,
    -1.3295636315449069,
    -1.329117192446081,
    -1.3282023242039434,
    -1.3268771408618834,
    -1.325312511383653,
    -1.3238134674518174,
    -1.3231889407863164,
    -1.327550463033488,
    -1.3435601754146809,
    -1.3666089580606984,
    -1.3965491504545045,
    -1.4335750934613085,
    -1.4773838328400231,
    -1.5284052844802982,
    -1.5862650398931679,
    -1.6510746484903978,
    -1.7213589096306776,
    -1.7900702127160835,
    -1.8559252253772012,
    -1.9187709052599575,
    -1.9783419355721286,
    -2.0345437233977135,
    -2.087147493817008,
    -2.1358990669181681,
    -2.1807460396325533,
    -2.2213440387714449,
    -2.25766379288748,
    -2.2895662673096844,
    -2.3156969270080503,
    -2.3339292874875377,
    -2.34491104107635,
    -2.3504758104146406,
    -2.3523991605618444,
    -2.3520468606257472,
    -2.3504236117335044,
    -2.3482309519837687,
    -2.3459738108417847,
    -2.34392868495319,
    -2.3422766074954269,
    -2.3412990627380674,
    -2.3406495313690332,
    -2.34
  ],
  "theta2": [
    1.08,
    1.0875622102962015,
    1.0952989435782792,
    1.1113524690283341,
    1.1354480429521991,
    1.1665712342372989,
    1.2048251547418365,
    1.2499534776838765,
    1.3017413787431198,
    1.3132107815982972,
    1.3007452456965289,
    1.2807110985267767,
    1.2537151737974344,
    1.2200092111333309,
    1.1789095377358312,
    1.1304208179180015,
    1.0739096707916778,
    1.0099883281538624,
    0.94465832176610021,
    0.87914927382580788,
    0.81354938573836877,
    0.74788786060561763,
    0.68212330761134654,
    0.61609706184568447,
    0.54943384763154923,
    0.48138983502287458,
    0.41045782283305687,
    0.3353477696559729,
    0.254046611698003,
    0.16699967938796381,
    0.080733355611889962,
    0.00044643000513485027,
    -0.07283688142571311,
    -0.13913387517466602,
    -0.1984881952665456,
    -0.25090976631170936,
    -0.29616019745141131,
    -0.33432509417087708,
    -0.36560778033265018,
    -0.38965634632438639,
    -0.40362300102122817,
    -0.41281150051061405,
    -0.422
  ]
}