{
  "startPos": "hold",
  "finalPos": "double_substation",
  "totalTime": 1.1247446514418558,
  "grannyFactor": 1.25,
  "theta1": [
    -1.5909999999999986,
    -1.5562622359857066,
    -1.4576267600987942,
    -1.3107686150414843,
    -1.1342171376934032,
    -0.9472972782639377,
    -0.7690221242971023,
    -0.61691461050342,
    -0.5052999717179685,
    -0.4433215570846815,
    -0.433136541511563,
    -0.4696290865572746,
    -0.5418562099331916,
    -0.6348608381525681,
    -0.7311962169003277,
    -0.8122763425181754,
    -0.8599999999999997
  ],
  "theta2": [
    1.2710000000000008,
    1.2362622359339581,
    1.1616211339153095,
    1.0742904967113884,
    0.9967384946046973,
    0.9417119837802199,
    0.908056160100736,
    0.8863250734093391,
    0.8642454306021577,
    0.8297414792751213,
    0.7731895364492202,
    0.6900119634205523,
    0.5831107037613337,
    0.4629263014746107,
    0.34518682549160407,
    0.24847872845987246,
    0.19200000000000006
  ]
}