{
  "startPos": "defense",
  "finalPos": "score_high_cone",
  "totalTime": 0.82340366720565639,
  "grannyFactor": 1.25,
  "theta1": [
    -2.26,
    -2.2570785556658706,
    -2.2514969397992739,
    -2.2407366162363225,
    -2.2253759540491131,
    -2.205046041651916,
    -2.1796321469316635,
    -2.1489600712167594,
    -2.1126065829051219,
    -2.0702250563935403,
    -2.0209869159955014,
    -1.9641125870885783,
    -1.9005472904191683,
    -1.8345992358838958,
    -1.7665352611616048,
    -1.6957355867666202,
    -1.6215284875624771,
    -1.5426885939735846,
    -1.4606218732751333,
    -1.3761887659278562,
    -1.2894040283287622,
    -1.2021375657290458,
    -1.1148711031293292,
    -1.0276046405296126,
    -0.94035388623512,
    -0.85565115609583131,
    -0.77776886498716413,
    -0.70687159456542537,
    -0.64293619906998223,
    -0.58593948448293964,
    -0.53603483663558227,
    -0.49291946849841456,
    -0.45697037325525591,
    -0.42802816554566325,
    -0.41598352934525484,
    -0.417687639984272,
    -0.42450819410898749,
    -0.43238521928031071,
    -0.4395394734620176,
    -0.44500314309774691,
    -0.44730564757442026,
    -0.4496081520510935,
    -0.45
  ],
  "theta2": [
    0.27,
    0.27482425726381871,
    0.28401826684953585,
    0.30153303036297507,
    0.3259439974717615,
    0.35735992659640481,
    0.39572884021774796,
    0.44110958647941034,
    0.49352759559871878,
    0.55279478086578671,
    0.61912857244981256,
    0.69246491493764883,
    0.77037136446259891,
    0.84672462041873886,
    0.92078760651980118,
    0.9925005839788229,
    1.0620237230157603,
    1.1293039978122272,
    1.1918319664266346,
    1.2481256326157539,
    1.2970806008783273,
    1.3366440944951969,
    1.3675861647503345,
    1.3905972845112009,
    1.4061620297192694,
    1.4144407309411573,
    1.4157445207457129,
    1.4111918730028148,
    1.4015760827718129,
    1.3874352488772634,
    1.3688962116874444,
    1.345886965272761,
    1.3164986360886342,
    1.2730379005068173,
    1.2194768445187585,
    1.1729118276632109,
    1.1334838838709733,
    1.1009800978128979,
    1.0752226927749287,
    1.0566452355915907,
    1.048975268207166,
    1.0413053008227411,
    1.04
  ]
}