{
  "startPos": "double_substation",
  "finalPos": "score_high_cube",
  "totalTime": 0.274865796540044,
  "grannyFactor": 1.25,
  "theta1": [
    -0.6239999999999999,
    -0.6244314263646245,
    -0.6260710608635799,
    -0.6292037381905691,
    -0.6339943101101703,
    -0.6403992212796589,
    -0.6482063027914172,
    -0.6571197026790648,
    -0.6668004787399238,
    -0.6768856579122101,
    -0.6869986145890314,
    -0.6967557648988449,
    -0.7057717994673258,
    -0.7136647878286061,
    -0.7200624895457073,
    -0.7246121896266645,
    -0.727
  ],
  "theta2": [
    0.17699999999999988,
    0.17750699316048082,
    0.17953496570553826,
    0.18359091059964133,
    0.19018182050510146,
    0.19930769482070348,
    0.21046154097855976,
    0.22313636611034235,
    0.2368251772515822,
    0.25102098139374557,
    0.26521678550626654,
    0.27890559654913655,
    0.2915804214823472,
    0.30273426727533254,
    0.3118601409195589,
    0.31845104945055724,
    0.32199999999999995
  ]
}