{
  "startPos": "auto_start",
  "finalPos": "score_high_cone",
  "totalTime": 1.2112227265120368,
  "grannyFactor": 1.25,
  "theta1": [
    -2.64,
    -2.6398819737582828,
    -2.6397639475165655,
    -2.6396459212748487,
    -2.6394068859566628,
    -2.6390470368945422,
    -2.6384935917081949,
    -2.6376113164922166,
    -2.6362127292565321,
    -2.6340626966435661,
    -2.63055933655359,
    -2.62524892714052,
    -2.6172691797144325,
    -2.6057421871925568,
    -2.5904611495900474,
    -2.5711017814341606,
    -2.5472186447921823,
    -2.5183916487956157,
    -2.4842277608719847,
    -2.4448652600094092,
    -2.4017358526986579,
    -2.3551052658924405,
    -2.3051493535511969,
    -2.25203146875122,
    -2.1958192377589882,
    -2.136579845136334,
    -2.0745672273562215,
    -2.0098672307093666,
    -1.9425432312193431,
    -1.8725056427335889,
    -1.7999189876742538,
    -1.7247917095359766,
    -1.647088632597201,
    -1.5667418131229198,
    -1.4836440784007658,
    -1.3977569028755641,
    -1.3105452173531549,
    -1.2237924108531628,
    -1.1410572946927635,
    -1.0636051188224771,
    -0.99218288662440846,
    -0.9274090578807539,
    -0.86934257113184277,
    -0.81760513855579409,
    -0.77183457390883481,
    -0.73172222727746383,
    -0.6978755791249911,
    -0.677932973681725,
    -0.6690901758683413,
    -0.668720151007476,
    -0.67354812086611027,
    -0.68097830357507083,
    -0.68947895173307339,
    -0.69807348224466392,
    -0.70617231637837086,
    -0.7134268663901453,
    -0.719628561520437,
    -0.72489495348543964,
    -0.72735378780103555,
    -0.72955836088155579,
    -0.731762933962076,
    -0.733
  ],
  "theta2": [
    -0.94,
    -0.928072513630431,
    -0.91614502726086211,
    -0.90421754089129314,
    -0.88245517921637373,
    -0.85219626975914919,
    -0.81410003796320018,
    -0.76858798219729219,
    -0.71613224099579842,
    -0.657156258005641,
    -0.59063535040287407,
    -0.51740907414137638,
    -0.43717363835003831,
    -0.35112463919964765,
    -0.26385817659993105,
    -0.17659171400021473,
    -0.089325251400498115,
    -0.0020587888007815519,
    0.085207673798934638,
    0.17142738023579066,
    0.25396731648283616,
    0.33384950326416946,
    0.41181783481020934,
    0.48822746691851893,
    0.56320083512944286,
    0.63674722481188739,
    0.70889810785058049,
    0.77957023932382086,
    0.84863810264820949,
    0.91583045063239432,
    0.98101981258074833,
    1.0439512436494109,
    1.1042906910501271,
    1.1616139495485349,
    1.2153751192632587,
    1.2647971136721332,
    1.3081718591598759,
    1.3438816639060516,
    1.3702238923764876,
    1.3875229244095753,
    1.3960324176475671,
    1.3960670874185934,
    1.3879055401346947,
    1.3714133802510087,
    1.3455993805600837,
    1.3072013734694268,
    1.2473937068373622,
    1.1759697045397695,
    1.098699766876972,
    1.0167198592485218,
    0.939568803695346,
    0.86934452312095145,
    0.80603202576872035,
    0.74995772055894183,
    0.70098290861843537,
    0.65897528555456231,
    0.62396100467655136,
    0.59466018638788487,
    0.58109434027739493,
    0.56895350264740729,
    0.55681266501741977,
    0.55
  ]
}