{
  "startPos": "intake",
  "finalPos": "hold",
  "totalTime": 0.7777322719148545,
  "grannyFactor": 1.25,
  "theta1": [
    -2.3,
    -2.2997331859097141,
    -2.2994663718194284,
    -2.299023996701135,
    -2.2991524882793417,
    -2.3016441180375296,
    -2.31018824972995,
    -2.3268108656692044,
    -2.3503662711306195,
    -2.3808381049181677,
    -2.4183261046204203,
    -2.4629253400224203,
    -2.5144202900445234,
    -2.5728149274140639,
    -2.6381865536068387,
    -2.7059588860717141,
    -2.7662125517767322,
    -2.7950341034654027,
    -2.7927291257290427,
    -2.7693479364915454,
    -2.7307470150664819,
    -2.6806900444712625,
    -2.6216223347988796,
    -2.5555471992018077,
    -2.4863623406824864,
    -2.4155288483451485,
    -2.3430671882062954,
    -2.2690005694996582,
    -2.1934352575505769,
    -2.1165263648365706,
    -2.038509509982406,
    -1.9636146268814181,
    -1.8964886571795518,
    -1.8369488367937508,
    -1.78465146705235,
    -1.7391909889101886,
    -1.7000733321118549,
    -1.6671592459731921,
    -1.6405035278301778,
    -1.6195459344263323,
    -1.605066909194482,
    -1.5984595579645866,
    -1.5918522067346912,
    -1.5909999999999984
  ],
  "theta2": [
    -0.98999999999999988,
    -0.98292496497464366,
    -0.97584992994928721,
    -0.95834596776966063,
    -0.93405675541801192,
    -0.90269080446935224,
    -0.86425773371204784,
    -0.82626445470024557,
    -0.79234630198787914,
    -0.76076650668065859,
    -0.7292501492968998,
    -0.69593362848859575,
    -0.65934358201578958,
    -0.61748082251646175,
    -0.56671003634039419,
    -0.5031643526433196,
    -0.42058710202352961,
    -0.333320639423813,
    -0.24605417682409664,
    -0.15878771422438018,
    -0.071521251624663718,
    0.015745210975052614,
    0.10301167357476898,
    0.1900943173320383,
    0.27433241618133214,
    0.3556611728287668,
    0.43550553155271832,
    0.51477397090692534,
    0.59427382446098909,
    0.67484334807919377,
    0.75754389126789512,
    0.83858556731713052,
    0.912808727275408,
    0.98004824750213793,
    1.0402624098829238,
    1.0934641579294531,
    1.1398167141377125,
    1.1791725931406278,
    1.2112312588346716,
    1.236509214872312,
    1.2539988079900033,
    1.2619844177201776,
    1.2699700274503516,
    1.2710000000000008
  ]
}