{
  "startPos": "defense",
  "finalPos": "score_mid_cone",
  "totalTime": 0.69810482665840479,
  "grannyFactor": 1.25,
  "theta1": [
    -2.26,
    -2.2596602313960363,
    -2.2590498668451615,
    -2.2575151074955273,
    -2.2538935911700273,
    -2.245983435798486,
    -2.2308914310018939,
    -2.2074842884597876,
    -2.1768748196846555,
    -2.1393401700809038,
    -2.0948470139665485,
    -2.0433413768663269,
    -1.9848594277306331,
    -1.9193492007765145,
    -1.8479699504069744,
    -1.7754632866997584,
    -1.7050323273311077,
    -1.6372883640613269,
    -1.5726847212997452,
    -1.512058398959812,
    -1.4578562598439158,
    -1.4106286624874078,
    -1.3703918953815972,
    -1.3370892067170663,
    -1.3107871419909929,
    -1.2918764976434574,
    -1.2869103316519086,
    -1.2873707324892292,
    -1.2893940148071155,
    -1.29183383588472,
    -1.294197884912236,
    -1.2962582978674995,
    -1.297872395753211,
    -1.2989015865906848,
    -1.2994781085201308,
    -1.3
  ],
  "theta2": [
    0.27,
    0.2752979421543969,
    0.28421357390309676,
    0.30148449325109133,
    0.32592583575528611,
    0.3572748710907615,
    0.39573009282270477,
    0.4398442664135811,
    0.48679566761528892,
    0.53736643968212949,
    0.592558483603563,
    0.65279238304373877,
    0.71813872327627593,
    0.7885915959205777,
    0.86283132608499158,
    0.93600006128037916,
    1.0050908523113495,
    1.0697077739007628,
    1.1295115127689066,
    1.1837006581518978,
    1.2300870168892897,
    1.2681558311731873,
    1.2975877477205415,
    1.3171865719419609,
    1.3205812426880783,
    1.2804971914703556,
    1.2148312018388179,
    1.1561474473314017,
    1.1044662370835969,
    1.0598951079704457,
    1.0222419149968847,
    0.9915399883185354,
    0.96826019559422838,
    0.95358175748756824,
    0.9454033932990874,
    0.938
  ]
}