{
  "startPos": "defense",
  "finalPos": "score_high_cube",
  "totalTime": 0.8116154398256509,
  "grannyFactor": 1.25,
  "theta1": [
    -2.821,
    -2.8252309842087002,
    -2.824871826445909,
    -2.806870244581899,
    -2.7581739306561537,
    -2.6657305854734106,
    -2.516487980289891,
    -2.323284645761923,
    -2.0991728512382903,
    -1.8572049552784766,
    -1.6104333414496885,
    -1.371910404685401,
    -1.1546885462299847,
    -0.9718201712516172,
    -0.8363576875454412,
    -0.7591017631550275,
    -0.727
  ],
  "theta2": [
    -0.9,
    -0.8869475831632344,
    -0.8347379169269715,
    -0.730318587746792,
    -0.5867134606981481,
    -0.4169749481951367,
    -0.23415546477510804,
    -0.05130742556989609,
    0.1185167541400564,
    0.2622646592229563,
    0.3668838751415615,
    0.41932198948200644,
    0.43038938006011346,
    0.41313846042221386,
    0.38062164629461037,
    0.34589135403201404,
    0.32199999999999995
  ]
}