{
  "startPos": "hold",
  "finalPos": "auto_start",
  "totalTime": 1.1247446509985397,
  "grannyFactor": 1.25,
  "theta1": [
    -1.5909999999999986,
    -1.5562622359604046,
    -1.4826862085943773,
    -1.399694428697638,
    -1.3345477654866724,
    -1.310523144255664,
    -1.3429545398425222,
    -1.4332601335757034,
    -1.5712955516183502,
    -1.7416935477683506,
    -1.927091806209279,
    -2.1099591410150924,
    -2.2742260907316356,
    -2.407455759347656,
    -2.5037958226929864,
    -2.563918220374169,
    -2.592
  ],
  "theta2": [
    1.2710000000000008,
    1.2362622359636182,
    1.1621251640789845,
    1.0761246797586197,
    0.9997975922932644,
    0.9389285579145532,
    0.8821628897631849,
    0.8127467187208735,
    0.7134878696865208,
    0.570194703129565,
    0.37697726332389697,
    0.1421290073838318,
    -0.11575257765494809,
    -0.3730932503327625,
    -0.6040049979238012,
    -0.7821271802330738,
    -0.882
  ]
}