{
  "startPos": "auto_start",
  "finalPos": "double_substation",
  "totalTime": 0.7168209617325343,
  "grannyFactor": 1.25,
  "theta1": [
    -2.592,
    -2.594706700547578,
    -2.5938345039659003,
    -2.5803910953102753,
    -2.5453841571216893,
    -2.479821372763137,
    -2.3747104320421486,
    -2.2341934150538165,
    -2.0672626374760767,
    -1.8829104220465247,
    -1.6901290937270452,
    -1.4979109781992095,
    -1.3152484014354073,
    -1.151133689484954,
    -1.014559168302866,
    -0.9145171635255869,
    -0.8599999999999997
  ],
  "theta2": [
    -0.882,
    -0.8730076722863082,
    -0.8370383621504339,
    -0.7650997440360976,
    -0.6620195546580012,
    -0.5367901187060307,
    -0.39840376225038665,
    -0.25585281170493307,
    -0.11812959347998662,
    0.0057735663696207706,
    0.1068643432259868,
    0.17615041700594924,
    0.2114080129358358,
    0.22162944787414535,
    0.21580704291178274,
    0.20293311992343185,
    0.19200000000000006
  ]
}