{
  "startPos": "intake",
  "finalPos": "hold",
  "totalTime": 0.74093686537771541,
  "grannyFactor": 1.25,
  "theta1": [
    -2.4,
    -2.3923685687927803,
    -2.3847371375855611,
    -2.3683511595444067,
    -2.343890176062331,
    -2.3139078997015075,
    -2.283658006406847,
    -2.2626471385105114,
    -2.2667018992092896,
    -2.3099507070667014,
    -2.3648936634211322,
    -2.4268073277023055,
    -2.4957470485488615,
    -2.5704941955116012,
    -2.6435376228721021,
    -2.7131606691435941,
    -2.7753375288378157,
    -2.8035834886208217,
    -2.7998116735081231,
    -2.7738835716748969,
    -2.7320260483864027,
    -2.6782574497061944,
    -2.6152726077516544,
    -2.544763470542708,
    -2.4703709529837821,
    -2.3947022925831769,
    -2.3177640669048269,
    -2.2395655511271584,
    -2.1601866863256358,
    -2.0797904229244017,
    -2.0009566332319304,
    -1.92885396749215,
    -1.8646586783215375,
    -1.8084443207657364,
    -1.7596258626158177,
    -1.7176995063639622,
    -1.6821157823679855,
    -1.6527361024126486,
    -1.6294532394227617,
    -1.6117908653280966,
    -1.601913827932242,
    -1.5954183222608123,
    -1.5909999999999986
  ],
  "theta2": [
    -0.99999999999999989,
    -0.99346359166127585,
    -0.986927183322552,
    -0.97272949148947185,
    -0.95074206857653831,
    -0.92129995701241818,
    -0.88482893068067425,
    -0.84123249882694939,
    -0.79065304356555954,
    -0.738479083450613,
    -0.6980920693327608,
    -0.65973689610933417,
    -0.619140277907283,
    -0.57369715277880717,
    -0.52392723186895,
    -0.46521620489040311,
    -0.38605993199827382,
    -0.29972638247259842,
    -0.21245991987288215,
    -0.12519345727316578,
    -0.037926994673449059,
    0.049339467926267394,
    0.136605930525984,
    0.2238723931257004,
    0.30910547529444682,
    0.39114879112192807,
    0.4714800565324907,
    0.55120929591401735,
    0.63136375734250094,
    0.71313059074240059,
    0.795313045606028,
    0.87274226817922973,
    0.9438084614623683,
    1.0078863658339716,
    1.0650025189608359,
    1.115127702724422,
    1.1583591013266494,
    1.1944576268878278,
    1.2232530272986866,
    1.2451657770416764,
    1.2574352311318995,
    1.2655084785443931,
    1.2710000000000008
  ]
}