{
  "startPos": "intake",
  "finalPos": "score_mid_cube",
  "totalTime": 0.5671803072387028,
  "grannyFactor": 1.25,
  "theta1": [
    -2.3,
    -2.3028912019535626,
    -2.309660484558045,
    -2.3168138434110954,
    -2.32059617569778,
    -2.317202459323724,
    -2.3029055143874047,
    -2.2743116797310257,
    -2.2303704927419092,
    -2.174519736330431,
    -2.110760943176547,
    -2.0432777168783347,
    -1.9763401855563394,
    -1.9142474949627004,
    -1.8613047731950598,
    -1.82180505037119,
    -1.8000000000000003
  ],
  "theta2": [
    -0.9899999999999999,
    -0.9855454538919082,
    -0.9677272698719963,
    -0.9320909026667874,
    -0.874181808289385,
    -0.7939999892997373,
    -0.695999989282685,
    -0.5846363531023394,
    -0.46436362603217896,
    -0.3396363535333088,
    -0.21490908116064772,
    -0.09463635450932084,
    0.016727280825546212,
    0.11472727928903297,
    0.19490909542003157,
    0.2528181839450597,
    0.284
  ]
}