{
  "startPos": "score_high_cone",
  "finalPos": "intake",
  "totalTime": 0.7552500693214501,
  "grannyFactor": 1.25,
  "theta1": [
    -0.733,
    -0.7435174954815603,
    -0.7855874756711182,
    -0.8697274309366338,
    -0.997189072620801,
    -1.1574549119796784,
    -1.3400074569620994,
    -1.534329214555102,
    -1.7299026914390643,
    -1.916210394365918,
    -2.082734830593976,
    -2.2189585088735733,
    -2.3143639450083193,
    -2.369653331694847,
    -2.39534414695801,
    -2.401953874994252,
    -2.4
  ],
  "theta2": [
    0.6080000000000001,
    0.6157565631417211,
    0.6285087812323894,
    0.6357391688528576,
    0.6269302384659082,
    0.5915645032267673,
    0.5191244817190992,
    0.4006824528777358,
    0.24675590273933767,
    0.06786232328788235,
    -0.12548079161873332,
    -0.3227559472414989,
    -0.513445648344705,
    -0.6870323995231432,
    -0.8329987053493635,
    -0.9408270705035366,
    -0.9999999999999999
  ]
}