{
  "startPos": "intake",
  "finalPos": "score_high_cone",
  "totalTime": 0.7412725890608121,
  "grannyFactor": 1.25,
  "theta1": [
    -2.04,
    -2.046975200509538,
    -2.057956522641029,
    -2.0629996798135943,
    -2.05216038436611,
    -2.015494348991031,
    -1.943057289152129,
    -1.827483965784829,
    -1.678718665786181,
    -1.5067056790861655,
    -1.3213892965704206,
    -1.1327138094338052,
    -0.95062350899613,
    -0.7850626866102554,
    -0.64597563358852,
    -0.5433066411063732,
    -0.48699999999999977
  ],
  "theta2": [
    -0.48699999999999977,
    -0.47705570970379196,
    -0.43727855178179326,
    -0.3577242457296314,
    -0.2410298021528207,
    -0.09713949761582974,
    0.06400238504788544,
    0.23245156144497178,
    0.39826374719967245,
    0.5514946595553779,
    0.6822000223193226,
    0.7804355803471956,
    0.8374379120847693,
    0.8631512585311533,
    0.8675198800035576,
    0.8604880403835438,
    0.8519999999999995
  ]
}