{
  "startPos": "auto_start",
  "finalPos": "hold",
  "totalTime": 0.7546359763534255,
  "grannyFactor": 1.25,
  "theta1": [
    -2.64,
    -2.6470860019115543,
    -2.654172003823108,
    -2.6711179810151222,
    -2.694984878660077,
    -2.7250548682184941,
    -2.760775110439976,
    -2.8006166635788015,
    -2.8425903800522461,
    -2.8838662190484659,
    -2.9209599322446858,
    -2.9499562117087339,
    -2.9665758898597918,
    -2.9672261214538365,
    -2.9506764974293689,
    -2.9201059878370135,
    -2.8781839965826403,
    -2.8269247263820638,
    -2.7678013280501927,
    -2.7036450406970816,
    -2.6374634986744216,
    -2.5692788209726185,
    -2.4991045929621647,
    -2.4270000225368511,
    -2.3530496192523942,
    -2.2773509230152844,
    -2.1999918339519104,
    -2.1210603130192012,
    -2.0411163517552389,
    -1.96527348778841,
    -1.8965386728453761,
    -1.8347632843332531,
    -1.7798408249005009,
    -1.7323650705652245,
    -1.6914373356385939,
    -1.6575241700870567,
    -1.6313748119111986,
    -1.6156049728513182,
    -1.6051529555906412,
    -1.5947009383299642,
    -1.5909999999999989
  ],
  "theta2": [
    -0.94000000000000006,
    -0.9328166528988725,
    -0.92563330579774483,
    -0.9084076744057854,
    -0.88396999190761494,
    -0.85266735516174019,
    -0.81422499922417746,
    -0.76887369287330443,
    -0.71656084886064653,
    -0.65720132657547525,
    -0.59088819792220126,
    -0.51761934216680294,
    -0.43730431988287555,
    -0.350987060339337,
    -0.26372059773962064,
    -0.17645413513990432,
    -0.08918767254018771,
    -0.0019212099404712084,
    0.085345252659244891,
    0.1706287100560103,
    0.25194389710079734,
    0.33078658303509784,
    0.408063854824276,
    0.48435753372551715,
    0.560056895251751,
    0.63543324446568672,
    0.71068387601741789,
    0.78596417661359008,
    0.86100529520439739,
    0.93130379679857211,
    0.99440331302582008,
    1.0507340872856359,
    1.1005825715203483,
    1.1435292157423795,
    1.1804828348252454,
    1.2110648456812985,
    1.2346289627242775,
    1.2488365275759794,
    1.2582514128405244,
    1.267666298105069,
    1.2710000000000008
  ]
}