{
  "startPos": "defense",
  "finalPos": "score_mid_cone",
  "totalTime": 0.65529061238916186,
  "grannyFactor": 1.25,
  "theta1": [
    -2.26,
    -2.2598409795876151,
    -2.2595150445912786,
    -2.2584423002704428,
    -2.2553060793753144,
    -2.2475884292257131,
    -2.2323692726474684,
    -2.2091746985608416,
    -2.1791029059569245,
    -2.1420379288205,
    -2.0979503605241132,
    -2.0468695770055554,
    -1.9888018679032184,
    -1.9237838828291594,
    -1.8524673208720071,
    -1.7784185685388931,
    -1.7043802268163331,
    -1.6344562975295873,
    -1.571361794856742,
    -1.5152496049496547,
    -1.4661448415361846,
    -1.4240407066059346,
    -1.3889113106009259,
    -1.3607194541832184,
    -1.3395378748015809,
    -1.3257938639660791,
    -1.3235768178752085,
    -1.3244238979269198,
    -1.3258875177512954,
    -1.3273343090975895,
    -1.3285382227931404,
    -1.3293266316647123,
    -1.3297082449548769,
    -1.33
  ],
  "theta2": [
    0.27,
    0.27501370533524105,
    0.2840285747140639,
    0.30150934822653558,
    0.32592298751445603,
    0.35729046075349929,
    0.39566839394394221,
    0.43825078430452274,
    0.48353043163462994,
    0.53248483559672488,
    0.58609141934826714,
    0.64473718456410978,
    0.70855166557529459,
    0.7775211759585634,
    0.85092302376801165,
    0.92510183663592249,
    0.99750589079871133,
    1.0643207751694803,
    1.1232747948643296,
    1.1744729285963731,
    1.2180669509992068,
    1.2541662624904368,
    1.2827975267733378,
    1.3037515561401107,
    1.3149902296341711,
    1.2904548601417343,
    1.2397718860367273,
    1.1960682293560896,
    1.1593362455836054,
    1.1297027499675423,
    1.1068346308407822,
    1.0923052831611044,
    1.0853315967736823,
    1.08
  ]
}