{
  "startPos": "double_substation",
  "finalPos": "score_high_cone",
  "totalTime": 0.33393028256907054,
  "grannyFactor": 1.25,
  "theta1": [
    -0.898,
    -0.8972361862528061,
    -0.8943522344566052,
    -0.8889136651255166,
    -0.8807654007939507,
    -0.8700834520121692,
    -0.8572516877062455,
    -0.8427618103666924,
    -0.8271641215139168,
    -0.8110415349402472,
    -0.7949935751343282,
    -0.7796246778220532,
    -0.7655338663407392,
    -0.7533036912038245,
    -0.7434860409847237,
    -0.7365808855873012,
    -0.733
  ],
  "theta2": [
    0.2899999999999999,
    0.29090909113563046,
    0.2945454555351833,
    0.30181818404498634,
    0.3136363670653992,
    0.33000000370906224,
    0.35000000371498013,
    0.3727272763787239,
    0.39727273085396553,
    0.42272727622934025,
    0.4481818215609646,
    0.47272727589101865,
    0.49545454826168245,
    0.5154545477290727,
    0.5318181833818244,
    0.5436363643736098,
    0.5499999999999999
  ]
}