{
  "startPos": "defense",
  "finalPos": "auto_start",
  "totalTime": 0.3474992677045267,
  "grannyFactor": 1.25,
  "theta1": [
    -2.933,
    -2.9319755242302,
    -2.927877621305826,
    -2.919681815770369,
    -2.906363632650268,
    -2.8879230729064624,
    -2.865384611361592,
    -2.839772723318501,
    -2.8121118842336967,
    -2.783426569634117,
    -2.754741255081916,
    -2.7270804161543385,
    -2.701468528428629,
    -2.6789300674669407,
    -2.660489508796212,
    -2.6471713278729507,
    -2.64
  ],
  "theta2": [
    -0.8150000000000001,
    -0.8155709589070059,
    -0.817605469512937,
    -0.821329366678892,
    -0.826856330080821,
    -0.8341778439105425,
    -0.8431640767309397,
    -0.8535753290713057,
    -0.8650790842940188,
    -0.877267770667581,
    -0.8896772967627347,
    -0.9018044187228406,
    -0.9131230212212024,
    -0.9231003458021834,
    -0.9312155835384618,
    -0.9369847507676841,
    -0.9400000000000001
  ]
}