{
  "startPos": "score_high_cone",
  "finalPos": "score_mid_cone",
  "totalTime": 0.5283768105624029,
  "grannyFactor": 1.25,
  "theta1": [
    -0.733,
    -0.7366013992331758,
    -0.7510069957762588,
    -0.7798181880502044,
    -0.8266363730625081,
    -0.8914615483124131,
    -0.9706923172675852,
    -1.0607272819385127,
    -1.157965043904323,
    -1.2588042045500418,
    -1.3596433651610753,
    -1.45688112697754,
    -1.5469160912341942,
    -1.6261468591995396,
    -1.6909720322275779,
    -1.737790211849537,
    -1.7629999999999995
  ],
  "theta2": [
    0.6080000000000001,
    0.6084281691891045,
    0.6094911961544516,
    0.6104333417836846,
    0.6102560863091648,
    0.6079232018745934,
    0.6025259228260165,
    0.5934410198702784,
    0.5804802051272231,
    0.5639736292765621,
    0.544732115244531,
    0.5239265779818328,
    0.5029634678833315,
    0.4833770225738467,
    0.46673141390457473,
    0.45451582379000294,
    0.4480000000000001
  ]
}