{
  "startPos": "score_high_cone",
  "finalPos": "defense",
  "totalTime": 0.7050433970209208,
  "grannyFactor": 1.25,
  "theta1": [
    -0.733,
    -0.7415563309844904,
    -0.7757816540866419,
    -0.8442322985424293,
    -0.9554645907599766,
    -1.1044802894805557,
    -1.2827230697217231,
    -1.4816366037403559,
    -1.6926645630078132,
    -1.9072506187754317,
    -2.11683844242918,
    -2.3128717059662836,
    -2.486794083360261,
    -2.6300492530115873,
    -2.734080908262834,
    -2.794879063340262,
    -2.821
  ],
  "theta2": [
    0.6080000000000001,
    0.6121141854173497,
    0.6159004362944592,
    0.6108024326235619,
    0.5882638521964552,
    0.5397283735243052,
    0.45663968075811806,
    0.33832286731108446,
    0.19333425383268937,
    0.030230167150714537,
    -0.1424330639604382,
    -0.31609910981107237,
    -0.4822116401955235,
    -0.632214324732053,
    -0.7575508330158175,
    -0.849664834753771,
    -0.9
  ]
}