{
  "startPos": "hold",
  "finalPos": "defense",
  "totalTime": 1.124744651032541,
  "grannyFactor": 1.25,
  "theta1": [
    -1.5909999999999986,
    -1.556262235960704,
    -1.4825272321936913,
    -1.3990516417085046,
    -1.3329405121864095,
    -1.307437644708278,
    -1.3384470172633278,
    -1.4293725300725728,
    -1.5722008802395298,
    -1.7532065940333856,
    -1.9562548612316677,
    -2.1646017490207408,
    -2.362262789505118,
    -2.535438062154098,
    -2.673948033124039,
    -2.7708000337290173,
    -2.821
  ],
  "theta2": [
    1.2710000000000008,
    1.2362622359624558,
    1.1620332393271857,
    1.0756933932447892,
    0.9984645602951558,
    0.9356556238929316,
    0.8759346645195375,
    0.8027868302888539,
    0.6994119564621282,
    0.5522297394109367,
    0.3561911052572175,
    0.11997031144669253,
    -0.1380035534587358,
    -0.3945169772143575,
    -0.6241362733303436,
    -0.8009647890371129,
    -0.9
  ]
}