{
  "startPos": "defense",
  "finalPos": "score_hybrid",
  "totalTime": 0.3802843246054272,
  "grannyFactor": 1.25,
  "theta1": [
    -2.821,
    -2.8201922083031143,
    -2.8173477440097874,
    -2.8122871147737647,
    -2.805060888921528,
    -2.7958925879312377,
    -2.785122440388127,
    -2.7731652098929316,
    -2.7604801757303803,
    -2.747549024347788,
    -2.7348584086615877,
    -2.7228850185010276,
    -2.712081717510898,
    -2.7028637397849824,
    -2.69559425708585,
    -2.6905689787780935,
    -2.688
  ],
  "theta2": [
    -0.9,
    -0.8986573423635443,
    -0.893286712003138,
    -0.8825454516575207,
    -0.8650909046438068,
    -0.8409230721128094,
    -0.811384610566673,
    -0.77781817708263,
    -0.7415664289219405,
    -0.703972023430211,
    -0.6663776179952213,
    -0.630125870022825,
    -0.596559436918876,
    -0.567020976071154,
    -0.5428531448252651,
    -0.5253986004424699,
    -0.5160000000000001
  ]
}