{
  "startPos": "score_mid_cube",
  "finalPos": "double_substation",
  "totalTime": 0.6128365568893616,
  "grannyFactor": 1.25,
  "theta1": [
    -1.8000000000000003,
    -1.7964456625036151,
    -1.780163606992741,
    -1.7455347218435338,
    -1.6869399133067169,
    -1.603581091713455,
    -1.5010773935508126,
    -1.385047989576797,
    -1.2611120608083606,
    -1.1348887929020612,
    -1.011997374048555,
    -0.8980569939862377,
    -0.7986868399259209,
    -0.7195060934160915,
    -0.6661339168920275,
    -0.636171595668442,
    -0.6239999999999999
  ],
  "theta2": [
    0.284,
    0.28961919367824585,
    0.31209596700941683,
    0.3458601582869903,
    0.38529257602827194,
    0.42477402756939875,
    0.45868531996356415,
    0.48140726025811015,
    0.48732065576223715,
    0.4708063148401082,
    0.4366890904046106,
    0.3905881747468784,
    0.338122761205834,
    0.28491204335366765,
    0.23657521482602106,
    0.1987314692269434,
    0.17699999999999988
  ]
}