{
  "startPos": "double_substation",
  "finalPos": "score_high_cone",
  "totalTime": 0.35711415021013776,
  "grannyFactor": 1.25,
  "theta1": [
    -0.898,
    -0.8971533134023786,
    -0.8940397872001183,
    -0.8883068628005268,
    -0.8798927278988345,
    -0.8690022638351688,
    -0.856017929126119,
    -0.8414287661712063,
    -0.8257868719911993,
    -0.8096800977883345,
    -0.7937130706412845,
    -0.7784921134774411,
    -0.7646113410558506,
    -0.7526378065294373,
    -0.7430934648385354,
    -0.7364310425948105,
    -0.733
  ],
  "theta2": [
    0.2899999999999999,
    0.2911118883709756,
    0.2955594416913681,
    0.30445454800128496,
    0.31890909483079133,
    0.33892308116503667,
    0.36338461963334323,
    0.39118182235788956,
    0.4212028012985679,
    0.45233566834088956,
    0.483468535333175,
    0.5134895141078061,
    0.5412867164971644,
    0.5657482543495707,
    0.5857622395505361,
    0.600216784059953,
    0.6080000000000001
  ]
}