{
  "startPos": "double_substation",
  "finalPos": "auto_start",
  "totalTime": 1.2263093981496869,
  "grannyFactor": 1.25,
  "theta1": [
    -0.898,
    -0.89742345990340211,
    -0.89559590018084245,
    -0.893768340458283,
    -0.89194078073572358,
    -0.88880839491199248,
    -0.88442962965684813,
    -0.87888730153145944,
    -0.87261518301515661,
    -0.865644724731727,
    -0.85813463971162152,
    -0.85035523174056671,
    -0.8427386897952418,
    -0.835948618431649,
    -0.83111945618724858,
    -0.82955721871158183,
    -0.83295424550254726,
    -0.84296676809356341,
    -0.86282419537772226,
    -0.89413169503574719,
    -0.93127187891622087,
    -0.97407495620801787,
    -1.0231947415338338,
    -1.0789924244610924,
    -1.1414062768742892,
    -1.2098105816895388,
    -1.2835173403858684,
    -1.3618529476141736,
    -1.4438637538124333,
    -1.5273464339421241,
    -1.6086598778401555,
    -1.6874174925215617,
    -1.7636673191765884,
    -1.8374267808000639,
    -1.9086881067836114,
    -1.9774218269537878,
    -2.0433599637413575,
    -2.1065741217920122,
    -2.1669975257046827,
    -2.2243992795661991,
    -2.2785310379984454,
    -2.3294381346932944,
    -2.3769379327468565,
    -2.420602845494555,
    -2.4604458021938012,
    -2.4963243763400316,
    -2.5274391997812113,
    -2.5525543448090668,
    -2.5719894566947659,
    -2.5860873335762506,
    -2.5954628926626624,
    -2.6006567345413654,
    -2.6028385087611166,
    -2.6029829927986148,
    -2.6019338824808584,
    -2.6002781986702059,
    -2.598415107872488,
    -2.5966094609601575,
    -2.5950591218851127,
    -2.5938880150534618,
    -2.593258676702308,
    -2.5926293383511543,
    -2.592
  ],
  "theta2": [
    0.29000000000000004,
    0.29418897283785778,
    0.30746749081525215,
    0.32074600879264642,
    0.33402452677004074,
    0.3569028252055535,
    0.38895090411858707,
    0.43009272013574579,
    0.47750992457928826,
    0.531767876129386,
    0.59303025407940868,
    0.66182100472187455,
    0.73703747474370029,
    0.81952165726107939,
    0.90640694258079713,
    0.99367340518051339,
    1.0806114963539923,
    1.1634801724042163,
    1.2404059101818168,
    1.3031894947866576,
    1.3425147273906757,
    1.3667885684380552,
    1.378773076578147,
    1.3797833345131898,
    1.3702616698923782,
    1.3505040344234627,
    1.3208892994958106,
    1.2817918475753129,
    1.2342610453862422,
    1.1799379182650365,
    1.1218226114504037,
    1.0609316000960436,
    0.99779175842897061,
    0.932795820916259,
    0.86624258700122869,
    0.7983627620294691,
    0.72925632503454607,
    0.65914235232305929,
    0.58812812812503612,
    0.51623979579232115,
    0.44345584409573757,
    0.36974874022823767,
    0.2949077321562214,
    0.21833342376443762,
    0.13903116400661436,
    0.055670283153802916,
    -0.031286456302127577,
    -0.11855291890184406,
    -0.2058193815015604,
    -0.2930858441012768,
    -0.37917812732296835,
    -0.45943009070275032,
    -0.53279062388605725,
    -0.599057054575393,
    -0.6582105157003918,
    -0.710449946260116,
    -0.75587009775033376,
    -0.79401164449170336,
    -0.82447194261709988,
    -0.84686258029884964,
    -0.85857505353256647,
    -0.87028752676628329,
    -0.882
  ]
}