{
  "startPos": "defense",
  "finalPos": "score_high_cone",
  "totalTime": 1.208145968252043,
  "grannyFactor": 1.25,
  "theta1": [
    -2.821,
    -2.818538674082534,
    -2.8160773481650678,
    -2.8136160222476021,
    -2.8096868359262173,
    -2.8037217236903218,
    -2.7960080167859722,
    -2.7869254674716446,
    -2.77632634509274,
    -2.7638167378575997,
    -2.7495269058362148,
    -2.7329575206701939,
    -2.7138527345407821,
    -2.6919262799022343,
    -2.6679087459299606,
    -2.6418073844533332,
    -2.6133134201054213,
    -2.5821024581406498,
    -2.5478320050762289,
    -2.5101387269558884,
    -2.4686353967034127,
    -2.4229150228108982,
    -2.3726534038065856,
    -2.31807209900939,
    -2.2601992545368761,
    -2.1998149781437921,
    -2.1369804089349564,
    -2.07166741011667,
    -2.0038359233248748,
    -1.933429389780178,
    -1.8603706071469261,
    -1.7845574952904411,
    -1.7058583421577576,
    -1.6240614624178962,
    -1.5389943786994078,
    -1.4518755375141035,
    -1.3646090749143869,
    -1.27734261231467,
    -1.1904635682900029,
    -1.1078656959342956,
    -1.0317423523786617,
    -0.96243440804519187,
    -0.89966909403293982,
    -0.8430989401857778,
    -0.79245666640624979,
    -0.747510539943153,
    -0.70788798118601615,
    -0.67974238582689028,
    -0.66565154505861623,
    -0.6618294907261747,
    -0.66567220159632345,
    -0.67345375624098947,
    -0.68299070274522211,
    -0.69287566484268615,
    -0.70229210767685246,
    -0.71075135747317941,
    -0.71794729741328112,
    -0.72414557271591973,
    -0.72674561344208077,
    -0.72934370702498585,
    -0.73194180060789094,
    -0.733
  ],
  "theta2": [
    -0.9,
    -0.887499726680717,
    -0.87499945336143381,
    -0.86249918004215065,
    -0.84259321920012809,
    -0.81241555193284543,
    -0.77367655981261541,
    -0.72850983290259208,
    -0.67658290383281583,
    -0.61687682232284091,
    -0.55071019182670367,
    -0.47734051868896482,
    -0.39715698867154325,
    -0.31111161135184312,
    -0.22384514875212649,
    -0.13657868615241037,
    -0.049312223552693782,
    0.037954239047022789,
    0.1252207016467391,
    0.21248716424645572,
    0.29975362684617241,
    0.38702008944588884,
    0.47428655204560544,
    0.56082154830777642,
    0.64486072042333042,
    0.72536416212869814,
    0.80236904229210282,
    0.87592715138529487,
    0.94600712505526841,
    1.012510108324679,
    1.0752770226327846,
    1.1340899512820044,
    1.1886688903421463,
    1.2385956737694441,
    1.2834157511092219,
    1.3220378399204844,
    1.3536514814104341,
    1.3785038600708954,
    1.3965079269242655,
    1.4069830949068354,
    1.4101389690118524,
    1.4065169720233834,
    1.3964645440690826,
    1.3799267093879286,
    1.3562023990538796,
    1.3231707471019889,
    1.2745988340352259,
    1.2098963584283871,
    1.1391820465817353,
    1.0623025971567253,
    0.98626729004336011,
    0.91709492448651764,
    0.85494738315966856,
    0.799899404983136,
    0.75199893900456338,
    0.7110637162437623,
    0.67722757593216043,
    0.6485280945346823,
    0.63662717691360871,
    0.62473534964211375,
    0.61284352237061879,
    0.608
  ]
}