{
  "startPos": "score_hybrid",
  "finalPos": "double_substation",
  "totalTime": 0.6352563397114206,
  "grannyFactor": 1.25,
  "theta1": [
    -2.688,
    -2.681741257921416,
    -2.656706290124483,
    -2.6066363555775984,
    -2.5252727148631116,
    -2.412615371192363,
    -2.2749230634786426,
    -2.118454532240025,
    -1.949468518508111,
    -1.7742237635498734,
    -1.598979008749966,
    -1.4299929955434802,
    -1.273524465365507,
    -1.1358321596007013,
    -1.0231748195160342,
    -0.9418111861431092,
    -0.898
  ],
  "theta2": [
    -0.5160000000000001,
    -0.510133003945276,
    -0.4872981692365831,
    -0.4436249122737157,
    -0.3812705790052867,
    -0.30466217926921957,
    -0.21872723759894624,
    -0.12853819451237614,
    -0.03913477886618356,
    0.044678636331681745,
    0.1185723134418094,
    0.17912883520776243,
    0.22471058349857945,
    0.25609235798612867,
    0.2755412086585342,
    0.2858981246613401,
    0.2899999999999999
  ]
}