{
  "startPos": "score_mid_cone",
  "finalPos": "double_substation",
  "totalTime": 0.4638835090593878,
  "grannyFactor": 1.25,
  "theta1": [
    -1.3300000000000003,
    -1.3274580415084156,
    -1.3172902078258362,
    -1.2969545410348737,
    -1.2639090841032783,
    -1.218153838792248,
    -1.1622307618574255,
    -1.0986818109345644,
    -1.0300489439410532,
    -0.958874118923363,
    -0.8876992939925069,
    -0.8190664272871581,
    -0.7555174769459899,
    -0.6995944010800154,
    -0.6538391577357057,
    -0.6207937048304494,
    -0.6029999999999996
  ],
  "theta2": [
    0.9380000000000004,
    0.935964125148653,
    0.9282719402735072,
    0.91370243448564,
    0.8916757090486731,
    0.8624897229990983,
    0.8270923908305415,
    0.786786573197414,
    0.7430737148894017,
    0.6975727181358556,
    0.651972343944153,
    0.6079988386727972,
    0.5673897408859406,
    0.5318678531477733,
    0.5031089645912901,
    0.4826913567480621,
    0.4719999999999994
  ]
}