{
  "startPos": "auto_start",
  "finalPos": "score_mid_cube",
  "totalTime": 0.95210302571563432,
  "grannyFactor": 1.25,
  "theta1": [
    -2.592,
    -2.59269814711373,
    -2.5933962942274595,
    -2.5940944413411895,
    -2.595715415783316,
    -2.5976957021294753,
    -2.6000363941190439,
    -2.6026510596087986,
    -2.6053497557296659,
    -2.6078606662490076,
    -2.6098133019063914,
    -2.6106829034435886,
    -2.6096719778642834,
    -2.6059911830384053,
    -2.5989982100752242,
    -2.5881364083395315,
    -2.5729981932061552,
    -2.553071610585639,
    -2.5276781956296768,
    -2.4963424490798944,
    -2.4596932817303947,
    -2.4190254353725957,
    -2.3745582286199705,
    -2.3263841604769988,
    -2.2747568973936128,
    -2.2196225234868465,
    -2.1612575398572273,
    -2.0995975805251565,
    -2.0354174185146046,
    -1.9737361889291165,
    -1.9166281478829252,
    -1.8649414506112429,
    -1.8195013312515138,
    -1.7806835310589333,
    -1.7483286300770673,
    -1.7359460382182681,
    -1.73684093965587,
    -1.7426613651862997,
    -1.7505284530885588,
    -1.7589719831681658,
    -1.7672702490608172,
    -1.7749377098662564,
    -1.7817954598321852,
    -1.787621804711724,
    -1.7922184096190836,
    -1.7952126789640355,
    -1.7970503154429964,
    -1.7988879519219574,
    -1.8
  ],
  "theta2": [
    -0.882,
    -0.87136560528780627,
    -0.86073121057561253,
    -0.85009681586341879,
    -0.82512299670799294,
    -0.79406570252362429,
    -0.75610189161946606,
    -0.71065442788543631,
    -0.6584862632352515,
    -0.59907176652761718,
    -0.53280403199032178,
    -0.45960262009844971,
    -0.37921601676281735,
    -0.29301083839087805,
    -0.20574437579116142,
    -0.11847791319144527,
    -0.031211450591728657,
    0.056055012007987716,
    0.14332147460770397,
    0.23058793720742046,
    0.31549866433417822,
    0.39555129400648043,
    0.47222005057820882,
    0.54650908449330582,
    0.61881217287607915,
    0.68894354041146766,
    0.7566487899283969,
    0.82115344983745475,
    0.88057473496189143,
    0.92950639208910157,
    0.96598380506110471,
    0.98880256791112919,
    0.99579941998308608,
    0.98172553392421946,
    0.92579768081200853,
    0.8385312182122926,
    0.75421144887760239,
    0.67665173248217259,
    0.60623312466425516,
    0.542730607319332,
    0.486050010469425,
    0.43674692851549174,
    0.39402161999824831,
    0.35845773829103078,
    0.33071017365050348,
    0.31269940517971445,
    0.30168299882498611,
    0.29066659247025772,
    0.28400000000000003
  ]
}