{
  "startPos": "score_high_cone",
  "finalPos": "intake",
  "totalTime": 0.764193512627475,
  "grannyFactor": 1.25,
  "theta1": [
    -0.733,
    -0.7438955724720503,
    -0.7874778606176088,
    -0.8746424317776086,
    -1.00414751115459,
    -1.1650975330372775,
    -1.3465969283958101,
    -1.5377501272352272,
    -1.7276615592528557,
    -1.9054356542178226,
    -2.060176842407378,
    -2.1809895555959167,
    -2.256978232635213,
    -2.2959780581622287,
    -2.3088845871331056,
    -2.306593380696248,
    -2.3
  ],
  "theta2": [
    0.5499999999999999,
    0.5592899242981927,
    0.5762641422547959,
    0.5900270881460089,
    0.58968319435472,
    0.5643368930065791,
    0.5030926171864614,
    0.395054804207998,
    0.2487907059823836,
    0.07519588807351174,
    -0.11483407950298068,
    -0.3104036253128795,
    -0.500617177247691,
    -0.6745791629796958,
    -0.8213940101394009,
    -0.9301661464574678,
    -0.9899999999999999
  ]
}