{
  "startPos": "defense",
  "finalPos": "score_hybrid",
  "totalTime": 0.3802843246054303,
  "grannyFactor": 1.25,
  "theta1": [
    -2.8,
    -2.798899169371893,
    -2.7950431683010284,
    -2.78856464964516,
    -2.779933193000421,
    -2.769734069352002,
    -2.7585823632736197,
    -2.74707785534328,
    -2.7357732991603188,
    -2.7251477180958186,
    -2.7155831998190725,
    -2.7073478699043085,
    -2.700590170438922,
    -2.6953482196198184,
    -2.6915732422079963,
    -2.6891627278270627,
    -2.688
  ],
  "theta2": [
    -0.9,
    -0.8986573423635443,
    -0.8932867120031379,
    -0.8825454516575205,
    -0.8650909046438064,
    -0.8409230721128089,
    -0.8113846105666725,
    -0.7778181770826296,
    -0.7415664289219401,
    -0.7039720234302107,
    -0.666377617995221,
    -0.6301258700228247,
    -0.5965594369188758,
    -0.5670209760711538,
    -0.5428531448252649,
    -0.5253986004424698,
    -0.5160000000000001
  ]
}