{
  "startPos": "score_mid_cone",
  "finalPos": "auto_start",
  "totalTime": 0.576810200934566,
  "grannyFactor": 1.25,
  "theta1": [
    -1.7629999999999997,
    -1.7672368157213556,
    -1.7835598410477347,
    -1.814774018100627,
    -1.8616355185094098,
    -1.9223854609470736,
    -1.994268445212454,
    -2.0741513562040343,
    -2.1587549740710816,
    -2.2447817818286024,
    -2.3290184365915096,
    -2.408381566778778,
    -2.4799640563843575,
    -2.5410881224208666,
    -2.5893776398488972,
    -2.622845287725274,
    -2.64
  ],
  "theta2": [
    0.39999999999999997,
    0.3953146846281017,
    0.3765734234871348,
    0.33909090194538355,
    0.27818180671279136,
    0.19384614090842142,
    0.09076921726731793,
    -0.026363650082802077,
    -0.1528671466148064,
    -0.2840559576281069,
    -0.41524476833708696,
    -0.541748263922824,
    -0.6588811295734608,
    -0.7619580505264296,
    -0.8462937121272963,
    -0.9072027999371894,
    -0.9400000000000001
  ]
}