{
  "startPos": "score_hybrid",
  "finalPos": "defense",
  "totalTime": 0.3851728324525381,
  "grannyFactor": 1.25,
  "theta1": [
    -2.688,
    -2.68783792887229,
    -2.687353378022012,
    -2.686659608150188,
    -2.6859320322334734,
    -2.6853680286128183,
    -2.685154719904908,
    -2.685442887758189,
    -2.686326398768299,
    -2.6878277945414997,
    -2.6898913262868693,
    -2.692384295809771,
    -2.6951064313297577,
    -2.6978061677778538,
    -2.7002028965384963,
    -2.7020155515224396,
    -2.7029999999999994
  ],
  "theta2": [
    -0.5160000000000001,
    -0.5173951051965053,
    -0.5229755257923121,
    -0.5341363665990221,
    -0.5522727318348968,
    -0.5773846203193463,
    -0.6080769280195268,
    -0.6429545503126265,
    -0.6806223823870435,
    -0.7196853193446476,
    -0.7587482562440441,
    -0.7964160881252964,
    -0.831293710028468,
    -0.8619860170121639,
    -0.8870979041782541,
    -0.9052342667151367,
    -0.9149999999999999
  ]
}