{
  "startPos": "double_substation",
  "finalPos": "hold",
  "totalTime": 0.6240533034533917,
  "grannyFactor": 1.25,
  "theta1": [
    -0.6239999999999999,
    -0.6202818730810363,
    -0.6150608750281779,
    -0.6142704095709819,
    -0.6238438836018764,
    -0.6497147029792193,
    -0.697816265454779,
    -0.7712120332265955,
    -0.8639686016442988,
    -0.9701525571744896,
    -1.083830483485039,
    -1.1990689629278883,
    -1.3099345771131752,
    -1.4104939071859535,
    -1.4948135339782818,
    -1.556960038100556,
    -1.5909999999999986
  ],
  "theta2": [
    0.17699999999999988,
    0.1746774774830622,
    0.1736432926216761,
    0.17983084914469333,
    0.19917355394477945,
    0.23760481288068247,
    0.30105802370391843,
    0.3884098354294313,
    0.4937268434060577,
    0.6110756341000355,
    0.7345227911790603,
    0.8581348969949777,
    0.9759785331578702,
    1.0821202808127584,
    1.1706267207916812,
    1.2355644337050231,
    1.2710000000000008
  ]
}