{
  "startPos": "score_mid_cube",
  "finalPos": "intake",
  "totalTime": 0.5593561317713849,
  "grannyFactor": 1.25,
  "theta1": [
    -1.8000000000000003,
    -1.8038953315741348,
    -1.8189051527603255,
    -1.847338256953016,
    -1.8883951322641854,
    -1.9395526737029531,
    -1.997816246037526,
    -2.0600397320584385,
    -2.1230798146630185,
    -2.1839454481166567,
    -2.239976319231418,
    -2.289006615496742,
    -2.3295781568674543,
    -2.3610942621791886,
    -2.3837238958956384,
    -2.3981015034991198,
    -2.405
  ],
  "theta2": [
    0.284,
    0.2797272720916355,
    0.26263636085932907,
    0.22845453920645797,
    0.17290908128772173,
    0.0959999895929221,
    0.0019999895763218316,
    -0.10481819206360389,
    -0.22018182823023183,
    -0.33981819164445404,
    -0.45945455493592047,
    -0.5748181906951768,
    -0.6816363715127693,
    -0.7756363700183475,
    -0.8525454589328032,
    -0.9080909111595128,
    -0.9380000000000001
  ]
}