{
  "startPos": "double_substation",
  "finalPos": "hold",
  "totalTime": 0.6240533034533917,
  "grannyFactor": 1.25,
  "theta1": [
    -0.6239999999999999,
    -0.6202818730810353,
    -0.6150608750281755,
    -0.6142704095709786,
    -0.6238438836018726,
    -0.6497147029792159,
    -0.6978162654547775,
    -0.7712120332265949,
    -0.8639686016442987,
    -0.9701525571744898,
    -1.0838304834850392,
    -1.1990689629278886,
    -1.3099345771131754,
    -1.4104939071859537,
    -1.494813533978282,
    -1.556960038100556,
    -1.5909999999999986
  ],
  "theta2": [
    0.17699999999999988,
    0.1746774774830623,
    0.1736432926216761,
    0.17983084914469305,
    0.19917355394477876,
    0.23760481288068133,
    0.30105802370391715,
    0.3884098354294302,
    0.4937268434060568,
    0.6110756341000348,
    0.7345227911790597,
    0.8581348969949774,
    0.9759785331578699,
    1.0821202808127581,
    1.1706267207916812,
    1.2355644337050231,
    1.2710000000000008
  ]
}