{
  "startPos": "auto_start",
  "finalPos": "score_high_cube",
  "totalTime": 0.762801565766177,
  "grannyFactor": 1.25,
  "theta1": [
    -2.34,
    -2.341847338831747,
    -2.3365535133190263,
    -2.3132825233067407,
    -2.261198356093853,
    -2.1694650564533595,
    -2.035412642613584,
    -1.8698771376323782,
    -1.6836946345028991,
    -1.487701247893341,
    -1.2927331025131292,
    -1.109626314632863,
    -0.9492169848963167,
    -0.8223411789400351,
    -0.7398348440777196,
    -0.6956663655958233,
    -0.6790000000000004
  ],
  "theta2": [
    -0.4219999999999999,
    -0.4111638562370443,
    -0.3678192826098377,
    -0.28352616041080236,
    -0.1691206313871353,
    -0.03543883839237411,
    0.1066830754105308,
    0.2464089667819878,
    0.3729026925616548,
    0.4753281099041628,
    0.5428490770985973,
    0.5682157661647593,
    0.5622643179162449,
    0.5358308746027259,
    0.49975157883289717,
    0.46486257321544394,
    0.44199999999999995
  ]
}