{
  "startPos": "score_high_cone",
  "finalPos": "score_hybrid",
  "totalTime": 0.6542045857060726,
  "grannyFactor": 1.25,
  "theta1": [
    -0.733,
    -0.7398356652051453,
    -0.767178325476997,
    -0.8218636449103296,
    -0.9107272858882498,
    -1.0337692450049814,
    -1.184153860412314,
    -1.3550454685600948,
    -1.53960840535355,
    -1.7310070064482868,
    -1.9224056073751044,
    -2.1069685436113117,
    -2.277860150634218,
    -2.4282447639746216,
    -2.551286719288132,
    -2.640150352479975,
    -2.688
  ],
  "theta2": [
    0.5499999999999999,
    0.5496426100812828,
    0.5457876936158312,
    0.5341341883850741,
    0.5100586599338056,
    0.4691171766829255,
    0.40777505313108514,
    0.3258689289576465,
    0.22702004262128442,
    0.11613764729338107,
    -0.0013255056380728498,
    -0.11963117844924917,
    -0.23287677050192257,
    -0.33507138156787053,
    -0.4202226589045346,
    -0.48242280702495155,
    -0.5160000000000001
  ]
}