{
  "startPos": "score_high_cube",
  "finalPos": "auto_start",
  "totalTime": 0.7851048732996941,
  "grannyFactor": 1.25,
  "theta1": [
    -0.727,
    -0.7357121845593263,
    -0.7736633999143582,
    -0.8526683186790105,
    -0.9841311006153592,
    -1.1562370512654012,
    -1.3571714665290489,
    -1.5751196439866815,
    -1.7982668837281186,
    -2.0147984898685984,
    -2.2128997737114675,
    -2.380756061964484,
    -2.506552730676543,
    -2.5835608606511773,
    -2.623595032840012,
    -2.638469871276251,
    -2.64
  ],
  "theta2": [
    0.32199999999999995,
    0.33381470914513306,
    0.36204299957556896,
    0.3948701627083614,
    0.42048148940242863,
    0.4270622705207364,
    0.40279779750791167,
    0.33587336382716243,
    0.22247518892579402,
    0.07441797851255032,
    -0.09648355971118552,
    -0.27841471743403867,
    -0.45956078610063855,
    -0.6281070570872973,
    -0.7722388218386497,
    -0.8801413720433345,
    -0.9400000000000001
  ]
}