{
  "startPos": "score_mid_cube",
  "finalPos": "defense",
  "totalTime": 0.4954128138213776,
  "grannyFactor": 1.25,
  "theta1": [
    -1.4109999999999998,
    -1.4139685319671484,
    -1.425842659521065,
    -1.4495909139921388,
    -1.4881818257291772,
    -1.541615392779087,
    -1.606923085099805,
    -1.681136371673264,
    -1.7612867211690744,
    -1.8444056021136994,
    -1.927524482962029,
    -2.007674832138279,
    -2.0818881180666637,
    -2.1471958092020733,
    -2.2006293740709717,
    -2.23922028134297,
    -2.26
  ],
  "theta2": [
    0.4849999999999999,
    0.4864656805941344,
    0.49021557405481525,
    0.4944867889048903,
    0.4972778513532007,
    0.4965864119639823,
    0.490595849354281,
    0.4780278071742524,
    0.4589078998848276,
    0.4344145658713368,
    0.40623289337742563,
    0.3762750165086707,
    0.3465560858456351,
    0.3191208826579746,
    0.2959827114930277,
    0.2790497099720389,
    0.2700000000000002
  ]
}