{
  "startPos": "score_high_cone",
  "finalPos": "auto_start",
  "totalTime": 0.7287846286098446,
  "grannyFactor": 1.25,
  "theta1": [
    -0.733,
    -0.7424501266173757,
    -0.7802506316288519,
    -0.8558516373748232,
    -0.9765832288354342,
    -1.1329952849621605,
    -1.3156376819379312,
    -1.5150602951253802,
    -1.7218129996000382,
    -1.9264456704374353,
    -2.1195081830002036,
    -2.291550413471266,
    -2.433122240802028,
    -2.534773552987618,
    -2.596836881392969,
    -2.6287623276874124,
    -2.64
  ],
  "theta2": [
    0.5499999999999999,
    0.5564728137133443,
    0.5664411526914745,
    0.5704549006082985,
    0.5590639390077733,
    0.5228181501301722,
    0.45226742167482636,
    0.3408797772320856,
    0.19810533374926592,
    0.0333942141540205,
    -0.1438034567417252,
    -0.32403755324006545,
    -0.49785794914365117,
    -0.6558145180846983,
    -0.7884571336730578,
    -0.8863356696267974,
    -0.9400000000000001
  ]
}