{
  "startPos": "intake",
  "finalPos": "double_substation",
  "totalTime": 0.7439390962884233,
  "grannyFactor": 1.25,
  "theta1": [
    -2.4,
    -2.4077960000331666,
    -2.4211320382678267,
    -2.4299561351150367,
    -2.4242163083142176,
    -2.3938605764773158,
    -2.328836965049211,
    -2.2194646488568233,
    -2.075795608246719,
    -1.9078818310872325,
    -1.7257753076183135,
    -1.5395280288472053,
    -1.3591919860911963,
    -1.1948191707496043,
    -1.0564615741212637,
    -0.954171187165477,
    -0.898
  ],
  "theta2": [
    -0.9999999999999999,
    -0.9899480068342692,
    -0.9497400349499368,
    -0.8693240935177561,
    -0.7524997050917068,
    -0.6093188595616778,
    -0.44983354831306965,
    -0.2840957631035623,
    -0.12215749568693982,
    0.025929262568279873,
    0.15011252185135188,
    0.24034029727259223,
    0.29040014928801655,
    0.31034405931826753,
    0.31022401335969874,
    0.3000919982557443,
    0.2899999999999999
  ]
}