{
  "startPos": "intake",
  "finalPos": "score_high_cone",
  "totalTime": 0.7569749407079849,
  "grannyFactor": 1.25,
  "theta1": [
    -2.04,
    -2.0447583134373173,
    -2.0484438355149703,
    -2.040466978218449,
    -2.010238127988906,
    -1.9471676796075754,
    -1.8406660932437087,
    -1.696906236646314,
    -1.5264777051180662,
    -1.3399701658105123,
    -1.147973266684216,
    -0.9610766240291988,
    -0.7898697956713135,
    -0.6449422094936955,
    -0.5368828696016603,
    -0.47543154445773,
    -0.44999999999999957
  ],
  "theta2": [
    -0.48699999999999977,
    -0.47641027819949033,
    -0.434051391533496,
    -0.34933361980455596,
    -0.22340058573356658,
    -0.06684200890026157,
    0.10975239008695187,
    0.2957928903532772,
    0.4806897710013191,
    0.6538533113274009,
    0.8046937913374745,
    0.9226214925580972,
    0.9970467013815059,
    1.03540744548665,
    1.0482934342205892,
    1.0462943811895713,
    1.0399999999999996
  ]
}