{
  "startPos": "hold",
  "finalPos": "hold",
  "totalTime": 0.0,
  "grannyFactor": 1.25,
  "theta1": [
    -1.5909999999999986
  ],
  "theta2": [
    1.2710000000000008
  ]
}