{
  "startPos": "hold",
  "finalPos": "defense",
  "totalTime": 1.1247446511087773,
  "grannyFactor": 1.25,
  "theta1": [
    -1.5909999999999986,
    -1.5562622359602598,
    -1.4822734496046654,
    -1.3979973928441647,
    -1.3301944457591686,
    -1.301781163820691,
    -1.3287039261022646,
    -1.4156411731308949,
    -1.5565136003742512,
    -1.7393077530471757,
    -1.9492337651903724,
    -2.1704267639128862,
    -2.387068574772903,
    -2.5842974403019032,
    -2.748854874013428,
    -2.8687421097592116,
    -2.933
  ],
  "theta2": [
    1.2710000000000008,
    1.2362622359599131,
    1.1619108575949253,
    1.0751649601733708,
    0.9970706537077069,
    0.9332579733132154,
    0.8731623088773601,
    0.8010097122165594,
    0.7007727308895847,
    0.5596826552537572,
    0.3731365969733268,
    0.14905272451404653,
    -0.09537906865383453,
    -0.33820543966347466,
    -0.555265807220016,
    -0.7220116869996586,
    -0.8150000000000001
  ]
}