{
  "startPos": "score_hybrid",
  "finalPos": "score_mid_cone",
  "totalTime": 0.5097750570457659,
  "grannyFactor": 1.25,
  "theta1": [
    -2.688,
    -2.684765733737635,
    -2.6718286690214703,
    -2.6459545402635665,
    -2.6039090829155844,
    -2.5456922990460638,
    -2.4745384528784826,
    -2.3936818096699963,
    -2.30635663500855,
    -2.2157971946337027,
    -2.1252377543608234,
    -2.0379125800377693,
    -1.9570559375124004,
    -1.88590209260009,
    -1.827685311040408,
    -1.7856398584213165,
    -1.7629999999999997
  ],
  "theta2": [
    -0.5160000000000001,
    -0.5127754110238061,
    -0.4998908180694641,
    -0.47414935172899514,
    -0.43239583617301386,
    -0.3747212634713747,
    -0.30426273548567906,
    -0.2242022291679876,
    -0.1377359558177904,
    -0.048066653057842995,
    0.041599635074754296,
    0.1280553813564757,
    0.208092927385684,
    0.27850582376999145,
    0.3360906129271769,
    0.3776499473416206,
    0.39999999999999997
  ]
}