{
  "startPos": "score_mid_cone",
  "finalPos": "score_mid_cone",
  "totalTime": 0.0,
  "grannyFactor": 1.25,
  "theta1": [
    -1.2999999999999998
  ],
  "theta2": [
    0.9380000000000004
  ]
}