{
  "startPos": "score_mid_cube",
  "finalPos": "score_mid_cube",
  "totalTime": 0.0,
  "grannyFactor": 1.25,
  "theta1": [
    -1.4109999999999998
  ],
  "theta2": [
    0.4849999999999999
  ]
}