{
  "startPos": "score_mid_cone",
  "finalPos": "auto_start",
  "totalTime": 0.93221786080268243,
  "grannyFactor": 1.25,
  "theta1": [
    -1.763,
    -1.7618682266200003,
    -1.7600155727090128,
    -1.7581629187980257,
    -1.7546591495644885,
    -1.7496955836909667,
    -1.7435425072072737,
    -1.7364238321531553,
    -1.7284869957106532,
    -1.7203065738176329,
    -1.7126501684973474,
    -1.7072384997876091,
    -1.7079546325312691,
    -1.7280191404205412,
    -1.7637987611513648,
    -1.8059767114927083,
    -1.8547647050916207,
    -1.9093702362385023,
    -1.9689609149129144,
    -2.0327023516016229,
    -2.0974880999121925,
    -2.1593557864247046,
    -2.2180343169701029,
    -2.2734495271393067,
    -2.3255141344496755,
    -2.3741175542456543,
    -2.4190074906893875,
    -2.460195971123484,
    -2.4973937553890306,
    -2.5293278751173838,
    -2.5552999045478968,
    -2.5757987858891953,
    -2.5912330014129923,
    -2.602186315534655,
    -2.6092087296920861,
    -2.6127827093611926,
    -2.6134588645260122,
    -2.6122887547620928,
    -2.6099524842873953,
    -2.607044476593507,
    -2.6039781770322117,
    -2.6010151184273025,
    -2.5983837563462027,
    -2.5961571990485504,
    -2.5943196176797456,
    -2.5935464117864973,
    -2.5927732058932484,
    -2.592
  ],
  "theta2": [
    0.44799999999999995,
    0.45434144090632572,
    0.46472204845905463,
    0.47510265601178359,
    0.49482987083746366,
    0.5229691503748034,
    0.55841395534956617,
    0.60056897244532437,
    0.65043540205615169,
    0.7069985309764848,
    0.77043559356602143,
    0.84107115692196244,
    0.91863335935963142,
    0.9987113860905491,
    1.0295559587834804,
    1.0305820260409759,
    1.0139565671693804,
    0.983370350594847,
    0.94051438977381108,
    0.88640793199687251,
    0.82399117331880622,
    0.757901323161467,
    0.68919501139730044,
    0.618408646216994,
    0.54582002106288185,
    0.47144790795138675,
    0.39486071179075122,
    0.31511402248644027,
    0.23052061265540577,
    0.14329233193476407,
    0.05602586933504769,
    -0.031240593264668628,
    -0.11850705586438515,
    -0.20577351846410155,
    -0.29303998106381823,
    -0.37930240389890491,
    -0.45949396493801953,
    -0.53290376133752626,
    -0.59921087942017448,
    -0.658528232758054,
    -0.71060636379240694,
    -0.75628693233164579,
    -0.79418326464945543,
    -0.82526617936348523,
    -0.85049005892365714,
    -0.86099337261577147,
    -0.87149668630788568,
    -0.882
  ]
}