{
  "startPos": "score_mid_cube",
  "finalPos": "auto_start",
  "totalTime": 0.5596611242482229,
  "grannyFactor": 1.25,
  "theta1": [
    -1.8000000000000003,
    -1.8038764836876018,
    -1.8188359356280432,
    -1.8475572604487764,
    -1.8910227292736848,
    -1.9477576890737673,
    -2.0152810754052655,
    -2.0907329346809456,
    -2.1710983296694932,
    -2.253322214914031,
    -2.3343727240711947,
    -2.411280838086568,
    -2.4811787560222434,
    -2.5413455387647526,
    -2.589269134359783,
    -2.6227395077263753,
    -2.64
  ],
  "theta2": [
    0.284,
    0.27972027908394903,
    0.2626013958213342,
    0.22836363010873162,
    0.17272726309540473,
    0.09569229727387227,
    0.0015384511034065046,
    -0.10545455571115073,
    -0.22100700306637525,
    -0.3408391706761592,
    -0.46067133816305306,
    -0.5762237851104606,
    -0.6832167911017856,
    -0.7773706357595784,
    -0.8544055987977311,
    -0.9100419601128191,
    -0.9400000000000001
  ]
}