{
  "startPos": "auto_start",
  "finalPos": "intake",
  "totalTime": 0.2991887301920834,
  "grannyFactor": 1.25,
  "theta1": [
    -2.592,
    -2.5913461536643,
    -2.5887307684362675,
    -2.58349999821244,
    -2.574999997247353,
    -2.5632307662533322,
    -2.5488461508639664,
    -2.5324999970688102,
    -2.5148461509713274,
    -2.496538458727189,
    -2.478230766518171,
    -2.4605769205372368,
    -2.4442307669773493,
    -2.4298461520202848,
    -2.418076921821714,
    -2.409576922485101,
    -2.405
  ],
  "theta2": [
    -0.882,
    -0.8822782798108537,
    -0.8832516448577805,
    -0.8850102490365951,
    -0.8875910991520326,
    -0.890976545463856,
    -0.8950965628314477,
    -0.8998342360356495,
    -0.9050331796493243,
    -0.910505710860269,
    -0.9160410883699678,
    -0.9214136349908664,
    -0.9263909359192142,
    -0.9307425898049352,
    -0.9342502770015431,
    -0.9367202782334946,
    -0.9380000000000001
  ]
}