{
  "startPos": "score_high_cube",
  "finalPos": "auto_start",
  "totalTime": 0.7460117045183392,
  "grannyFactor": 1.25,
  "theta1": [
    -0.6790000000000004,
    -0.6825968741376321,
    -0.7035232400304158,
    -0.7519150656022676,
    -0.8379082564868503,
    -0.9651584450474686,
    -1.1235295776317518,
    -1.3028854893654367,
    -1.493089981739573,
    -1.6840068409837636,
    -1.8654998449796334,
    -2.027432782143019,
    -2.159669463873719,
    -2.252073776648546,
    -2.306172942892698,
    -2.332102990217183,
    -2.34
  ],
  "theta2": [
    0.44199999999999995,
    0.4521362398135473,
    0.4808727148172835,
    0.5180731860029004,
    0.5536014130736652,
    0.5773211554107358,
    0.5790961723952733,
    0.5487902237306178,
    0.4762670704099381,
    0.37125708212400166,
    0.24389649868280008,
    0.1043215609439747,
    -0.037331489927314256,
    -0.17092641265829145,
    -0.2863269659754684,
    -0.37339690871103637,
    -0.4219999999999999
  ]
}