{
  "startPos": "auto_start",
  "finalPos": "score_high_cone",
  "totalTime": 1.0271402296668564,
  "grannyFactor": 1.25,
  "theta1": [
    -2.34,
    -2.3394350969535225,
    -2.3388701939070451,
    -2.3383052908605677,
    -2.3369223936880426,
    -2.3351628032806211,
    -2.3328969402085633,
    -2.3298671552845254,
    -2.3259670946891617,
    -2.3206773482761607,
    -2.3134900149386053,
    -2.3035121515860197,
    -2.2898613713388443,
    -2.2713039585282608,
    -2.2479475128263906,
    -2.21932383548559,
    -2.1848160148792819,
    -2.1445332982531986,
    -2.100231335813973,
    -2.0525210106382041,
    -2.0013056054784513,
    -1.9468292291067866,
    -1.8891283857575505,
    -1.8281296892105443,
    -1.7638865804985369,
    -1.6964229819559136,
    -1.6256845833220923,
    -1.5515857643738487,
    -1.4738899158024665,
    -1.3924849550924419,
    -1.3072984097846572,
    -1.220120962017438,
    -1.1328544994177214,
    -1.0455880368180051,
    -0.95832157421828934,
    -0.87264336097690176,
    -0.79303655842851306,
    -0.7204149052101948,
    -0.65481786206902315,
    -0.59622546105254981,
    -0.54460891520076926,
    -0.500000099930366,
    -0.46241415999633806,
    -0.4316511020391906,
    -0.41541161130077719,
    -0.41576629584405855,
    -0.42235313847194683,
    -0.4305116433326821,
    -0.4380567305818534,
    -0.44392270849287346,
    -0.44650109707946933,
    -0.44907948566606515,
    -0.44999999999999996
  ],
  "theta2": [
    -0.422,
    -0.41148956217236465,
    -0.40097912434472921,
    -0.39046868651709388,
    -0.36525761424782693,
    -0.33417530688505548,
    -0.29627364664701294,
    -0.2506073389184974,
    -0.19854320685492011,
    -0.13919017423567454,
    -0.072930433517544455,
    0.000496374060313217,
    0.080734534987542489,
    0.16699105479468218,
    0.25425751739439861,
    0.34152397999411488,
    0.42879044259383137,
    0.51533035890062961,
    0.59767325557077344,
    0.676236192292594,
    0.75133112110724631,
    0.82331806166673149,
    0.89220660288512155,
    0.95782150568488666,
    1.0200682299175088,
    1.0788074671703398,
    1.1338081797751383,
    1.1847973885409144,
    1.2313071883737179,
    1.2730177274195222,
    1.3094866177476163,
    1.3397279470322416,
    1.363596153496097,
    1.3816451888235339,
    1.3943361053559007,
    1.4015978131738369,
    1.4034304498397963,
    1.4004076618045418,
    1.3930069901594913,
    1.3815436619415067,
    1.3660954990376926,
    1.3462937342787171,
    1.3206639921540595,
    1.2834424992435134,
    1.2290134631708698,
    1.1811192352561168,
    1.1401953458434901,
    1.106553951588312,
    1.0795239487895862,
    1.0598743746139268,
    1.0514423517941904,
    1.0430103289744546,
    1.04
  ]
}