{
  "startPos": "score_hybrid",
  "finalPos": "score_high_cone",
  "totalTime": 0.6542045857060605,
  "grannyFactor": 1.25,
  "theta1": [
    -2.688,
    -2.6811643347948553,
    -2.653821674523007,
    -2.5991363550896813,
    -2.510272714111775,
    -2.3872307549950578,
    -2.2368461395877377,
    -2.0659545314399663,
    -1.8813915946465174,
    -1.6899929935517823,
    -1.4985943926249625,
    -1.3140314563887494,
    -1.1431398493658336,
    -0.9927552360254169,
    -0.8697132807118926,
    -0.7808496475200354,
    -0.733
  ],
  "theta2": [
    -0.5160000000000001,
    -0.5096224868365264,
    -0.4847931440721546,
    -0.43687414386339063,
    -0.36548382280716396,
    -0.27461502875375204,
    -0.16926896663284913,
    -0.05478800364538982,
    0.06337706080507834,
    0.17980710666794933,
    0.2892270526163179,
    0.3866553717791539,
    0.4676889914314152,
    0.529227090004791,
    0.5713877247612271,
    0.5966309156334241,
    0.6080000000000001
  ]
}