{
  "startPos": "score_mid_cone",
  "finalPos": "hold",
  "totalTime": 0.7041139170452817,
  "grannyFactor": 1.25,
  "theta1": [
    -1.7629999999999995,
    -1.7544774671147745,
    -1.720387342454185,
    -1.6628104633012801,
    -1.5902693523481337,
    -1.511286537587278,
    -1.434384548336352,
    -1.3680859139129948,
    -1.320913162309739,
    -1.301388816218661,
    -1.3141338737682222,
    -1.3506258089535381,
    -1.4023420902484722,
    -1.4607601843600884,
    -1.5173575571522042,
    -1.5636116740067838,
    -1.5909999999999986
  ],
  "theta2": [
    0.4480000000000001,
    0.43947747920095076,
    0.4172954119512371,
    0.3899763129922241,
    0.36604270501615715,
    0.3540171121876766,
    0.3624220571992284,
    0.39978005479357404,
    0.47175363893436023,
    0.5698202888222476,
    0.685457475139599,
    0.8101426658695028,
    0.9353533277190232,
    1.0525669266724427,
    1.1532609282589579,
    1.228912797700356,
    1.2710000000000008
  ]
}