{
  "startPos": "double_substation",
  "finalPos": "intake",
  "totalTime": 0.8502560511082988,
  "grannyFactor": 1.25,
  "theta1": [
    -0.6239999999999999,
    -0.6258580117644055,
    -0.6464388298444671,
    -0.7007492630082989,
    -0.8037961130952193,
    -0.961107531947607,
    -1.1576767010539626,
    -1.378496789262849,
    -1.6085609682366089,
    -1.8328624141514251,
    -2.0363943112442047,
    -2.2041498610265724,
    -2.3211223203144953,
    -2.384686849635103,
    -2.4098501438690594,
    -2.4116189462474407,
    -2.405
  ],
  "theta2": [
    0.17699999999999988,
    0.19200683844256136,
    0.2374830611086808,
    0.2984218301481225,
    0.3598163069207497,
    0.40665965263478965,
    0.4239450286277083,
    0.39666559693801445,
    0.3098145219837594,
    0.17258621986514386,
    -1.2474926515395837e-05,
    -0.1929747255628438,
    -0.3912936945230069,
    -0.5799625440438092,
    -0.7439744363620554,
    -0.8683225339569107,
    -0.9380000000000001
  ]
}