{
  "startPos": "score_mid_cube",
  "finalPos": "defense",
  "totalTime": 0.5454328682858567,
  "grannyFactor": 1.25,
  "theta1": [
    -1.8000000000000003,
    -1.8039615390659438,
    -1.8198076949482784,
    -1.851500005941094,
    -1.9030000091486559,
    -1.9743077022034934,
    -2.061461548373156,
    -2.160500009742137,
    -2.2674615480163496,
    -2.3783846247281892,
    -2.489307701323295,
    -2.596269239210124,
    -2.695307699797133,
    -2.782461544529961,
    -2.8537692349410078,
    -2.9052692327361878,
    -2.933
  ],
  "theta2": [
    0.284,
    0.28007260684672813,
    0.26441453322330793,
    0.23320356161121963,
    0.18277378049829765,
    0.11348392358556567,
    0.028933961624609237,
    -0.06711053526516336,
    -0.17083092033454222,
    -0.278385424491967,
    -0.3859205948914111,
    -0.4895778258750272,
    -0.5854983412779029,
    -0.6698283023890357,
    -0.7387256351867549,
    -0.7883718932512188,
    -0.8150000000000001
  ]
}