{
  "startPos": "auto_start",
  "finalPos": "double_substation",
  "totalTime": 0.9472768663192741,
  "grannyFactor": 1.25,
  "theta1": [
    -2.34,
    -2.3269706051974675,
    -2.2671301348714428,
    -2.1397262444952316,
    -1.9452146150433853,
    -1.704347688787348,
    -1.4378779555900856,
    -1.1665579191547215,
    -0.9111400769011836,
    -0.6923769151564668,
    -0.5310208967811149,
    -0.44782441059744293,
    -0.43037495608961335,
    -0.45792019691598407,
    -0.5097077277645496,
    -0.5649851305496828,
    -0.6029999999999996
  ],
  "theta2": [
    -0.4219999999999999,
    -0.40124748015926953,
    -0.318237402201024,
    -0.169483658664198,
    0.024261232798491655,
    0.24224475346926255,
    0.46371438441754687,
    0.6679176068612418,
    0.8341019027998573,
    0.9415147558705576,
    0.9694036548280975,
    0.9310508897868292,
    0.8472089689202998,
    0.7386304053156642,
    0.6260677132884337,
    0.5302734071541358,
    0.4719999999999994
  ]
}