{
  "startPos": "defense",
  "finalPos": "intake",
  "totalTime": 0.42420301171773184,
  "grannyFactor": 1.25,
  "theta1": [
    -2.933,
    -2.92868662431195,
    -2.9189137398460634,
    -2.901561900048157,
    -2.8771177503461254,
    -2.8457145803531674,
    -2.8073224730912356,
    -2.7619543376462294,
    -2.7095953469415,
    -2.6507382973769231,
    -2.59506774683467,
    -2.5463741573309138,
    -2.5046623824363321,
    -2.4699226727785111,
    -2.4421736364930187,
    -2.4213917909896869,
    -2.4078252632158321,
    -2.4020501961776382,
    -2.4
  ],
  "theta2": [
    -0.81500000000000006,
    -0.81649713790298173,
    -0.81988922725793278,
    -0.82591191086508642,
    -0.83439627802245175,
    -0.845296064980608,
    -0.85862165568127857,
    -0.87436856948489194,
    -0.89254195275013581,
    -0.9129707598222685,
    -0.9322935587909682,
    -0.94919471087013285,
    -0.96367253142453746,
    -0.975730404382693,
    -0.9853618710108657,
    -0.99257508192665622,
    -0.997283914268426,
    -0.99928839344678577,
    -0.99999999999999989
  ]
}