{
  "startPos": "defense",
  "finalPos": "score_high_cone",
  "totalTime": 0.6332388859803854,
  "grannyFactor": 1.25,
  "theta1": [
    -2.26,
    -2.2538006984860552,
    -2.2290034929444005,
    -2.179409082901432,
    -2.0988181694872643,
    -1.9872307558928723,
    -1.8508461404869807,
    -1.6958636232329194,
    -1.528482504604291,
    -1.354902085308573,
    -1.181321666170181,
    -1.0139405480636474,
    -0.8589580318635037,
    -0.7225734183941659,
    -0.6109860083631123,
    -0.5303951022439468,
    -0.48699999999999977
  ],
  "theta2": [
    0.2700000000000002,
    0.2750487660340372,
    0.2937470155012847,
    0.3275149343584281,
    0.3748337498541904,
    0.4326578456134561,
    0.49731287560872156,
    0.5648755676350437,
    0.6313949517954691,
    0.6930912389839717,
    0.7465686247525948,
    0.7891494370432242,
    0.8194767419983572,
    0.8382168524368661,
    0.8478223807756847,
    0.8513894050666767,
    0.8519999999999995
  ]
}