{
  "startPos": "defense",
  "finalPos": "score_hybrid",
  "totalTime": 0.38517283245253986,
  "grannyFactor": 1.25,
  "theta1": [
    -2.7029999999999994,
    -2.7026352357949492,
    -2.7014715102065665,
    -2.6996110361633385,
    -2.697257395996787,
    -2.6946606404899707,
    -2.6920768989992707,
    -2.6897379421901935,
    -2.6878278901725023,
    -2.686466388961833,
    -2.685698941065976,
    -2.6854953279347225,
    -2.685756287004137,
    -2.686327570470488,
    -2.6870201543840904,
    -2.687635996496637,
    -2.688
  ],
  "theta2": [
    -0.9149999999999999,
    -0.9136048948034947,
    -0.9080244742076877,
    -0.8968636334009774,
    -0.8787272681651019,
    -0.8536153796806517,
    -0.8229230719804707,
    -0.7880454496873707,
    -0.7503776176129534,
    -0.7113146806553493,
    -0.672251743755953,
    -0.634583911874701,
    -0.5997062899715299,
    -0.5690139829878345,
    -0.5439020958217449,
    -0.5257657332848629,
    -0.5160000000000001
  ]
}