{
  "startPos": "score_mid_cube",
  "finalPos": "intake",
  "totalTime": 0.5593561317713847,
  "grannyFactor": 1.25,
  "theta1": [
    -1.8000000000000003,
    -1.803893877425363,
    -1.8188951943469045,
    -1.8473019513243776,
    -1.8883144495884814,
    -1.9394140185215172,
    -1.997610117375487,
    -2.0597605528620653,
    -2.1227264622082425,
    -2.1835234807089705,
    -2.2395042175954445,
    -2.2885217249847845,
    -2.329135427988491,
    -2.360749943789383,
    -2.383512446973305,
    -2.3980193564390433,
    -2.405
  ],
  "theta2": [
    0.284,
    0.2797272720916355,
    0.2626363608593291,
    0.22845453920645803,
    0.1729090812877218,
    0.09599998959292222,
    0.00199998957632199,
    -0.10481819206360371,
    -0.22018182823023164,
    -0.33981819164445387,
    -0.45945455493592025,
    -0.5748181906951767,
    -0.6816363715127691,
    -0.7756363700183474,
    -0.8525454589328032,
    -0.9080909111595128,
    -0.9380000000000001
  ]
}