{
  "startPos": "intake",
  "finalPos": "defense",
  "totalTime": 0.42420301171773084,
  "grannyFactor": 1.25,
  "theta1": [
    -2.4,
    -2.4018636367292143,
    -2.4093181834153548,
    -2.4242272763207744,
    -2.448454550988145,
    -2.482000005985491,
    -2.52300000599504,
    -2.569590914983429,
    -2.6199090966883047,
    -2.672090914742361,
    -2.7242727327258156,
    -2.774590914196396,
    -2.821181822711828,
    -2.8621818218523307,
    -2.8957272752505974,
    -2.919954546644275,
    -2.933
  ],
  "theta2": [
    -0.9999999999999999,
    -0.9986832642010165,
    -0.9939805257420925,
    -0.9856523156071256,
    -0.9739478190568698,
    -0.9594227091220262,
    -0.9427941807398098,
    -0.9248539610413982,
    -0.9064120809305429,
    -0.888254423080041,
    -0.8711057141364575,
    -0.8555946607368463,
    -0.842222283297536,
    -0.8313395025192991,
    -0.8231437228254429,
    -0.81770190030399,
    -0.8150000000000001
  ]
}