{
  "startPos": "double_substation",
  "finalPos": "score_high_cone",
  "totalTime": 0.395206219800625,
  "grannyFactor": 1.25,
  "theta1": [
    -0.6239999999999999,
    -0.624215037250825,
    -0.6251263298011698,
    -0.6270977410758698,
    -0.6304711334397575,
    -0.6354936341627029,
    -0.642268795029159,
    -0.6507317409126006,
    -0.6606519116990069,
    -0.6716571644800944,
    -0.6832667015565648,
    -0.6949240931023359,
    -0.706027757363769,
    -0.7159599593024272,
    -0.7241173156055012,
    -0.7299475552944331,
    -0.733
  ],
  "theta2": [
    0.17699999999999988,
    0.1785069933243002,
    0.18453496642124867,
    0.19659091220992805,
    0.2161818229847668,
    0.24330769750286635,
    0.27646154366500186,
    0.31413636875084416,
    0.35482517984131046,
    0.3970209839262226,
    0.43921678794985475,
    0.4799055988369607,
    0.5175804235122942,
    0.5507342689201293,
    0.5778601420502882,
    0.5974510499836881,
    0.6080000000000001
  ]
}