{
  "startPos": "score_high_cube",
  "finalPos": "auto_start",
  "totalTime": 0.7772005042477323,
  "grannyFactor": 1.25,
  "theta1": [
    -0.727,
    -0.7286380341927358,
    -0.7450135479094595,
    -0.7875879686844279,
    -0.867822725348644,
    -0.9971792407863674,
    -1.1654394641815269,
    -1.361141965613415,
    -1.5728253187172654,
    -1.7890281025048524,
    -1.9982889047452428,
    -2.189146329150823,
    -2.3501390145205763,
    -2.4698057183082014,
    -2.542364021712603,
    -2.5792750480266715,
    -2.592
  ],
  "theta2": [
    0.32199999999999995,
    0.33346144094319713,
    0.3612678808284288,
    0.3939578793551235,
    0.42006999544882817,
    0.42814278792496,
    0.40671481585730357,
    0.3443246398973311,
    0.23659700018152247,
    0.09499333537298807,
    -0.069024914215417,
    -0.24399630776581555,
    -0.41845940425832995,
    -0.5809527626165295,
    -0.720014941820563,
    -0.8241845010526226,
    -0.882
  ]
}