{
  "startPos": "auto_start",
  "finalPos": "score_high_cube",
  "totalTime": 0.8043915504499488,
  "grannyFactor": 1.25,
  "theta1": [
    -2.592,
    -2.593564130932355,
    -2.5855500176198003,
    -2.5552509043366856,
    -2.4899600154018957,
    -2.376970666484238,
    -2.2172901719857907,
    -2.0236253226536274,
    -1.8086830221271166,
    -1.5851702088736177,
    -1.365793837473669,
    -1.1632608714690589,
    -0.9902782799559898,
    -0.8595530357323453,
    -0.7805695511893824,
    -0.7406208624313109,
    -0.727
  ],
  "theta2": [
    -0.882,
    -0.8692930144457027,
    -0.8184650732023414,
    -0.7168091936010079,
    -0.5767484909667518,
    -0.4109899469754851,
    -0.2322405451650417,
    -0.05320726959459821,
    0.1134028955463231,
    0.25488296619850853,
    0.3585259588240185,
    0.411624891746546,
    0.42410654274842174,
    0.4086778944981763,
    0.37804593146756155,
    0.34491763842007445,
    0.32199999999999995
  ]
}