{
  "startPos": "double_substation",
  "finalPos": "score_mid_cone",
  "totalTime": 0.5747247636162588,
  "grannyFactor": 1.25,
  "theta1": [
    -0.6239999999999999,
    -0.6280893945643999,
    -0.6449921865812043,
    -0.6793430171161166,
    -0.7357765185030523,
    -0.8135755513351346,
    -0.9081054622681702,
    -1.0147315820266094,
    -1.1288192365163923,
    -1.2457337494569543,
    -1.3608404458421401,
    -1.469504652653925,
    -1.5670917002388076,
    -1.6489669253659271,
    -1.7104956797854023,
    -1.747043368804263,
    -1.7629999999999995
  ],
  "theta2": [
    0.17699999999999988,
    0.18163468006965755,
    0.20017339970042416,
    0.2345837496770834,
    0.2802310508837451,
    0.3324806237047007,
    0.3866977883968693,
    0.43824786521119097,
    0.48249617450646953,
    0.5148080370547623,
    0.5305487750407938,
    0.5301368022172951,
    0.5182067955519388,
    0.49939343336855996,
    0.47833139433003374,
    0.45965535709923555,
    0.4480000000000001
  ]
}