{
  "startPos": "defense",
  "finalPos": "score_mid_cone",
<<<<<<< HEAD
  "totalTime": 0.51903040039134962,
  "theta1": [
    -2.26,
    -2.2564181826110152,
    -2.2460298210355814,
    -2.2285809217326857,
    -2.2041458217630678,
    -2.1727561535466364,
    -2.1356302187955665,
    -2.0953308081058251,
    -2.0506816105235428,
    -2.0012856132496188,
    -1.9468816513073151,
    -1.8872696204403785,
    -1.8223123213764607,
    -1.7518662903715869,
    -1.6806128950721249,
    -1.6158324357407232,
    -1.5573437224415865,
    -1.5048835690936742,
    -1.4582047039209014,
    -1.4174998674226329,
    -1.3838111767224375,
    -1.3570462472747777,
    -1.3372336449414017,
    -1.3244968231144634,
    -1.3263519392038505,
    -1.3289182473590879,
    -1.33
  ],
  "theta2": [
    0.27,
    0.26642961979392688,
    0.25733494749196817,
    0.24957894702128219,
    0.25185379564386545,
    0.2670981315761991,
    0.29370987699570161,
    0.32749740741415562,
    0.36831971469408165,
    0.41606179663742704,
    0.47076713710744272,
    0.5324898599376624,
    0.60121766540040156,
    0.67691827409405358,
    0.7542361741526199,
    0.82480439704816344,
    0.88840878461395267,
    0.94503530594428886,
    0.99469810273024828,
    1.0369430795846781,
    1.0704257022134849,
    1.0950177631787494,
    1.1101322679974617,
    1.1104116521642784,
    1.0933022737056319,
    1.0837976652252537,
    1.08
=======
  "totalTime": 0.69810482665840479,
  "grannyFactor": 1.25,
  "theta1": [
    -2.26,
    -2.2596602313960363,
    -2.2590498668451615,
    -2.2575151074955273,
    -2.2538935911700273,
    -2.245983435798486,
    -2.2308914310018939,
    -2.2074842884597876,
    -2.1768748196846555,
    -2.1393401700809038,
    -2.0948470139665485,
    -2.0433413768663269,
    -1.9848594277306331,
    -1.9193492007765145,
    -1.8479699504069744,
    -1.7754632866997584,
    -1.7050323273311077,
    -1.6372883640613269,
    -1.5726847212997452,
    -1.512058398959812,
    -1.4578562598439158,
    -1.4106286624874078,
    -1.3703918953815972,
    -1.3370892067170663,
    -1.3107871419909929,
    -1.2918764976434574,
    -1.2869103316519086,
    -1.2873707324892292,
    -1.2893940148071155,
    -1.29183383588472,
    -1.294197884912236,
    -1.2962582978674995,
    -1.297872395753211,
    -1.2989015865906848,
    -1.2994781085201308,
    -1.3
  ],
  "theta2": [
    0.27,
    0.2752979421543969,
    0.28421357390309676,
    0.30148449325109133,
    0.32592583575528611,
    0.3572748710907615,
    0.39573009282270477,
    0.4398442664135811,
    0.48679566761528892,
    0.53736643968212949,
    0.592558483603563,
    0.65279238304373877,
    0.71813872327627593,
    0.7885915959205777,
    0.86283132608499158,
    0.93600006128037916,
    1.0050908523113495,
    1.0697077739007628,
    1.1295115127689066,
    1.1837006581518978,
    1.2300870168892897,
    1.2681558311731873,
    1.2975877477205415,
    1.3171865719419609,
    1.3205812426880783,
    1.2804971914703556,
    1.2148312018388179,
    1.1561474473314017,
    1.1044662370835969,
    1.0598951079704457,
    1.0222419149968847,
    0.9915399883185354,
    0.96826019559422838,
    0.95358175748756824,
    0.9454033932990874,
    0.938
>>>>>>> post_alexandria
  ]
}