{
  "startPos": "double_substation",
  "finalPos": "hold",
  "totalTime": 0.6240533034533958,
  "grannyFactor": 1.25,
  "theta1": [
    -0.6239999999999999,
    -0.6202818730810382,
    -0.6150608750281873,
    -0.614270409571001,
    -0.6238438836019046,
    -0.6497147029792529,
    -0.6978162654548105,
    -0.7712120332266218,
    -0.8639686016443195,
    -0.9701525571745052,
    -1.08383048348505,
    -1.1990689629278959,
    -1.3099345771131798,
    -1.4104939071859561,
    -1.494813533978283,
    -1.5569600381005564,
    -1.5909999999999986
  ],
  "theta2": [
    0.17699999999999988,
    0.174677477483062,
    0.17364329262167502,
    0.17983084914469083,
    0.19917355394477512,
    0.23760481288067603,
    0.30105802370391,
    0.38840983542942215,
    0.49372684340604867,
    0.6110756341000272,
    0.7345227911790531,
    0.8581348969949719,
    0.9759785331578659,
    1.0821202808127555,
    1.1706267207916796,
    1.2355644337050224,
    1.2710000000000008
  ]
}