{
  "startPos": "defense",
  "finalPos": "intake",
  "totalTime": 0.42420301171773184,
  "grannyFactor": 1.25,
  "theta1": [
    -2.933,
    -2.9311363632707854,
    -2.9236818165846445,
    -2.908772723679225,
    -2.8845454490118536,
    -2.850999994014507,
    -2.809999994004957,
    -2.763409085016568,
    -2.713090903311692,
    -2.6609090852576354,
    -2.608727267274181,
    -2.5584090858036013,
    -2.511818177288169,
    -2.4708181781476672,
    -2.4372727247494015,
    -2.4130454533557244,
    -2.4
  ],
  "theta2": [
    -0.8150000000000001,
    -0.8156433567491652,
    -0.8179568964840505,
    -0.8223264504050467,
    -0.8290846040975393,
    -0.8384546856265845,
    -0.8504941477623934,
    -0.8650462956984811,
    -0.8817292626898409,
    -0.8999613473038178,
    -0.9190043716742815,
    -0.9380087616090753,
    -0.9560544104128309,
    -0.9721883442096089,
    -0.9854637451167468,
    -0.9949885586743162,
    -0.9999999999999999
  ]
}