{
  "startPos": "hold",
  "finalPos": "defense",
  "totalTime": 0.625,
  "grannyFactor": 1.25,
  "theta1": [
    -1.5909999999999986,
    -1.5991253838371664,
    -1.6072507676743342,
    -1.6204884784784674,
    -1.6423971497511447,
    -1.6706697154839312,
    -1.7056106157867272,
    -1.7467172578818448,
    -1.7939777954799681,
    -1.8473974211554194,
    -1.9066411896942732,
    -1.9715016165676444,
    -2.0415440365217479,
    -2.1130218905081293,
    -2.1829346327396459,
    -2.2511797854677091,
    -2.3176369317096883,
    -2.382188088103228,
    -2.4447227564955027,
    -2.5051349774614748,
    -2.5623177188277433,
    -2.6152998630885085,
    -2.6636653205527292,
    -2.7074860846032616,
    -2.7471095107725252,
    -2.781944025641319,
    -2.8111343857264006,
    -2.8356840860726709,
    -2.8564658410973958,
    -2.8740595375715579,
    -2.8889263755864807,
    -2.9014222408599877,
    -2.9117158405931676,
    -2.9197933028559513,
    -2.9259232454276249,
    -2.9292566212719633,
    -2.9315360613483286,
    -2.933
  ],
  "theta2": [
    1.2710000000000008,
    1.2620815540324912,
    1.2531631080649819,
    1.2386314735099426,
    1.2145754558815471,
    1.1835138032905266,
    1.1450780350384469,
    1.0997684610227065,
    1.0475088903188468,
    0.9881456181728312,
    0.92185048269678149,
    0.8485580541921367,
    0.76835834083008381,
    0.685088282401985,
    0.60188024152855779,
    0.51857617197251993,
    0.43497674473212722,
    0.3508139033357866,
    0.26570988177986249,
    0.17912484349439281,
    0.091858380894676017,
    0.0045919182949592094,
    -0.082674544304756972,
    -0.16994100690447345,
    -0.25720746950418993,
    -0.34186999077953145,
    -0.41964825269576395,
    -0.49041280217378025,
    -0.55425177355468591,
    -0.61108114839586158,
    -0.66089917214578286,
    -0.70382298624550987,
    -0.73975704357252614,
    -0.76822022273327362,
    -0.78990925088672748,
    -0.80172345890261987,
    -0.809807887984354,
    -0.81500000000000006
  ]
}