{
  "startPos": "auto_start",
  "finalPos": "score_mid_cone",
  "totalTime": 0.87317130204447035,
  "grannyFactor": 1.25,
  "theta1": [
    -2.64,
    -2.6401455175716757,
    -2.6402910351433517,
    -2.6404670994638675,
    -2.6408002457552882,
    -2.641185361541317,
    -2.6415350280055439,
    -2.6417275826264088,
    -2.6415209328106033,
    -2.6405679353133693,
    -2.6383411284653056,
    -2.6342466268635456,
    -2.6272222279030539,
    -2.6163206277497029,
    -2.6011726095583088,
    -2.5813222088611472,
    -2.5562137899109016,
    -2.5253615872421116,
    -2.4893664412399104,
    -2.449322280473246,
    -2.405459130797003,
    -2.3579622317831,
    -2.306825346213488,
    -2.2524029743066158,
    -2.1946786983184743,
    -2.1338342095701757,
    -2.0699389754726587,
    -2.0036668070618373,
    -1.9398161021539555,
    -1.8819477797016404,
    -1.8310535489973974,
    -1.7871021114308985,
    -1.7502350934353892,
    -1.7218344458567376,
    -1.716704358991008,
    -1.720791274013588,
    -1.7276949156980579,
    -1.7352774454754996,
    -1.7425020256281996,
    -1.7489364975629447,
    -1.7541744626606246,
    -1.758267273187728,
    -1.7600474540861808,
    -1.7618276349846338,
    -1.763
  ],
  "theta2": [
    -0.94,
    -0.93009631845045537,
    -0.92019263690091058,
    -0.90800870113205656,
    -0.88409890776676159,
    -0.85253178608329772,
    -0.81394480181512385,
    -0.76887044142161987,
    -0.716551328678316,
    -0.65722194624950481,
    -0.59079714921817117,
    -0.51762981331277247,
    -0.43729027800991083,
    -0.35103561154458457,
    -0.26376914894486808,
    -0.17650268634515176,
    -0.089236223745435092,
    -0.001980929708766282,
    0.082962435633611123,
    0.16350204075761182,
    0.24064964593463764,
    0.31558574909215587,
    0.38890306104574462,
    0.46085474770651358,
    0.53124923807391367,
    0.59975441044091582,
    0.66574918902676816,
    0.72755834513853468,
    0.77989647344417512,
    0.81959593930056984,
    0.84577182846845267,
    0.85729167632367709,
    0.84848413671643208,
    0.79656511909126426,
    0.72568469026650106,
    0.66180228430624677,
    0.60481552983563414,
    0.55481642795698771,
    0.51208340425602061,
    0.47591752744505156,
    0.44736279089635905,
    0.42531919136703339,
    0.41579556098993364,
    0.40627193061283384,
    0.40000000000000013
  ]
}