{
  "startPos": "defense",
  "finalPos": "auto_start",
  "totalTime": 0.4627716076982251,
  "grannyFactor": 1.25,
  "theta1": [
    -2.26,
    -2.259953277858112,
    -2.2599389956978215,
    -2.2602549820688753,
    -2.2612687549075714,
    -2.263339722325446,
    -2.266758709341416,
    -2.271700825301131,
    -2.2781918391059106,
    -2.286090491031824,
    -2.2950882890115367,
    -2.3047252150033617,
    -2.314417391528706,
    -2.3234931627672073,
    -2.3312368880035694,
    -2.3369442653835866,
    -2.34
  ],
  "theta2": [
    0.2700000000000002,
    0.26758041914534303,
    0.2579020960012916,
    0.23854545026880405,
    0.20709090250533496,
    0.1635384544150879,
    0.11030768517295392,
    0.04981817480545342,
    -0.015510496388371557,
    -0.0832587479845733,
    -0.15100699949675125,
    -0.21633567041173926,
    -0.2768251802163712,
    -0.33005594842424657,
    -0.37360839461141754,
    -0.4050629384788421,
    -0.4219999999999999
  ]
}