{
  "startPos": "intake",
  "finalPos": "score_mid_cone",
  "totalTime": 0.5850150745875505,
  "grannyFactor": 1.25,
  "theta1": [
    -2.4,
    -2.3986171565864898,
    -2.393253108316368,
    -2.382235848839453,
    -2.363795009321994,
    -2.336349845758835,
    -2.2988360076872327,
    -2.2511162244985696,
    -2.1942688365419465,
    -2.130433706278186,
    -2.062466117093211,
    -1.9936783031130063,
    -1.9276254647636124,
    -1.8679593953417681,
    -1.8183272396916612,
    -1.7822623382600862,
    -1.7629999999999995
  ],
  "theta2": [
    -0.9499999999999998,
    -0.9451118874165966,
    -0.9255594375217822,
    -0.8864545386200756,
    -0.8229090803847526,
    -0.7349230655392837,
    -0.6273846039826568,
    -0.50518180697484,
    -0.3732027862113138,
    -0.23633565358716982,
    -0.09946852109730436,
    0.0325104992206124,
    0.15471329532891046,
    0.26225175523269356,
    0.35023776703687076,
    0.4137832190459617,
    0.4480000000000001
  ]
}