{
  "startPos": "hold",
  "finalPos": "double_substation",
  "totalTime": 0.81273507210571283,
  "grannyFactor": 1.25,
  "theta1": [
    -1.591,
    -1.5849802228730066,
    -1.576613667538393,
    -1.5595724654552621,
    -1.535039292948126,
    -1.5036876629214544,
    -1.4652642500110096,
    -1.4199285884181307,
    -1.3675305822067763,
    -1.3082462800398988,
    -1.2418651885223411,
    -1.1686009860351942,
    -1.0883072159151348,
    -1.0038992468845471,
    -0.92471717338154313,
    -0.8522610927828782,
    -0.78658953054815273,
    -0.72746486073420136,
    -0.67456915873552747,
    -0.62757579982959633,
    -0.58767424378114086,
    -0.55884468428214928,
    -0.53806530146449594,
    -0.52366837296511426,
    -0.514821346661493,
    -0.51096233298071225,
    -0.51178669456078418,
    -0.51703577381604515,
    -0.5260231136865624,
    -0.53730384677478238,
    -0.5493669442384298,
    -0.561432235934824,
    -0.57299345964880377,
    -0.58371316196192957,
    -0.59331130254864728,
    -0.601725862069229,
    -0.60883150498456962,
    -0.61445825618304473,
    -0.61828361307911373,
    -0.6204515770896406,
    -0.62261954110016748,
    -0.624
  ],
  "theta2": [
    1.271,
    1.2715258083147516,
    1.2722595042928442,
    1.2737759893448355,
    1.2760750158073941,
    1.2793012798576977,
    1.2838396964850758,
    1.2900757389722219,
    1.298435615179411,
    1.3091415915969216,
    1.3221860110872747,
    1.3364939530342315,
    1.3507456715849568,
    1.3628109589613306,
    1.3701239463216597,
    1.3718548150274281,
    1.3676797393466109,
    1.3570463494422857,
    1.339013102434595,
    1.3116536132363328,
    1.2724587350336025,
    1.2267189608735487,
    1.1751661365381743,
    1.1175313918253775,
    1.0535215317550626,
    0.98294841420970358,
    0.90555168403192188,
    0.82151137262469609,
    0.7343085485805747,
    0.64981058734377428,
    0.57194981476047579,
    0.50129156658643259,
    0.43751508250758969,
    0.38071120072273856,
    0.33118201240632628,
    0.28844289823794533,
    0.25270572328854568,
    0.22456563033916577,
    0.20547577655550514,
    0.19467621739365457,
    0.18387665823180396,
    0.17700000000000005
  ]
}