{
  "startPos": "intake",
  "finalPos": "score_mid_cube",
  "totalTime": 0.6519575067068253,
  "grannyFactor": 1.25,
  "theta1": [
    -2.04,
    -2.0467651823937985,
    -2.0648798544342366,
    -2.087578948473166,
    -2.1080972462584855,
    -2.1196695016434646,
    -2.1155304963678607,
    -2.0889151627609195,
    -2.0345172360057946,
    -1.959101898428128,
    -1.869434493781643,
    -1.7722804169662285,
    -1.6744050870590006,
    -1.5825739368315963,
    -1.503552407678024,
    -1.4441059468166055,
    -1.4109999999999998
  ],
  "theta2": [
    -0.48699999999999977,
    -0.4802345310990348,
    -0.45317265613089347,
    -0.3990489080593848,
    -0.3186503643659409,
    -0.2187424915234359,
    -0.10609075721185161,
    0.012539370531168383,
    0.13038242354279897,
    0.24067293366021517,
    0.33664543284577364,
    0.41153445341949313,
    0.45857452890850225,
    0.48267565377342153,
    0.49060329505044425,
    0.4891229210048173,
    0.4849999999999999
  ]
}