{
  "startPos": "score_mid_cone",
  "finalPos": "intake",
  "totalTime": 0.5850150745875435,
  "grannyFactor": 1.25,
  "theta1": [
    -1.7629999999999995,
    -1.7673090600672199,
    -1.7837046061112072,
    -1.814268846255798,
    -1.858047650313504,
    -1.9124359227365864,
    -1.9742771851120744,
    -2.040217129435459,
    -2.1068823939494665,
    -2.1710383514462617,
    -2.229825944077259,
    -2.280966221373691,
    -2.3229963157348656,
    -2.355406237688255,
    -2.3784988156109157,
    -2.393058725505154,
    -2.4
  ],
  "theta2": [
    0.4480000000000001,
    0.44311188741659735,
    0.4235594375217854,
    0.38445453862008416,
    0.3209090803847713,
    0.23292306553931272,
    0.12538460398269474,
    0.0031818069748840586,
    -0.12879721378863868,
    -0.2656643464127823,
    -0.4025314789026501,
    -0.5345104992205718,
    -0.656713295328877,
    -0.7642517552326688,
    -0.8522377670368553,
    -0.915783219045955,
    -0.9499999999999998
  ]
}