{
  "startPos": "intake",
  "finalPos": "score_high_cone",
  "totalTime": 0.7499994283015912,
  "grannyFactor": 1.25,
  "theta1": [
    -2.05,
    -2.057475412658986,
    -2.0696020054893443,
    -2.076080125509607,
    -2.0666101185601202,
    -2.030892330866399,
    -1.958627111673665,
    -1.8418451978992911,
    -1.6908462428683095,
    -1.5159299032138327,
    -1.3273958366112637,
    -1.1355437010226948,
    -0.9506731544699193,
    -0.7830838548702855,
    -0.6430754597541036,
    -0.5409476250150318,
    -0.48699999999999977
  ],
  "theta2": [
    -0.6,
    -0.5897003417747015,
    -0.5485017104266982,
    -0.46610445233078956,
    -0.3441474355820711,
    -0.19293031223101617,
    -0.02275273729705666,
    0.15608563336666903,
    0.3332851436940182,
    0.4985461378151493,
    0.6415689606586984,
    0.752053958807978,
    0.8197014839051865,
    0.8532201989867214,
    0.8629097535704714,
    0.8590698022449483,
    0.8519999999999995
  ]
}