{
  "startPos": "score_mid_cone",
  "finalPos": "score_hybrid",
  "totalTime": 0.5168410679055158,
  "grannyFactor": 1.25,
  "theta1": [
    -1.7629999999999995,
    -1.7663282830073732,
    -1.77958182020518,
    -1.8059687843553183,
    -1.8485178890002534,
    -1.906871300910942,
    -1.9780443847416942,
    -2.058885073966039,
    -2.1461850369553566,
    -2.23670977340483,
    -2.327211674026894,
    -2.4144376021142175,
    -2.4951346441364315,
    -2.5660558951520347,
    -2.6239681837012934,
    -2.6656655288892757,
    -2.688
  ],
  "theta2": [
    0.4480000000000001,
    0.4446293700866803,
    0.4311468507758959,
    0.40418181284737426,
    0.3603636281491897,
    0.2996922988070566,
    0.22553845263904904,
    0.14127271852551376,
    0.05026572568672638,
    -0.04411189650123653,
    -0.13848951858439768,
    -0.22949651107539357,
    -0.31376224448686046,
    -0.3879160893648201,
    -0.44858741633319416,
    -0.4924055961717045,
    -0.5160000000000001
  ]
}