{
  "startPos": "score_mid_cube",
  "finalPos": "double_substation",
  "totalTime": 0.612836556836391,
  "grannyFactor": 1.25,
  "theta1": [
    -1.8000000000000003,
    -1.796445661857808,
    -1.7801636054245766,
    -1.7455347196768596,
    -1.6869399123739148,
    -1.6035810911909998,
    -1.501077393253612,
    -1.3850479894226704,
    -1.2611120607463961,
    -1.1348887928933755,
    -1.0119973740591635,
    -0.8980569939838848,
    -0.798686839884596,
    -0.7195060933311264,
    -0.6661339168749644,
    -0.636171595654217,
    -0.6239999999999999
  ],
  "theta2": [
    0.284,
    0.2896191936757166,
    0.3120959669984834,
    0.3458601582968559,
    0.3852925760582628,
    0.4247740276132987,
    0.45868532001350787,
    0.4814072603058245,
    0.4873206557995665,
    0.47080631485943586,
    0.4366890904110899,
    0.3905881747457297,
    0.3381227612012592,
    0.28491204334869924,
    0.23657521482248065,
    0.19873146922544493,
    0.17699999999999988
  ]
}