{
  "startPos": "hold",
  "finalPos": "intake",
  "totalTime": 1.124744650828736,
  "grannyFactor": 1.25,
  "theta1": [
    -1.5909999999999986,
    -1.5562622359627882,
    -1.4830058844285656,
    -1.4010277951771735,
    -1.3380400672937016,
    -1.3177816876092099,
    -1.3554722949276004,
    -1.4503021801420843,
    -1.5894794023914973,
    -1.7554202400719678,
    -1.9289030505311215,
    -2.0909175016927324,
    -2.22463323416193,
    -2.3188155048217802,
    -2.373536465998336,
    -2.398065203550624,
    -2.405
  ],
  "theta2": [
    1.2710000000000008,
    1.2362622359689306,
    1.1623233382837934,
    1.077009875366297,
    1.00230311540997,
    0.9440913190399557,
    0.8902428478497966,
    0.8231174971074944,
    0.7245163831183976,
    0.5790507351345314,
    0.37977620183290606,
    0.13555794373146773,
    -0.1336840368520499,
    -0.40302864488498935,
    -0.6452299289643306,
    -0.8325502647546472,
    -0.9380000000000001
  ]
}