{
  "startPos": "score_high_cube",
  "finalPos": "double_substation",
  "totalTime": 0.2904000812854079,
  "grannyFactor": 1.25,
  "theta1": [
    -0.727,
    -0.7275979022692292,
    -0.729989511238021,
    -0.7347727289568114,
    -0.7425454571387597,
    -0.7533076951127754,
    -0.7664615412710968,
    -0.7814090936706034,
    -0.7975524502608595,
    -0.8142937089422431,
    -0.8310349675905393,
    -0.8471783240709932,
    -0.8621258762488503,
    -0.8752797219998953,
    -0.8860419592245067,
    -0.8938146858722483,
    -0.8979999999999998
  ],
  "theta2": [
    0.32199999999999995,
    0.3215217988168107,
    0.31973463939711166,
    0.31638131062784447,
    0.31135589844316,
    0.3047334032690293,
    0.2967239955421351,
    0.2876181508883913,
    0.27775372333991993,
    0.2674971724870145,
    0.2572317969316179,
    0.2473493008624793,
    0.23824267741065877,
    0.23029895963380095,
    0.22389022441765005,
    0.2193601298675468,
    0.21699999999999992
  ]
}