{
  "startPos": "double_substation",
  "finalPos": "score_high_cube",
  "totalTime": 0.2904000812853943,
  "grannyFactor": 1.25,
  "theta1": [
    -0.898,
    -0.897402097730771,
    -0.8950104887619792,
    -0.8902272710431891,
    -0.8824545428612413,
    -0.8716923048872256,
    -0.858538458728904,
    -0.8435909063293971,
    -0.8274475497391408,
    -0.8107062910577572,
    -0.7939650324094608,
    -0.7778216759290068,
    -0.7628741237511496,
    -0.7497202780001045,
    -0.7389580407754932,
    -0.7311853141277515,
    -0.727
  ],
  "theta2": [
    0.2899999999999999,
    0.290231437155128,
    0.2910156956783402,
    0.2923739798433595,
    0.2942725318864425,
    0.2966376099537692,
    0.2993687089971127,
    0.3023493390607213,
    0.305455667265541,
    0.30856349759019397,
    0.31155396378138056,
    0.314318155702036,
    0.31676075810904714,
    0.3188026741530448,
    0.3203825441306399,
    0.3214570587583732,
    0.32199999999999995
  ]
}