{
  "startPos": "intake",
  "finalPos": "double_substation",
  "totalTime": 0.8866827619114872,
  "grannyFactor": 1.25,
  "theta1": [
    -2.4,
    -2.4126441127747156,
    -2.4335572560210332,
    -2.4457201066484657,
    -2.4321133224058666,
    -2.375717567326792,
    -2.2595135546202876,
    -2.0858121259586073,
    -1.8716326098760905,
    -1.6339943888590214,
    -1.3899168623852807,
    -1.1564194379213046,
    -0.9505215274366724,
    -0.7892425457242705,
    -0.6896018940828252,
    -0.6401941717661114,
    -0.6239999999999999
  ],
  "theta2": [
    -0.9999999999999999,
    -0.9829805776328516,
    -0.91490289132737,
    -0.785510960116041,
    -0.6118242018926839,
    -0.4108620370080597,
    -0.199643886500878,
    0.0048108284181653214,
    0.18548268671036572,
    0.32535226802497924,
    0.40740015446827327,
    0.42666865026844075,
    0.4001771746296577,
    0.34494514927859615,
    0.27799199668095614,
    0.21633713943891744,
    0.17699999999999988
  ]
}