{
  "startPos": "intake",
  "finalPos": "defense",
  "totalTime": 0.44922706349559605,
  "grannyFactor": 1.25,
  "theta1": [
    -2.3,
    -2.302213287123268,
    -2.3110664353576014,
    -2.328772731302701,
    -2.357545460751173,
    -2.397384622097113,
    -2.44607692980013,
    -2.501409097517325,
    -2.561167838648998,
    -2.623139866477746,
    -2.685111894227317,
    -2.744870635096236,
    -2.8002028022830294,
    -2.8488951090114436,
    -2.888734268564077,
    -2.917506994341229,
    -2.933
  ],
  "theta2": [
    -0.9899999999999999,
    -0.9885638847094412,
    -0.9835419960861188,
    -0.9748180518999786,
    -0.962761727573149,
    -0.9480285996266256,
    -0.931419252027635,
    -0.9137910462962553,
    -0.8959965967472155,
    -0.8788339417666433,
    -0.8630014317036829,
    -0.8490561943947735,
    -0.8373811430451913,
    -0.8281710381450711,
    -0.8214479743591151,
    -0.8171087639940681,
    -0.8150000000000001
  ]
}