{
  "startPos": "score_high_cone",
  "finalPos": "intake",
  "totalTime": 0.7393354937838339,
  "grannyFactor": 1.25,
  "theta1": [
    -0.733,
    -0.7428665353967402,
    -0.7823326752457029,
    -0.8612649498261759,
    -0.9825546732193542,
    -1.1363353167712376,
    -1.3127403485180917,
    -1.5019032355336581,
    -1.6939574445847856,
    -1.8790364425099324,
    -2.047273696654324,
    -2.188802675856343,
    -2.293756856013042,
    -2.3579871581083647,
    -2.3913601000692135,
    -2.4037422059987152,
    -2.405
  ],
  "theta2": [
    0.6080000000000001,
    0.6148641335881044,
    0.6255900214696627,
    0.6303111375889157,
    0.6191609539092038,
    0.582272943041454,
    0.5097805826736287,
    0.39454577224742704,
    0.2464350383963633,
    0.07531491331578373,
    -0.10894806904655492,
    -0.2964873739189166,
    -0.477436466065073,
    -0.641928810090288,
    -0.7800978705790257,
    -0.8820771122163936,
    -0.9380000000000001
  ]
}