{
  "startPos": "score_high_cone",
  "finalPos": "score_mid_cube",
  "totalTime": 0.5346293692427624,
  "grannyFactor": 1.25,
  "theta1": [
    -0.733,
    -0.7367307698591525,
    -0.7516538489049485,
    -0.7815000061816384,
    -0.8300000093144245,
    -0.8971538558226942,
    -0.9792307785600165,
    -1.0725000089148173,
    -1.1732307778416875,
    -1.277692316099412,
    -1.3821538543446361,
    -1.4828846231867374,
    -1.5761538532280088,
    -1.6582307751027157,
    -1.7253846195285145,
    -1.773884617397464,
    -1.8000000000000003
  ],
  "theta2": [
    0.6080000000000001,
    0.6076750828357949,
    0.6061089764366326,
    0.6022630359323012,
    0.5949476215499369,
    0.5830412297806937,
    0.5656980063610436,
    0.5425801795180404,
    0.5140436694711217,
    0.48113624379815134,
    0.4454112813631782,
    0.40873927116631514,
    0.37317350030615715,
    0.3408511167197642,
    0.3139057374133479,
    0.29436629890039945,
    0.284
  ]
}