{
  "startPos": "intake",
  "finalPos": "score_mid_cone",
  "totalTime": 0.5789544974509415,
  "grannyFactor": 1.25,
  "theta1": [
    -2.3,
    -2.3029931961131584,
    -2.309953983850756,
    -2.3171947127397554,
    -2.3207436531876215,
    -2.3165747817320463,
    -2.3007485076675023,
    -2.2696956471136116,
    -2.222433226570925,
    -2.1625926911402598,
    -2.09441766722921,
    -2.0223508081623365,
    -1.9509287444981773,
    -1.8847190195382821,
    -1.8282952832658739,
    -1.7862175634695137,
    -1.7629999999999997
  ],
  "theta2": [
    -0.955,
    -0.9502622370812869,
    -0.9313111858362121,
    -0.8934090842157217,
    -0.8318181715113502,
    -0.7465384503901378,
    -0.6423076811416933,
    -0.5238636253885881,
    -0.3959440451799448,
    -0.2632867027603922,
    -0.13062936047231402,
    -0.002709780699989859,
    0.11573427417230492,
    0.21996504180219778,
    0.3052447599450789,
    0.3668356665518544,
    0.39999999999999997
  ]
}