{
  "startPos": "defense",
  "finalPos": "score_mid_cone",
  "totalTime": 0.5779557971212939,
  "grannyFactor": 1.25,
  "theta1": [
    -2.821,
    -2.816676897482375,
    -2.7999364300589646,
    -2.767585615912213,
    -2.717723755658967,
    -2.6511172101151597,
    -2.570271857339059,
    -2.47837277808494,
    -2.3789296965289712,
    -2.2756250128739968,
    -2.172234432488143,
    -2.0725836888443663,
    -1.9805154910776415,
    -1.8998542339601707,
    -1.8343583665603391,
    -1.7876422335026185,
    -1.7629999999999995
  ],
  "theta2": [
    -0.9,
    -0.8952867128091171,
    -0.8764335644015302,
    -0.838727268307072,
    -0.7774545393071776,
    -0.6926153789958867,
    -0.5889230722282583,
    -0.4710909051752736,
    -0.3438321643891037,
    -0.21186013659356828,
    -0.07988810860222682,
    0.04737063272410754,
    0.1652028005058584,
    0.2688951078736666,
    0.35373426800575974,
    0.4150069941929719,
    0.4480000000000001
  ]
}