{
  "startPos": "defense",
  "finalPos": "intake",
  "totalTime": 0.499464266396081,
  "grannyFactor": 1.25,
  "theta1": [
    -2.2600000000000002,
    -2.2647803201099821,
    -2.2695606402199631,
    -2.2793886894952418,
    -2.294032506359541,
    -2.3129812304004145,
    -2.3361065382979915,
    -2.3631996563257252,
    -2.393957003645347,
    -2.4279940408450074,
    -2.4646326652444213,
    -2.5026983249660111,
    -2.5373814612635011,
    -2.5653805895064092,
    -2.5857576835432559,
    -2.5975423169985232,
    -2.5996274722972674,
    -2.5907269555253603,
    -2.5682214597843362,
    -2.5284139112745616,
    -2.4677936390312012,
    -2.3986026241041474,
    -2.3323437627912305,
    -2.27306098997012,
    -2.2207484139323563,
    -2.17541551747724,
    -2.13719926888284,
    -2.1059393014102108,
    -2.0813703591787496,
    -2.0648937209443474,
    -2.0574205812837061,
    -2.05
  ],
  "theta2": [
    0.27000000000000018,
    0.26213689459922651,
    0.25427378919845284,
    0.23810045510005809,
    0.21397500125410557,
    0.18267599830790957,
    0.14427470076365445,
    0.098866277497875632,
    0.04653414420013189,
    -0.012787586573678286,
    -0.079099391554668053,
    -0.1522505362580695,
    -0.2255095234552815,
    -0.29388299625092018,
    -0.35678024134774827,
    -0.41361793109989986,
    -0.46380278691804944,
    -0.50718127495902743,
    -0.54366163062533279,
    -0.57314746114501558,
    -0.59483973721594,
    -0.60610391994374968,
    -0.61022449061757844,
    -0.61067123156189207,
    -0.60941971163561581,
    -0.60748522414426309,
    -0.60543066085405783,
    -0.603563489949385,
    -0.60202123780598149,
    -0.60096313760123954,
    -0.60047986939490117,
    -0.59999999999999987
  ]
}