{
  "startPos": "auto_start",
  "finalPos": "score_mid_cone",
  "totalTime": 0.85177029505733137,
  "grannyFactor": 1.25,
  "theta1": [
    -2.592,
    -2.5926389340494342,
    -2.593277868098868,
    -2.5941294786332652,
    -2.595692666497881,
    -2.5976865370872049,
    -2.5999687591107774,
    -2.6023793219633715,
    -2.6046424803019308,
    -2.6063341719906297,
    -2.6068619980132235,
    -2.6053455922183559,
    -2.6006968792469811,
    -2.5916504058890197,
    -2.5774846307093187,
    -2.5577452012071911,
    -2.5318516773016535,
    -2.4997301377293772,
    -2.4631030044129072,
    -2.4224080909505314,
    -2.3778100084833804,
    -2.3293593526658833,
    -2.2774051388849426,
    -2.2219523009458921,
    -2.1632162494324327,
    -2.101304784740806,
    -2.0362418541801786,
    -1.9698995376495669,
    -1.9093881147671006,
    -1.8558539150168867,
    -1.8092846760963988,
    -1.7697573298250688,
    -1.7371626957309263,
    -1.72038294144016,
    -1.7216126495639164,
    -1.727654329025019,
    -1.7350251954029399,
    -1.7422911885682317,
    -1.7488366174613572,
    -1.7542140394828896,
    -1.7583959240807432,
    -1.7601745795487709,
    -1.7619532350167988,
    -1.763
  ],
  "theta2": [
    -0.882,
    -0.87236765459743237,
    -0.86273530919486463,
    -0.84982626522713445,
    -0.82588420728930334,
    -0.79433421884015387,
    -0.756048888713919,
    -0.71070463397259265,
    -0.65840853837644564,
    -0.599107441162328,
    -0.53288767778078128,
    -0.45957147649720714,
    -0.37929161832024921,
    -0.29303291027521738,
    -0.20576644767550084,
    -0.11849998507578435,
    -0.03123352247606772,
    0.054892104565867572,
    0.13591392615406703,
    0.21267165770679858,
    0.28664650938999303,
    0.35889250454492083,
    0.42986770271722474,
    0.49952887229742082,
    0.567668963320319,
    0.63383279974069962,
    0.69722571624839669,
    0.75498527104276425,
    0.80050798463911,
    0.83313585233969334,
    0.85253399071751124,
    0.85633086214430576,
    0.834649383354835,
    0.7689538037293242,
    0.70556881159383922,
    0.64912608379910008,
    0.5997300197407982,
    0.55731991704732819,
    0.52162500220096564,
    0.493336744757734,
    0.47167529895136079,
    0.46252901190581,
    0.4533827248602591,
    0.448
  ]
}