{
  "startPos": "double_substation",
  "finalPos": "score_mid_cube",
  "totalTime": 0.5055143834487428,
  "grannyFactor": 1.25,
  "theta1": [
    -0.8979999999999998,
    -0.9011538466730039,
    -0.9137692330373796,
    -0.9390000051031396,
    -0.9800000078582775,
    -1.0367692392692414,
    -1.1061538546674183,
    -1.1850000083679832,
    -1.2701538543609234,
    -1.3584615464871812,
    -1.446769238513177,
    -1.5319230841733926,
    -1.6107692372023108,
    -1.6801538513663514,
    -1.736923080506457,
    -1.777923078612615,
    -1.8000000000000003
  ],
  "theta2": [
    0.21699999999999992,
    0.21844447220607296,
    0.22312492793284922,
    0.2306409482805958,
    0.2401887350563538,
    0.25080007423837397,
    0.2614842274781411,
    0.27133012347595964,
    0.2795906557274159,
    0.2857554357082567,
    0.289603028698211,
    0.29121684380936713,
    0.29095691144895025,
    0.28939656204108943,
    0.2872391212635882,
    0.28522161367153653,
    0.284
  ]
}