{
  "startPos": "hold",
  "finalPos": "double_substation",
  "totalTime": 1.1247446513703374,
  "grannyFactor": 1.25,
  "theta1": [
    -1.5909999999999986,
    -1.5562622359926848,
    -1.4563011880389145,
    -1.305732863825104,
    -1.122420362077207,
    -0.9254041377679239,
    -0.7337552522997031,
    -0.5651061551859092,
    -0.4338272777419158,
    -0.34911048359161195,
    -0.3135387785806302,
    -0.3232043382822913,
    -0.3690354215790764,
    -0.4381956551071611,
    -0.5151807444611634,
    -0.5828815085371996,
    -0.6239999999999999
  ],
  "theta2": [
    1.2710000000000008,
    1.2362622359268725,
    1.1626125802834324,
    1.0784854084476,
    1.0078018716574761,
    0.9639839294742858,
    0.9437125511067829,
    0.9347700672676161,
    0.9223449133546999,
    0.8921611221988247,
    0.8331394098208282,
    0.7407573936174774,
    0.6199314616750379,
    0.4837988637721271,
    0.35059130174774855,
    0.2411674515417388,
    0.17699999999999988
  ]
}