{
  "startPos": "hold",
  "finalPos": "score_mid_cube",
  "totalTime": 0.47561318237588934,
  "grannyFactor": 1.25,
  "theta1": [
    -1.591,
    -1.5943170047466786,
    -1.5995232303909774,
    -1.6097667192744387,
    -1.6241510275905471,
    -1.642475656380515,
    -1.6643670410153812,
    -1.6892317610193899,
    -1.7161010163693473,
    -1.7435944182836161,
    -1.7698653534268858,
    -1.7926203810412007,
    -1.8092362879595414,
    -1.8180515872152412,
    -1.821027216350922,
    -1.820505454933139,
    -1.8180404177299656,
    -1.81469327785166,
    -1.8111389912305631,
    -1.807808844801845,
    -1.8049544644877233,
    -1.8027148714679604,
    -1.8011094219826744,
    -1.8004790219758711,
    -1.8
  ],
  "theta2": [
    1.271,
    1.2654258583158162,
    1.2566737933200618,
    1.2394255500203495,
    1.2150803326367057,
    1.1836950135888298,
    1.1453250739755527,
    1.0999458245367293,
    1.0475873706178911,
    0.98824027309165619,
    0.9219189199920802,
    0.84862919588499441,
    0.76845336807054232,
    0.68969992438738914,
    0.61793357577635433,
    0.55313345885667986,
    0.49535216148412431,
    0.44451309774450692,
    0.40068627686065372,
    0.36386283837705341,
    0.33403501626407728,
    0.31126300661826589,
    0.29511613058805763,
    0.28879940008628524,
    0.28400000000000003
  ]
}