{
  "startPos": "score_mid_cone",
  "finalPos": "intake",
  "totalTime": 0.5887572767765229,
  "grannyFactor": 1.25,
  "theta1": [
    -1.2999999999999998,
    -1.3046301234111064,
    -1.322612929581089,
    -1.3570856269988627,
    -1.407399977348024,
    -1.4704135069942736,
    -1.5424097689456233,
    -1.6194848038821947,
    -1.6977101550049407,
    -1.7732779788582913,
    -1.8427140056397875,
    -1.9030969151373522,
    -1.9524044228144115,
    -1.9899201469345578,
    -2.0161784651016608,
    -2.0324076587069873,
    -2.04
  ],
  "theta2": [
    0.9380000000000004,
    0.9330174818132686,
    0.9130874095107725,
    0.8732272658050992,
    0.8084545347951612,
    0.7187692192393774,
    0.609153834605609,
    0.48459089774016545,
    0.3500629259304602,
    0.21055243666607953,
    0.0710419475376962,
    -0.06348602382069429,
    -0.18804895977509617,
    -0.2976643427348361,
    -0.3873496552103267,
    -0.4521223799141524,
    -0.48699999999999977
  ]
}