{
  "startPos": "double_substation",
  "finalPos": "auto_start",
  "totalTime": 0.7074149570304965,
  "grannyFactor": 1.25,
  "theta1": [
    -0.8979999999999998,
    -0.906642964374251,
    -0.9412148203192816,
    -1.0103585276245715,
    -1.1200621176369043,
    -1.261682632081894,
    -1.426577109724272,
    -1.6061025884830493,
    -1.7916161060345608,
    -1.9744747001853251,
    -2.1460354093601275,
    -2.2976552739439153,
    -2.420691338598524,
    -2.506500661958257,
    -2.557893261375037,
    -2.583512062260626,
    -2.592
  ],
  "theta2": [
    0.21699999999999992,
    0.22550985767853826,
    0.24239647804020054,
    0.2590169010471229,
    0.2667281653876622,
    0.25688730957962164,
    0.22085137279347777,
    0.14997739706973734,
    0.0472974852577849,
    -0.07854540273401743,
    -0.21890830397654712,
    -0.36514825457794425,
    -0.5086222903462991,
    -0.6406874469848559,
    -0.7527007602015239,
    -0.8360192658215949,
    -0.882
  ]
}