{
  "startPos": "intake",
  "finalPos": "score_mid_cube",
  "totalTime": 0.5611811237935086,
  "grannyFactor": 1.25,
  "theta1": [
    -2.4,
    -2.400501570977187,
    -2.4006351142574367,
    -2.397849503739145,
    -2.389274830200214,
    -2.372023938483738,
    -2.3434603355311427,
    -2.3018130617785784,
    -2.248022754541997,
    -2.1849601251795723,
    -2.1161302688851658,
    -2.045315360028544,
    -1.976446175309022,
    -1.9135064177156216,
    -1.8604892782129958,
    -1.8213608644135053,
    -1.8000000000000003
  ],
  "theta2": [
    -0.9499999999999998,
    -0.945685314045522,
    -0.9284265706313845,
    -0.8939090846201568,
    -0.8378181721339114,
    -0.7601538356787281,
    -0.6652307587389408,
    -0.5573636260512286,
    -0.4408671227530214,
    -0.3200559341654268,
    -0.199244745701391,
    -0.08274824281321966,
    0.02511888904678137,
    0.12004196446566565,
    0.1977062981223254,
    0.25379720487933016,
    0.284
  ]
}