{
  "startPos": "score_high_cone",
  "finalPos": "double_substation",
  "totalTime": 0.43329211805041545,
  "grannyFactor": 1.25,
  "theta1": [
    -0.44999999999999957,
    -0.4506415827393218,
    -0.4529012484763064,
    -0.4570545355962653,
    -0.4632869350982432,
    -0.471668202411575,
    -0.48213417008314147,
    -0.49447882263470183,
    -0.508357747298994,
    -0.5233014808578477,
    -0.5387356860159113,
    -0.5540052993821137,
    -0.5684011780143221,
    -0.5811895186254238,
    -0.5916462394670454,
    -0.5991010574405168,
    -0.6029999999999996
  ],
  "theta2": [
    1.0399999999999996,
    1.0380139856325739,
    1.0300699284035804,
    1.0141818144326755,
    0.988363630590367,
    0.9526153783706514,
    0.9089230706683807,
    0.8592727211249916,
    0.8056503436208277,
    0.7500419521457312,
    0.6944335607442945,
    0.640811183484574,
    0.5911608344346256,
    0.5474685276390417,
    0.5117202770876649,
    0.4859020966608386,
    0.4719999999999994
  ]
}