{
  "startPos": "double_substation",
  "finalPos": "score_high_cube",
  "totalTime": 0.2904000812854099,
  "grannyFactor": 1.25,
  "theta1": [
    -0.8979999999999998,
    -0.8974020977307706,
    -0.8950104887619786,
    -0.890227271043188,
    -0.8824545428612394,
    -0.8716923048872235,
    -0.8585384587289019,
    -0.843590906329395,
    -0.8274475497391389,
    -0.8107062910577553,
    -0.7939650324094591,
    -0.7778216759290053,
    -0.7628741237511485,
    -0.7497202780001037,
    -0.7389580407754927,
    -0.7311853141277512,
    -0.727
  ],
  "theta2": [
    0.21699999999999992,
    0.21749718609008223,
    0.2193679269586172,
    0.22288192200046555,
    0.22812331566847938,
    0.23497110424237994,
    0.2431771673663652,
    0.25242624979312694,
    0.2623663664145485,
    0.2726253005354522,
    0.28282099649159304,
    0.2925693195994609,
    0.30149102737207367,
    0.3092193102123134,
    0.3154094216721775,
    0.3197527845536185,
    0.32199999999999995
  ]
}