{
  "startPos": "auto_start",
  "finalPos": "score_high_cube",
  "totalTime": 1.1153412404453074,
  "grannyFactor": 1.25,
  "theta1": [
    -2.34,
    -2.3396251290639656,
    -2.3392502581279304,
    -2.3388753871918961,
    -2.3379601436844326,
    -2.3367423274027268,
    -2.3350791576604557,
    -2.3326974580414142,
    -2.3292924863551607,
    -2.3242458671658843,
    -2.3168430674808587,
    -2.3060427083453683,
    -2.290348165393286,
    -2.2684688110353295,
    -2.2402274708637449,
    -2.2054838761158688,
    -2.165847218055752,
    -2.1223896985764705,
    -2.0752798446297489,
    -2.0246395644312325,
    -1.9706025631613249,
    -1.9132961315663288,
    -1.8528319670635596,
    -1.7893010779574456,
    -1.7227703991353072,
    -1.6532799045448554,
    -1.5808395143031944,
    -1.5054253070976182,
    -1.4268450947170763,
    -1.3450753224860008,
    -1.2599410051440303,
    -1.1731479126932585,
    -1.0897536519072002,
    -1.0115983551017196,
    -0.93974911228172786,
    -0.87451004705325452,
    -0.815898448198203,
    -0.76354807706617545,
    -0.71710460073465909,
    -0.67646060713932543,
    -0.64106126513384887,
    -0.61855597298945453,
    -0.60758089657632453,
    -0.60472391628661282,
    -0.608266624215738,
    -0.61527899943449038,
    -0.62393959135180954,
    -0.63316404109905144,
    -0.64222764397954935,
    -0.65062478644011557,
    -0.65813045020900374,
    -0.66461101654370736,
    -0.66989922985991812,
    -0.67288902848888388,
    -0.6750974977830102,
    -0.67730596707713664,
    -0.679
  ],
  "theta2": [
    -0.422,
    -0.4113293298968379,
    -0.40065865979367588,
    -0.38998798969051379,
    -0.36508471970123463,
    -0.33403516423342988,
    -0.29605125403665622,
    -0.25068058105751839,
    -0.19842694580558443,
    -0.13903324497638919,
    -0.072753247331974219,
    0.000453950496293834,
    0.080759155243849454,
    0.16691538031870506,
    0.25418184291842189,
    0.34125140036166546,
    0.42385819831449645,
    0.50195265732951888,
    0.5772610391831241,
    0.65051246491199932,
    0.722012321407798,
    0.79184444443517954,
    0.8599628899309294,
    0.926234733547041,
    0.99045864946265616,
    1.0523698315830035,
    1.1116357209582848,
    1.1678440110811452,
    1.2203101528226246,
    1.2684545543832095,
    1.3114115830754283,
    1.3469867004064326,
    1.3732131776520302,
    1.3901449896006681,
    1.3977627174155751,
    1.3969422718501088,
    1.3879818212844748,
    1.3707707927940598,
    1.3444278286097091,
    1.3054618250738086,
    1.246229887010474,
    1.1736155281312119,
    1.0951251331413543,
    1.01056247142795,
    0.92548269130172156,
    0.84688570038137834,
    0.7751310929260169,
    0.71062987173515491,
    0.65274002209671689,
    0.60243371953985769,
    0.55896435606730455,
    0.52219689861001672,
    0.49259714129712828,
    0.47593510744934564,
    0.46367115847520463,
    0.45140720950106361,
    0.44199999999999984
  ]
}