{
  "startPos": "defense",
  "finalPos": "score_hybrid",
  "totalTime": 0.33815769643942784,
  "grannyFactor": 1.25,
  "theta1": [
    -2.26,
    -2.2592365979038593,
    -2.2563842753682324,
    -2.251054691627629,
    -2.243129572710934,
    -2.232777361509322,
    -2.2203559585687906,
    -2.206330507793649,
    -2.1912278106940866,
    -2.1756103790544197,
    -2.160059756285805,
    -2.145164053097392,
    -2.1315068894453524,
    -2.1196556357798344,
    -2.1101465695780313,
    -2.1034631333580496,
    -2.1
  ],
  "theta2": [
    0.2700000000000002,
    0.26905594382363257,
    0.2652797192647741,
    0.25772727044373117,
    0.24545454193814115,
    0.2284615346579729,
    0.2076923038826737,
    0.18409090534642292,
    0.15860139492891437,
    0.1321678285765359,
    0.10573426226902242,
    0.08024475200040056,
    0.0566433537646968,
    0.03587412354164609,
    0.01888111727763632,
    0.0066083908523612445,
    2.1321740438355228e-16
  ]
}