{
  "startPos": "score_mid_cone",
  "finalPos": "auto_start",
  "totalTime": 0.5753717667338754,
  "grannyFactor": 1.25,
  "theta1": [
    -1.7629999999999995,
    -1.7670650968060042,
    -1.782563806192836,
    -1.8119290612068444,
    -1.8557394546547155,
    -1.9125227242710294,
    -1.979851045228067,
    -2.0548827550313398,
    -2.134590965878162,
    -2.215888466762352,
    -2.295716727483647,
    -2.371111415475882,
    -2.4392568023545715,
    -2.4975451268087983,
    -2.5436492823413333,
    -2.5756177468815156,
    -2.592
  ],
  "theta2": [
    0.4480000000000001,
    0.4433496496770926,
    0.42474824880991446,
    0.3875454479344492,
    0.3270908989106847,
    0.2433846043730424,
    0.1410769120477837,
    0.02481817097765119,
    -0.10074126937333831,
    -0.230951059348084,
    -0.361160849192943,
    -0.4867202891128974,
    -0.6029790293129291,
    -0.7052867200393953,
    -0.7889930116351949,
    -0.8494475546363108,
    -0.882
  ]
}