{
  "startPos": "defense",
  "finalPos": "score_high_cone",
  "totalTime": 0.6881796321374127,
  "grannyFactor": 1.25,
  "theta1": [
    -2.8,
    -2.7955383567501966,
    -2.7741965442408745,
    -2.728017655322151,
    -2.6490447809161983,
    -2.529321020810335,
    -2.3758111644897113,
    -2.19647212263317,
    -1.9992608166721013,
    -1.792134171367179,
    -1.583049113021216,
    -1.3799625685122863,
    -1.1908314649550706,
    -1.0236127295105713,
    -0.8862632892192462,
    -0.7867400707695602,
    -0.733
  ],
  "theta2": [
    -0.9,
    -0.8920430710593021,
    -0.8602153559378536,
    -0.7965599276075066,
    -0.6963003196764528,
    -0.5673934584604724,
    -0.41779627150506726,
    -0.25546568668301683,
    -0.0883586319149467,
    0.07556796505566499,
    0.22835717712880005,
    0.3620520783711599,
    0.4686957453950357,
    0.5403312631283502,
    0.5821225401033752,
    0.6020264818908848,
    0.6080000000000001
  ]
}