{
  "startPos": "intake",
  "finalPos": "defense",
  "totalTime": 0.39056722102304137,
  "grannyFactor": 1.25,
  "theta1": [
    -2.405,
    -2.406454545764447,
    -2.4122727286266565,
    -2.423909093955315,
    -2.442818186509034,
    -2.469000005073922,
    -2.5010000050820174,
    -2.537363641358747,
    -2.576636368535424,
    -2.617363641154393,
    -2.658090913713512,
    -2.6973636406915764,
    -2.7337272765673792,
    -2.76572727583878,
    -2.7919090930481225,
    -2.81081818282672,
    -2.821
  ],
  "theta2": [
    -0.9380000000000001,
    -0.9374468184638882,
    -0.9356244404053998,
    -0.9326048184185336,
    -0.9286193546960163,
    -0.9239904572435094,
    -0.9190794998217935,
    -0.914246621811648,
    -0.9098173220981326,
    -0.9060532217700376,
    -0.9031272095928241,
    -0.901105978180181,
    -0.8999444348849982,
    -0.8994950004677296,
    -0.8995314728786296,
    -0.8997858863328,
    -0.9
  ]
}