{
  "startPos": "hold",
  "finalPos": "score_mid_cube",
  "totalTime": 1.1247446518619173,
  "grannyFactor": 1.25,
  "theta1": [
    -1.5909999999999986,
    -1.5562622359474683,
    -1.479656239736033,
    -1.386792989266069,
    -1.2999854369110417,
    -1.2363914009898966,
    -1.206073586834883,
    -1.2114625115438935,
    -1.2493381661502008,
    -1.3132743205466786,
    -1.3951856620317167,
    -1.4862403638886836,
    -1.5775176117636398,
    -1.6606427118895228,
    -1.7284935375715433,
    -1.7758944736412117,
    -1.8000000000000003
  ],
  "theta2": [
    1.2710000000000008,
    1.2362622359551698,
    1.1627470803298803,
    1.079389808137296,
    1.01104156875253,
    0.9723912333522048,
    0.959168351698037,
    0.9580483279803108,
    0.9534361306341568,
    0.9307646536740959,
    0.8793183239257789,
    0.7955396894925315,
    0.6850235150981383,
    0.560643123435168,
    0.43957813759844905,
    0.3410046529908671,
    0.284
  ]
}