{
  "startPos": "score_mid_cone",
  "finalPos": "double_substation",
  "totalTime": 0.4985055994974562,
  "grannyFactor": 1.25,
  "theta1": [
    -1.7629999999999995,
    -1.759975523970662,
    -1.7478776201719313,
    -1.7236818132192038,
    -1.6843636287217534,
    -1.6299230686571327,
    -1.5633846071054835,
    -1.4877727191351755,
    -1.4061118801308117,
    -1.3214265656219355,
    -1.2367412512105602,
    -1.155080412529758,
    -1.0794685252126013,
    -1.012930064861103,
    -0.958489507004807,
    -0.919171327028316,
    -0.898
  ],
  "theta2": [
    0.4480000000000001,
    0.4477238223486204,
    0.44661996702970264,
    0.4442689103752678,
    0.4402131911935257,
    0.4340444141847117,
    0.4254761791438154,
    0.4144025194836443,
    0.4009414800720762,
    0.38545540996120736,
    0.3685436036497786,
    0.3510111078558993,
    0.3338222332795203,
    0.3180454499831855,
    0.30479073879321833,
    0.29513229356397874,
    0.2899999999999999
  ]
}