{
  "startPos": "double_substation",
  "finalPos": "hold",
  "totalTime": 0.6371484558726734,
  "grannyFactor": 1.25,
  "theta1": [
    -0.8599999999999997,
    -0.8536851787473253,
    -0.8397740608417956,
    -0.8245814623048529,
    -0.8144222060238395,
    -0.8156111161575179,
    -0.8344630155936721,
    -0.8772927203565271,
    -0.944256187155911,
    -1.0290385947394063,
    -1.1253251144993164,
    -1.2268009154973645,
    -1.3271511656935644,
    -1.4200610324238891,
    -1.4992156826314003,
    -1.5583002829937473,
    -1.5909999999999986
  ],
  "theta2": [
    0.19200000000000006,
    0.18859054300700928,
    0.18467696818720886,
    0.18657409302868244,
    0.2005967382270126,
    0.23305972342918843,
    0.29027786006162104,
    0.3738684920981274,
    0.4775168011165323,
    0.594907959687548,
    0.7197271375440475,
    0.845659503084573,
    0.9663902239554845,
    1.0756044673315477,
    1.166987400070151,
    1.234224188803915,
    1.2710000000000008
  ]
}