{
  "startPos": "score_high_cone",
  "finalPos": "intake",
  "totalTime": 0.7393354937838327,
  "grannyFactor": 1.25,
  "theta1": [
    -0.733,
    -0.7428665353967402,
    -0.7823326752457033,
    -0.8612649498261777,
    -0.9825546732193576,
    -1.1363353167712424,
    -1.312740348518098,
    -1.501903235533665,
    -1.6939574445847931,
    -1.8790364425099397,
    -2.047273696654331,
    -2.1888026758563472,
    -2.2937568560130397,
    -2.357987158108362,
    -2.391360100069212,
    -2.403742205998715,
    -2.405
  ],
  "theta2": [
    0.6080000000000001,
    0.6148641335881044,
    0.6255900214696619,
    0.6303111375889134,
    0.6191609539091999,
    0.5822729430414488,
    0.509780582673624,
    0.3945457722474226,
    0.24643503839635922,
    0.07531491331578011,
    -0.10894806904655797,
    -0.296487373918919,
    -0.4774364660650748,
    -0.6419288100902891,
    -0.7800978705790262,
    -0.8820771122163938,
    -0.9380000000000001
  ]
}