{
  "startPos": "defense",
  "finalPos": "double_substation",
  "totalTime": 0.7008115362846024,
  "grannyFactor": 1.25,
  "theta1": [
    -2.821,
    -2.8192670169465486,
    -2.8056649005285177,
    -2.7717904756300475,
    -2.709240566514077,
    -2.609612000297185,
    -2.472068323436233,
    -2.305012712190089,
    -2.1168483462757113,
    -1.9159784064819871,
    -1.7108060740944315,
    -1.5097345305898313,
    -1.3211669575235359,
    -1.1535065364674426,
    -1.015156448956485,
    -0.9145198764151454,
    -0.8599999999999997
  ],
  "theta2": [
    -0.9,
    -0.8928736693663744,
    -0.8630925775762328,
    -0.8022543543816258,
    -0.7093344834024186,
    -0.5927357859336202,
    -0.46086130298736555,
    -0.3221141394731147,
    -0.18489742842747453,
    -0.05761431791292491,
    0.051332034994910375,
    0.13353850558565536,
    0.18103609546262248,
    0.20222790627668416,
    0.20551706991434,
    0.19930672385964882,
    0.19200000000000006
  ]
}