{
  "startPos": "score_mid_cube",
  "finalPos": "score_high_cone",
  "totalTime": 0.5346293696356579,
  "grannyFactor": 1.25,
  "theta1": [
    -1.8000000000000003,
    -1.7962692301169112,
    -1.7813461509525461,
    -1.7514999933924822,
    -1.7029999896730583,
    -1.635846142516579,
    -1.553769219206979,
    -1.4604999884222851,
    -1.3597692192450874,
    -1.2553076809340813,
    -1.1508461428308812,
    -1.0501153743072686,
    -0.9568461447257132,
    -0.8747692234036047,
    -0.8076153795617437,
    -0.7591153822284464,
    -0.733
  ],
  "theta2": [
    0.284,
    0.28671427316128184,
    0.29643028460192533,
    0.31352476224469744,
    0.3372505252562117,
    0.3662277030792154,
    0.3987731649969941,
    0.43308262752734544,
    0.46735117384044506,
    0.49987653419186573,
    0.5291707696732803,
    0.5540969509397824,
    0.5740222561813679,
    0.5888755939666088,
    0.5990447978729804,
    0.6051845492509202,
    0.6080000000000001
  ]
}