{
  "startPos": "defense",
  "finalPos": "score_high_cube",
  "totalTime": 1.2340480912267997,
  "grannyFactor": 1.25,
  "theta1": [
    -2.821,
    -2.8183345498984664,
    -2.8156690997969331,
    -2.8130036496953994,
    -2.8080093627890914,
    -2.8011137254921041,
    -2.7923702843203597,
    -2.7817582338476528,
    -2.7692267376722777,
    -2.7546301074050521,
    -2.7372700087547708,
    -2.7169182511874306,
    -2.6928645280226831,
    -2.6646827969670142,
    -2.6331862843738079,
    -2.5984267743040279,
    -2.5600864752429131,
    -2.5178786484589688,
    -2.4715488586606824,
    -2.4208820517699725,
    -2.365864205136448,
    -2.3074058930695478,
    -2.2466717538376821,
    -2.1837295462426551,
    -2.1186302505659897,
    -2.0514148102013521,
    -1.9821098934642702,
    -1.9107250457017484,
    -1.8372461561017885,
    -1.7615849460293025,
    -1.6837604508102437,
    -1.6036868572088321,
    -1.5212415344181125,
    -1.4362566813410629,
    -1.3492425031223594,
    -1.2620486391893586,
    -1.1769623948920567,
    -1.0965923568988454,
    -1.0218691913633362,
    -0.95354426268267511,
    -0.89200817905697183,
    -0.83694705743699638,
    -0.78795892126207612,
    -0.74469594419004714,
    -0.70677259991447139,
    -0.67671420177226493,
    -0.6586009943500577,
    -0.64946663024798112,
    -0.64731459327155894,
    -0.65042829445416916,
    -0.65708429596193918,
    -0.66557405351089471,
    -0.67478291252535327,
    -0.68398892069296113,
    -0.6927679445624183,
    -0.70078742031454122,
    -0.70779106587634555,
    -0.713648811031972,
    -0.71869959012626583,
    -0.72094148717890194,
    -0.72318338423153783,
    -0.72542528128417383,
    -0.727
  ],
  "theta2": [
    -0.9,
    -0.8881752901814195,
    -0.87635058036283886,
    -0.86452587054425833,
    -0.84245839181474147,
    -0.81210000196350363,
    -0.77397913830072818,
    -0.72850774005686381,
    -0.6761509890916213,
    -0.61719748836512156,
    -0.55067982658610082,
    -0.47738631064160547,
    -0.39713888802986119,
    -0.31114728858738017,
    -0.22388082598766351,
    -0.13661436338794714,
    -0.049347900788230627,
    0.037918561811485875,
    0.12518502441120233,
    0.21245148701091873,
    0.2997179496106353,
    0.38586304692276935,
    0.46959071055236429,
    0.5511908483801744,
    0.63080648516010807,
    0.70847149242768792,
    0.784140931542199,
    0.857705062189458,
    0.92898856785261874,
    0.9976829168588669,
    1.0635676196025654,
    1.1262551738115467,
    1.1852467579514643,
    1.239895893061177,
    1.2888740561385519,
    1.3300968218076346,
    1.3623502071821658,
    1.3849118606636783,
    1.3979653914044383,
    1.4018201655513536,
    1.3968751437020097,
    1.3833378940001162,
    1.360825729506286,
    1.3278368290754297,
    1.2801938107251873,
    1.2125948435100491,
    1.1383823897296541,
    1.0581248296074797,
    0.97216718294410287,
    0.88498032674012128,
    0.80022819480398322,
    0.72193694297172861,
    0.65102929359177808,
    0.58680660130598694,
    0.52939755637891583,
    0.47918968306178883,
    0.43650541318834057,
    0.40130187647276516,
    0.37115472313240455,
    0.35787829093326795,
    0.34460185873413129,
    0.33132542653499469,
    0.32200000000000006
  ]
}