{
  "startPos": "defense",
  "finalPos": "hold",
  "totalTime": 0.7317789998402773,
  "grannyFactor": 1.25,
  "theta1": [
    -2.821,
    -2.8114329107838283,
    -2.773164556056579,
    -2.6966278529006433,
    -2.58539923014556,
    -2.449045768687705,
    -2.297134553496158,
    -2.139232670719347,
    -1.9849072068729898,
    -1.8437252483636428,
    -1.7252538809235383,
    -1.6390601872510193,
    -1.591149827814467,
    -1.5719557178206065,
    -1.571910769275968,
    -1.5814478931679785,
    -1.5909999999999986
  ],
  "theta2": [
    -0.9,
    -0.8922614923972243,
    -0.8631783069766357,
    -0.8078094306993012,
    -0.7223581620267052,
    -0.6048401413606073,
    -0.45616450521657986,
    -0.2801389623395822,
    -0.08260770981643367,
    0.1289011973162402,
    0.3474562807093564,
    0.563490470411474,
    0.7674366827611006,
    0.9497278306688093,
    1.1007968256739755,
    1.2110765786303728,
    1.2710000000000008
  ]
}