{
  "startPos": "intake",
  "finalPos": "score_mid_cube",
  "totalTime": 0.5619380455146797,
  "grannyFactor": 1.25,
  "theta1": [
    -2.3,
    -2.3036805741149964,
    -2.3118324703310313,
    -2.3205427628287425,
    -2.325775858208461,
    -2.323473327281473,
    -2.3096126220822,
    -2.280340313388721,
    -2.2352506467722435,
    -2.178252017863152,
    -2.1134939481973585,
    -2.045200773603319,
    -1.9776318158435744,
    -1.9150578242536351,
    -1.8617518492560639,
    -1.821982055705758,
    -1.8000000000000003
  ],
  "theta2": [
    -0.955,
    -0.9506678315263165,
    -0.9333391580364601,
    -0.8986818118760254,
    -0.8423636266535381,
    -0.7643846048817505,
    -0.6690769125574875,
    -0.5607727169333288,
    -0.4438041856636986,
    -0.3225034865872019,
    -0.20120278763453586,
    -0.0842342567758686,
    0.02406993801862621,
    0.11937762881823748,
    0.19735664778433787,
    0.25367482726246954,
    0.284
  ]
}