{
  "startPos": "defense",
  "finalPos": "score_mid_cone",
  "totalTime": 0.60719693652782691,
  "grannyFactor": 1.25,
  "theta1": [
    -2.26,
    -2.2592856996621036,
    -2.2575153787110103,
    -2.2536359860709161,
    -2.2456823333093574,
    -2.2312749021499654,
    -2.2089626904303294,
    -2.1788256551899918,
    -2.1416161951452031,
    -2.0975137699604791,
    -2.0463791879639319,
    -1.9883023678413374,
    -1.9232006922312879,
    -1.8513316213263857,
    -1.776129745359335,
    -1.6995915328775171,
    -1.6258392205829069,
    -1.55896765459728,
    -1.4991799732308,
    -1.4462781916493441,
    -1.4004316215850228,
    -1.3614907009826633,
    -1.3295464831231438,
    -1.3045952610718372,
    -1.3017780649764017,
    -1.3075695429535523,
    -1.3144250280348144,
    -1.3205353757430063,
    -1.3251688590600912,
    -1.3277328829747006,
    -1.3294000685586209,
    -1.33
  ],
  "theta2": [
    0.27,
    0.27420655898364577,
    0.28406130399748242,
    0.30142393735187278,
    0.3258618818667765,
    0.35728736978498471,
    0.39569537226158763,
    0.4403138327512473,
    0.490399661006796,
    0.54642769299419758,
    0.60867596190400119,
    0.67698570886395937,
    0.751200752441236,
    0.83068960251181334,
    0.91127792128397367,
    0.99049460619644436,
    1.0638108899512941,
    1.1271656982615483,
    1.1804057301931385,
    1.22378717521861,
    1.2568272890907086,
    1.2790446118405261,
    1.2879617752885275,
    1.2690789650609897,
    1.2212264523745091,
    1.1803635709586415,
    1.1463823856414412,
    1.1195055957448621,
    1.1000171004611614,
    1.0893706528333362,
    1.0824796908135894,
    1.08
  ]
}