{
  "startPos": "score_high_cube",
  "finalPos": "hold",
  "totalTime": 0.6362558072053645,
  "grannyFactor": 1.25,
  "theta1": [
    -0.727,
    -0.7214076448016697,
    -0.7109188801293215,
    -0.7018220238104315,
    -0.7004053966466959,
    -0.7129573198425997,
    -0.7457661130892863,
    -0.8051200894171217,
    -0.8868361323608542,
    -0.9846259244225849,
    -1.0922011410340546,
    -1.2032734553796338,
    -1.3115545395763402,
    -1.4107560651338311,
    -1.494589703177733,
    -1.556767124573268,
    -1.5909999999999986
  ],
  "theta2": [
    0.32199999999999995,
    0.31722604763523476,
    0.30919248257954635,
    0.3041876181212295,
    0.3084997707504664,
    0.32841725590779547,
    0.3702283808299893,
    0.43968011752541075,
    0.5304841518232624,
    0.636352160511724,
    0.7509958175298558,
    0.8681267954773234,
    0.9814567661988401,
    1.0846974010658166,
    1.17156037113114,
    1.235757347222119,
    1.2710000000000008
  ]
}