{
  "startPos": "score_high_cone",
  "finalPos": "intake",
  "totalTime": 0.7427708344247281,
  "grannyFactor": 1.25,
  "theta1": [
    -0.733,
    -0.7430047107621015,
    -0.7830235520691949,
    -0.8630612295561687,
    -0.9855985099888125,
    -1.1406306893606206,
    -1.3181530603490434,
    -1.5081609146671706,
    -1.7006495437206148,
    -1.885614238986734,
    -2.0530502924506204,
    -2.192952997593368,
    -2.295317654968168,
    -2.3571999881620274,
    -2.3886046904339753,
    -2.39953646123098,
    -2.4
  ],
  "theta2": [
    0.6080000000000001,
    0.6150663155206783,
    0.6262605741482231,
    0.6315780745987905,
    0.6210141135811098,
    0.5845639884601693,
    0.5122230017459541,
    0.39643492713153633,
    0.24720446648624075,
    0.07453632731572027,
    -0.11156478109848471,
    -0.3010941486398152,
    -0.48404706472099723,
    -0.6504188185941253,
    -0.7902046994902152,
    -0.8933999967422751,
    -0.9499999999999998
  ]
}