{
  "startPos": "defense",
  "finalPos": "intake",
  "totalTime": 0.42420301171773184,
  "grannyFactor": 1.25,
  "theta1": [
    -2.933,
    -2.9286822026931811,
    -2.9189126988679654,
    -2.9015596404804103,
    -2.8771178306107674,
    -2.8457152845824907,
    -2.807322165687947,
    -2.7619563953637067,
    -2.7095937289681635,
    -2.6507433334699626,
    -2.5950701158054645,
    -2.5463767791002168,
    -2.504663690584338,
    -2.4699264505940364,
    -2.4421725384012354,
    -2.4213953852017265,
    -2.4078255440786762,
    -2.4020482730673867,
    -2.4
  ],
  "theta2": [
    -0.81500000000000006,
    -0.8174358646214851,
    -0.82294466472475292,
    -0.832706991103114,
    -0.84635441928506006,
    -0.86358792212283486,
    -0.88394839668022152,
    -0.90657259696736525,
    -0.93005658232447641,
    -0.95207560211382791,
    -0.96800085488801968,
    -0.97864891698385881,
    -0.9859329497085294,
    -0.99106659607232439,
    -0.99475621235352585,
    -0.99737069942184764,
    -0.99904154348108376,
    -0.99974925371941192,
    -0.99999999999999989
  ]
}