{
  "startPos": "score_hybrid",
  "finalPos": "intake",
  "totalTime": 0.3924359919693389,
  "grannyFactor": 1.25,
  "theta1": [
    -2.688,
    -2.6867412413394236,
    -2.6819634480484513,
    -2.672897129353643,
    -2.6592079251709637,
    -2.6411486425641804,
    -2.619355906559396,
    -2.594659360599367,
    -2.5679922180075563,
    -2.5403465528434857,
    -2.512746703423207,
    -2.486230726838835,
    -2.4618347183825118,
    -2.4405765128721,
    -2.42343485210634,
    -2.4113171549428953,
    -2.405
  ],
  "theta2": [
    -0.5160000000000001,
    -0.5174755247883992,
    -0.5233776237445399,
    -0.5351818212572647,
    -0.5543636410994875,
    -0.5809230820456731,
    -0.6133846205153841,
    -0.6502727323157554,
    -0.6901118930579448,
    -0.731426578263287,
    -0.7727412634082057,
    -0.8125804239498766,
    -0.8494685353454752,
    -0.8819300730714252,
    -0.9084895126490614,
    -0.9276713296895414,
    -0.9380000000000001
  ]
}