{
  "startPos": "hold",
  "finalPos": "defense",
  "totalTime": 1.124744651032658,
  "grannyFactor": 1.25,
  "theta1": [
    -1.5909999999999986,
    -1.5995506592035207,
    -1.6081013184070425,
    -1.6221394321702576,
    -1.645269861295636,
    -1.6750862301734846,
    -1.7119692660846615,
    -1.7552895977686331,
    -1.804995272227129,
    -1.8610884044881604,
    -1.9230580917277971,
    -1.9905600654272755,
    -2.0610192052035829,
    -2.1296654463975155,
    -2.1962139586006666,
    -2.2604614704414749,
    -2.3223001153917977,
    -2.3815072761255944,
    -2.4379741472734393,
    -2.4915140373876516,
    -2.541963813196868,
    -2.5892192692963718,
    -2.6323004879810474,
    -2.6694403447005097,
    -2.7010029362813435,
    -2.7275092940959338,
    -2.7494367872870979,
    -2.7664742608274797,
    -2.7794630603249382,
    -2.7894656051918094,
    -2.79723894241568,
    -2.8033742588683874,
    -2.8082519882897583,
    -2.812162058425252,
    -2.815301581202454,
    -2.8176425080488046,
    -2.8192811887996636,
    -2.8200572095938945,
    -2.8208332303881254,
    -2.821
  ],
  "theta2": [
    1.2710000000000008,
    1.2621128523436673,
    1.2532257046873334,
    1.2386323320333812,
    1.214578205535632,
    1.1835444336199887,
    1.1450832999675491,
    1.0997728936905178,
    1.047535519607717,
    0.98814397414572808,
    0.92184435653773567,
    0.84856692153647728,
    0.77057492278151929,
    0.69269873526255044,
    0.6149873997480656,
    0.53730344877514657,
    0.4594807441857458,
    0.381300298103343,
    0.30248211264465591,
    0.22260864122690024,
    0.14103058703040616,
    0.056701732942736949,
    -0.030432477821254807,
    -0.11769894042097118,
    -0.20496540302068739,
    -0.29223186562040387,
    -0.37917141584045189,
    -0.46093620843800809,
    -0.53569607819841691,
    -0.60351710801525982,
    -0.66432834486600345,
    -0.718188569304217,
    -0.76497389087680423,
    -0.80479325553482373,
    -0.83797804996288217,
    -0.86329820342561048,
    -0.88117132302565693,
    -0.88967222461222173,
    -0.89817312619878675,
    -0.9
  ]
}