{
  "startPos": "score_mid_cone",
  "finalPos": "score_high_cone",
  "totalTime": 0.5283768052993746,
  "grannyFactor": 1.25,
  "theta1": [
    -1.7629999999999995,
    -1.759398600831422,
    -1.7449930045150595,
    -1.7161818126066506,
    -1.6693636277784885,
    -1.6045384522522226,
    -1.5253076830066383,
    -1.4352727181307292,
    -1.3380349560687566,
    -1.2371957954278126,
    -1.1363566348964045,
    -1.0391188731979317,
    -0.9490839090557943,
    -0.8698531411584993,
    -0.805027968113139,
    -0.7582097883639746,
    -0.733
  ],
  "theta2": [
    0.4480000000000001,
    0.4499880722047037,
    0.4567251082319718,
    0.4680755777765779,
    0.48326225131601663,
    0.5011537670154419,
    0.5204579902693016,
    0.5398538828948255,
    0.5580962436825866,
    0.5741183127713243,
    0.5871407579379551,
    0.5967777638861747,
    0.6030998799977773,
    0.6065842139739279,
    0.6079857355259836,
    0.6081819177196008,
    0.6080000000000001
  ]
}