{
  "startPos": "defense",
  "finalPos": "score_mid_cone",
  "totalTime": 0.5800916531407175,
  "grannyFactor": 1.25,
  "theta1": [
    -2.7029999999999994,
    -2.699056392604591,
    -2.6839563290542476,
    -2.6551898807309393,
    -2.6115359183452456,
    -2.5534919126966593,
    -2.4828430721708328,
    -2.402113984071249,
    -2.3142626099686594,
    -2.2225164904239625,
    -2.130276861205004,
    -2.041053750190144,
    -1.9584091106164947,
    -1.8858990216487852,
    -1.8270079797191199,
    -1.7850529166344329,
    -1.7629999999999995
  ],
  "theta2": [
    -0.9149999999999999,
    -0.9102342651540599,
    -0.8911713261977928,
    -0.8530454491533122,
    -0.7910909015220153,
    -0.7053076852697365,
    -0.6004615324699681,
    -0.4813181767354071,
    -0.3526433521323463,
    -0.21920279293275657,
    -0.08576223351647733,
    0.04291259167979362,
    0.162055948196591,
    0.266902101587337,
    0.35268531746394893,
    0.4146398615753999,
    0.4480000000000001
  ]
}