{
  "startPos": "intake",
  "finalPos": "score_mid_cone",
<<<<<<< HEAD
  "totalTime": 0.621967595773485,
  "theta1": [
    -2.05,
    -2.049320870591266,
    -2.0459211865426763,
    -2.037479508181577,
    -2.02137663933907,
    -1.9950981832938035,
    -1.9566450118541754,
    -1.9051396277329116,
    -1.8414894763793743,
    -1.7682339594215482,
    -1.6889129399420013,
    -1.6076481772434186,
    -1.5289013799292963,
    -1.457259870784636,
    -1.3973103327145262,
    -1.3535141773542017,
    -1.3300000000000003
  ],
  "theta2": [
    -0.6,
    -0.5941258733399724,
    -0.570629367195845,
    -0.5236363559112265,
    -0.44727271537685903,
    -0.3415384486711356,
    -0.2123076794198354,
    -0.06545453278707987,
    0.09314686557073974,
    0.2576223897716086,
    0.4220979138207003,
    0.5806993116748401,
    0.7275524572908535,
    0.8567832246739144,
    0.9625174879420079,
    1.0388811214387434,
    1.0799999999999998
=======
  "totalTime": 0.5887572767766333,
  "grannyFactor": 1.25,
  "theta1": [
    -2.04,
    -2.040734702168065,
    -2.0409407931093493,
    -2.0373086178546354,
    -2.0262196633264606,
    -2.0040566145537904,
    -1.96750383574965,
    -1.9144366339322314,
    -1.8468811984625344,
    -1.7686106143398932,
    -1.6839232308117231,
    -1.59735047342577,
    -1.5135504226276855,
    -1.4372248764720181,
    -1.3730823533628786,
    -1.3258061741583542,
    -1.2999999999999998
  ],
  "theta2": [
    -0.48699999999999977,
    -0.4820174818132653,
    -0.4620874095107585,
    -0.42222726580506403,
    -0.3574545347950922,
    -0.2677692192392789,
    -0.15815383460548607,
    -0.03359089774002461,
    0.10093707406969114,
    0.2404475633340743,
    0.37995805246245185,
    0.5144860238208284,
    0.6390489597752089,
    0.7486643427349216,
    0.8383496552103812,
    0.9031223799141763,
    0.9380000000000004
>>>>>>> post_alexandria
  ]
}