{
  "startPos": "double_substation",
  "finalPos": "defense",
  "totalTime": 0.7023382407464548,
  "grannyFactor": 1.25,
  "theta1": [
    -0.8979999999999998,
    -0.9064582198960865,
    -0.940291098599853,
    -1.0079568541485964,
    -1.1179137015322846,
    -1.263050585678499,
    -1.4349092933183387,
    -1.6250316082375587,
    -1.824959313442956,
    -2.0262341918382316,
    -2.220398026780719,
    -2.398992603280262,
    -2.5535597094068936,
    -2.67564114008548,
    -2.756778713377951,
    -2.802412285576348,
    -2.821
  ],
  "theta2": [
    0.21699999999999992,
    0.22494199088751557,
    0.24030975709421978,
    0.2546450840175892,
    0.2594897556259512,
    0.24638555569354356,
    0.2068742687188884,
    0.13249768239310714,
    0.0274967738765142,
    -0.09967024234981722,
    -0.2405451484436149,
    -0.38666972549150286,
    -0.5295857542463364,
    -0.6608350153443403,
    -0.7719592894269108,
    -0.8545003572659683,
    -0.9
  ]
}