{
  "startPos": "intake",
  "finalPos": "score_high_cube",
  "totalTime": 1.1241813789982233,
  "grannyFactor": 1.25,
  "theta1": [
    -2.05,
    -2.0507853132010534,
    -2.0184557330361224,
    -1.91832570301406,
    -1.7157096764367734,
    -1.4372167190754692,
    -1.117532401195715,
    -0.7913422820315509,
    -0.4933319014812512,
    -0.2581867587685458,
    -0.12059222389281155,
    -0.10671021779417912,
    -0.1818554432265451,
    -0.31134248083469923,
    -0.4604858809627911,
    -0.5946001938955212,
    -0.6790000000000004
  ],
  "theta2": [
    -0.6,
    -0.5653144001766496,
    -0.4265720025907227,
    -0.18572757729148062,
    0.12253327881396145,
    0.4635249675948537,
    0.8025618909057547,
    1.1049584516969932,
    1.3360290551984342,
    1.461088113715534,
    1.4491152254565158,
    1.3347959744579958,
    1.1528159516378664,
    0.9378607498410637,
    0.7246159623941816,
    0.547767182141679,
    0.44199999999999995
  ]
}