{
  "startPos": "double_substation",
  "finalPos": "score_mid_cube",
  "totalTime": 0.5125158356052848,
  "grannyFactor": 1.25,
  "theta1": [
    -0.8599999999999997,
    -0.8632867138203514,
    -0.8764335687649786,
    -0.9027272779727495,
    -0.9454545535320067,
    -1.0046153933524782,
    -1.07692308567411,
    -1.1590909176922926,
    -1.2478321762681575,
    -1.3398601481096344,
    -1.4318881198480529,
    -1.520629378081913,
    -1.602797209409715,
    -1.675104900462788,
    -1.7342657379490625,
    -1.77699300872967,
    -1.8000000000000003
  ],
  "theta2": [
    0.19200000000000006,
    0.19371868125857059,
    0.19935757441778398,
    0.2084783039170494,
    0.22014761971599156,
    0.233235580584133,
    0.24658847467432413,
    0.25913840386424736,
    0.26999548415494184,
    0.27852888257250424,
    0.28442911580414965,
    0.2877310445147882,
    0.2887848760944839,
    0.28818493146358565,
    0.28667578587701614,
    0.28504549459498796,
    0.284
  ]
}