{
  "startPos": "intake",
  "finalPos": "score_mid_cube",
  "totalTime": 0.5686604294692812,
  "grannyFactor": 1.25,
  "theta1": [
    -2.4,
    -2.4001000746776033,
    -2.3992181781855373,
    -2.395099845277265,
    -2.385150796073076,
    -2.3667619436159892,
    -2.3376073771015786,
    -2.296219210846916,
    -2.2432200628744834,
    -2.1811017024543013,
    -2.1131753383391683,
    -2.0431414609691747,
    -1.974915979103958,
    -1.9124988429964243,
    -1.8599073527963952,
    -1.8211219958258427,
    -1.8000000000000003
  ],
  "theta2": [
    -0.9999999999999999,
    -0.9955104888535293,
    -0.977552444682255,
    -0.9416363571786773,
    -0.8832727173285942,
    -0.8024615277053321,
    -0.7036922969189378,
    -0.5914545348654066,
    -0.470237751852238,
    -0.3445314583755371,
    -0.218825165025712,
    -0.09760838243358627,
    0.014629378770016487,
    0.11339860799468841,
    0.1942097947443247,
    0.25257342871142674,
    0.284
  ]
}