{
  "startPos": "auto_start",
  "finalPos": "score_high_cube",
  "totalTime": 1.2951283402481737,
  "grannyFactor": 1.25,
  "theta1": [
    -2.592,
    -2.5923312453029186,
    -2.5926624906058371,
    -2.5929937359087556,
    -2.5934690209886284,
    -2.5942319578809494,
    -2.5951053422350219,
    -2.5960015063406585,
    -2.5968042491385095,
    -2.5973272166058106,
    -2.5972004530892585,
    -2.5961725570618861,
    -2.593484911159369,
    -2.5886066148669862,
    -2.5811265530607308,
    -2.5706679228278584,
    -2.5567766712869431,
    -2.5389689797945731,
    -2.5167260802394535,
    -2.48948837903854,
    -2.4566681577138487,
    -2.4187207523344525,
    -2.3770077655728739,
    -2.3314942578868507,
    -2.282448439548356,
    -2.2300081385477082,
    -2.1742812405165197,
    -2.1153514458571894,
    -2.0530975454405476,
    -1.9877334400670461,
    -1.9192955012851525,
    -1.847770916386138,
    -1.7731178474900848,
    -1.6952618562057733,
    -1.6140561816959216,
    -1.529400969708979,
    -1.4423599292328277,
    -1.3550934666331116,
    -1.2678270040333952,
    -1.1811285460331276,
    -1.0989612584541548,
    -1.0231866683091988,
    -0.95424605702070509,
    -0.8919051840005543,
    -0.83566848414006367,
    -0.78522745794022342,
    -0.74034604804270621,
    -0.70076056620274463,
    -0.66934228142121077,
    -0.64987056874790816,
    -0.63965039206252849,
    -0.63666129250864834,
    -0.63968197038435481,
    -0.646931912493907,
    -0.65644730989662492,
    -0.6668644818292645,
    -0.67734742154818284,
    -0.68738113576992588,
    -0.69657647135281864,
    -0.70463559278411081,
    -0.71141239640435128,
    -0.71735848905078226,
    -0.71992516653024441,
    -0.72249184400970656,
    -0.72505852148916861,
    -0.727
  ],
  "theta2": [
    -0.882,
    -0.86920207172463337,
    -0.85640414344926652,
    -0.84360621517389989,
    -0.8247696103407296,
    -0.793873584885303,
    -0.75534185960445743,
    -0.71020643467475442,
    -0.65814262331017981,
    -0.59919721097185064,
    -0.53254867282442486,
    -0.45959883703802451,
    -0.37914409633984253,
    -0.29317264961729556,
    -0.20590618701757896,
    -0.11863972441786272,
    -0.031373261818146134,
    0.055893200781570285,
    0.14315966338128638,
    0.23042612598100295,
    0.31764669110023586,
    0.40267166709084007,
    0.48341371140745659,
    0.56081452921212516,
    0.63553329041550566,
    0.70783304855591989,
    0.77782643999976864,
    0.845535824568352,
    0.91077722234024494,
    0.97357720094289668,
    1.0338134923437838,
    1.0913015289316066,
    1.145805427635354,
    1.1970284087657979,
    1.2445574499541827,
    1.2879887766178306,
    1.326265536175153,
    1.3582260316485073,
    1.3837398299297854,
    1.4023416530932058,
    1.4131863220343865,
    1.4164103522003808,
    1.4123443270316249,
    1.4012241242856998,
    1.38311010602307,
    1.3573986703999374,
    1.3223433948908845,
    1.2733386299224034,
    1.2085750677763334,
    1.1374684788401881,
    1.06026142467858,
    0.97671632421588628,
    0.8896927349521101,
    0.80461832623246,
    0.72603372051592352,
    0.6546775916344606,
    0.59013692875908208,
    0.53239532825782587,
    0.48183020564403367,
    0.43874515659966495,
    0.40305222750844982,
    0.37197433646503258,
    0.3586706121181481,
    0.34536688777126356,
    0.332063163424379,
    0.32199999999999995
  ]
}