{
  "startPos": "score_mid_cube",
  "finalPos": "defense",
  "totalTime": 0.5558245553016288,
  "grannyFactor": 1.25,
  "theta1": [
    -1.8000000000000003,
    -1.803854795542965,
    -1.8188133247903686,
    -1.8477650874891514,
    -1.8922578219161204,
    -1.9510838725530553,
    -2.0217753016277715,
    -2.1014288666776704,
    -2.1869501253106542,
    -2.2751598186381097,
    -2.3628461059139476,
    -2.446794303566671,
    -2.5238256735467353,
    -2.5908361062990397,
    -2.644840978167064,
    -2.6830453376449084,
    -2.7029999999999994
  ],
  "theta2": [
    0.284,
    0.27980769168005587,
    0.26303845879638144,
    0.22949999383055658,
    0.17499999049973272,
    0.0995384512623733,
    0.007307682015211202,
    -0.09750001011646972,
    -0.21069231761424914,
    -0.328076932779519,
    -0.4454615478235777,
    -0.5586538549191119,
    -0.663461546238808,
    -0.7556923139939643,
    -0.8311538504859729,
    -0.8856538481964128,
    -0.9149999999999999
  ]
}