{
  "startPos": "auto_start",
  "finalPos": "intake",
  "totalTime": 0.3251385298009083,
  "grannyFactor": 1.25,
  "theta1": [
    -2.64,
    -2.6391608389460712,
    -2.635804194865897,
    -2.629090906979817,
    -2.618181814930968,
    -2.6030769195605976,
    -2.584615381093449,
    -2.563636360174656,
    -2.5409790175838776,
    -2.5174825141624306,
    -2.4939860107824607,
    -2.4713286683293254,
    -2.4503496476883826,
    -2.4318881097317773,
    -2.4167832153008266,
    -2.4058741251751896,
    -2.4
  ],
  "theta2": [
    -0.9400000000000001,
    -0.940232180771932,
    -0.9410590530598465,
    -0.9426016101869626,
    -0.9449517173470408,
    -0.9481559964254526,
    -0.952204252527307,
    -0.9570238482242864,
    -0.9624805996176572,
    -0.9683851877630878,
    -0.9745030807729654,
    -0.9805661679985548,
    -0.9862851910802801,
    -0.9913629976779407,
    -0.9955094831819442,
    -0.9984599813946454,
    -0.9999999999999999
  ]
}