{
  "startPos": "score_high_cone",
  "finalPos": "score_high_cube",
  "totalTime": 0.31962664312395145,
  "grannyFactor": 1.25,
  "theta1": [
    -0.733,
    -0.7328900632705649,
    -0.7325349907259497,
    -0.7319549290027572,
    -0.7312008241352985,
    -0.7303414781310626,
    -0.729452473378602,
    -0.7286068477469885,
    -0.7278674169985726,
    -0.727280745002399,
    -0.7268729022730445,
    -0.7266472461188141,
    -0.7265844724993753,
    -0.7266451447478783,
    -0.7267748569913548,
    -0.7269122188055576,
    -0.727
  ],
  "theta2": [
    0.5499999999999999,
    0.5492027969952493,
    0.5460139851072303,
    0.5396363615962418,
    0.5292727241311633,
    0.5149230735249628,
    0.4973846119810801,
    0.47745454210921356,
    0.4559300666490648,
    0.43360838839991994,
    0.41128671019085755,
    0.38976223486372424,
    0.3698321652603668,
    0.35229370420986356,
    0.33794405451150084,
    0.32758041890498013,
    0.32199999999999995
  ]
}