{
  "startPos": "hold",
  "finalPos": "auto_start",
  "totalTime": 1.124744650999001,
  "grannyFactor": 1.25,
  "theta1": [
    -1.5909999999999986,
    -1.5562622359604277,
    -1.4826877660662876,
    -1.3996982404817198,
    -1.3345514367069216,
    -1.3105176196844421,
    -1.342918809086445,
    -1.4331669998053058,
    -1.5711262834488746,
    -1.7414442409720663,
    -1.9267767046873878,
    -2.109611391587563,
    -2.2738941465251497,
    -2.4071918552698612,
    -2.5036336952033804,
    -2.563856017658506,
    -2.592
  ],
  "theta2": [
    1.2710000000000008,
    1.2362622359635356,
    1.16213155279355,
    1.0761527897566463,
    0.9998756530040309,
    0.939086855900548,
    0.8824110784991266,
    0.8130743648996684,
    0.7138655349915957,
    0.5705761955909392,
    0.37731306712856916,
    0.1423922894807238,
    -0.11556762224596812,
    -0.3729795165227819,
    -0.6039480294908446,
    -0.7821085650413235,
    -0.882
  ]
}