{
  "startPos": "intake",
  "finalPos": "score_high_cube",
  "totalTime": 0.8207272944295723,
  "grannyFactor": 1.25,
  "theta1": [
    -2.3,
    -2.3081627684357717,
    -2.3191541445508865,
    -2.319477169335219,
    -2.295634879293906,
    -2.2341303123977045,
    -2.121466518109406,
    -1.9651857502127328,
    -1.778784969012291,
    -1.5757611474158921,
    -1.3696112607618727,
    -1.1738322849241842,
    -1.0019211951576876,
    -0.8673749640660767,
    -0.7836905493292697,
    -0.7413978722016539,
    -0.727
  ],
  "theta2": [
    -0.955,
    -0.9415030178838515,
    -0.887515090155675,
    -0.7795392369247741,
    -0.6308040127317017,
    -0.4548063964994762,
    -0.265043368563808,
    -0.07501190957788452,
    0.10179099989944201,
    0.2518683799723727,
    0.36172325207113115,
    0.41785864160345654,
    0.4308956895715651,
    0.414331370577013,
    0.3816626632029208,
    0.3463865466953686,
    0.32199999999999995
  ]
}