{
  "startPos": "score_mid_cone",
  "finalPos": "intake",
  "totalTime": 0.583336399550639,
  "grannyFactor": 1.25,
  "theta1": [
    -1.7629999999999995,
    -1.7672223869273955,
    -1.7832296991681598,
    -1.813001467366995,
    -1.8557510031742257,
    -1.9090666244458878,
    -1.9699565435248345,
    -2.0352118407813986,
    -2.101589846206524,
    -2.165967589914126,
    -2.2255506542090275,
    -2.2780517439177266,
    -2.321883034878329,
    -2.3562828684480457,
    -2.3812439877607607,
    -2.3972576569260005,
    -2.405
  ],
  "theta2": [
    0.4480000000000001,
    0.44315384546253983,
    0.4237692277489831,
    0.384999993204704,
    0.32199998953599007,
    0.23476921945070028,
    0.12815383481726228,
    0.0069999888572845476,
    -0.12384616477460639,
    -0.2595384722253173,
    -0.39523077954252167,
    -0.5260769327313642,
    -0.6472307777969897,
    -0.7538461607870715,
    -0.8410769278485156,
    -0.9040769253266951,
    -0.9380000000000001
  ]
}