{
  "startPos": "score_high_cone",
  "finalPos": "double_substation",
  "totalTime": 0.3571141502101357,
  "grannyFactor": 1.25,
  "theta1": [
    -0.733,
    -0.7337972406490557,
    -0.7367093591042039,
    -0.7420803558589407,
    -0.7500268242502862,
    -0.7604308676539662,
    -0.7729878583261187,
    -0.7872645886449122,
    -0.8027430488006869,
    -0.8188502841373537,
    -0.8349794924822638,
    -0.8505063780635878,
    -0.8648035802551626,
    -0.8772555395963062,
    -0.8872765287056961,
    -0.8943361170457332,
    -0.898
  ],
  "theta2": [
    0.6080000000000001,
    0.6068881116290245,
    0.6024405583086321,
    0.5935454519987157,
    0.5790909051692099,
    0.5590769188349652,
    0.5346153803666591,
    0.5068181776421131,
    0.476797198701435,
    0.4456643316591134,
    0.4145314646668278,
    0.3845104858921965,
    0.3567132835028377,
    0.3322517456504309,
    0.3122377604494649,
    0.2977832159400474,
    0.2899999999999999
  ]
}