{
  "startPos": "double_substation",
  "finalPos": "score_hybrid",
  "totalTime": 0.6397201953379497,
  "grannyFactor": 1.25,
  "theta1": [
    -0.8599999999999997,
    -0.8663916092230167,
    -0.8919580455903846,
    -0.9430909172633734,
    -1.0261818307665405,
    -1.1412307828432358,
    -1.281846167480375,
    -1.4416363770374607,
    -1.6142098033532242,
    -1.7931748380277097,
    -1.9721398725416182,
    -2.1447132983245036,
    -2.3045035068059216,
    -2.445118889466577,
    -2.560167837906519,
    -2.6432587439644877,
    -2.688
  ],
  "theta2": [
    0.19200000000000006,
    0.19602139626287973,
    0.20543761523500978,
    0.2153506873788064,
    0.22047791743378167,
    0.2154700913972082,
    0.19510989378317614,
    0.15470507113003223,
    0.09278434857469219,
    0.013986452133241038,
    -0.07609123557603546,
    -0.17153588756970287,
    -0.2662816814811613,
    -0.35421201531107377,
    -0.42919990148355897,
    -0.48513989511062156,
    -0.5160000000000001
  ]
}