{
  "startPos": "score_high_cube",
  "finalPos": "score_high_cone",
  "totalTime": 0.3447095893505087,
  "grannyFactor": 1.25,
  "theta1": [
    -0.727,
    -0.7269046591603558,
    -0.7266210687616996,
    -0.7262148917467715,
    -0.725783770149952,
    -0.7254332318781025,
    -0.7252586888826091,
    -0.7253324018615146,
    -0.7256947779213355,
    -0.7263497634256401,
    -0.7272641615246687,
    -0.7283705571149627,
    -0.7295733655963632,
    -0.7307574989630675,
    -0.7317993072641507,
    -0.732579743431999,
    -0.733
  ],
  "theta2": [
    0.32199999999999995,
    0.323000000241401,
    0.3270000010546568,
    0.33500000237288696,
    0.34800000365398637,
    0.3660000039523833,
    0.3880000039586895,
    0.413000003890993,
    0.44000000381617416,
    0.4680000037318098,
    0.4960000036008249,
    0.5230000033712938,
    0.5480000029912907,
    0.5700000024237407,
    0.5880000016662207,
    0.6010000007856111,
    0.6080000000000001
  ]
}