{
  "startPos": "score_mid_cone",
  "finalPos": "auto_start",
  "totalTime": 0.5753717667338754,
  "grannyFactor": 1.25,
  "theta1": [
    -1.7629999999999995,
    -1.7670649828326872,
    -1.7825634102441543,
    -1.811928209272268,
    -1.8557376990822667,
    -1.9125194212826349,
    -1.979845684698706,
    -2.0548751225724144,
    -2.1345812061083818,
    -2.2158770837045334,
    -2.295704551792284,
    -2.3710995648399193,
    -2.439246508516414,
    -2.4975374848863514,
    -2.5436448369640807,
    -2.575616112291869,
    -2.592
  ],
  "theta2": [
    0.4480000000000001,
    0.4433496496770926,
    0.42474824880991446,
    0.3875454479344492,
    0.3270908989106847,
    0.24338460437304243,
    0.14107691204778372,
    0.024818170977651197,
    -0.10074126937333831,
    -0.23095105934808402,
    -0.36116084919294306,
    -0.48672028911289744,
    -0.6029790293129291,
    -0.7052867200393953,
    -0.7889930116351949,
    -0.8494475546363108,
    -0.882
  ]
}