{
  "startPos": "score_high_cube",
  "finalPos": "defense",
  "totalTime": 0.7790838409046279,
  "grannyFactor": 1.25,
  "theta1": [
    -0.727,
    -0.7357654312968676,
    -0.7736066662691962,
    -0.852068657190373,
    -0.9826963533560565,
    -1.1562686108398157,
    -1.361240473177957,
    -1.5860669861805559,
    -1.8192031989121522,
    -2.0491041653503266,
    -2.2642249474561393,
    -2.4530206216681596,
    -2.603946296029922,
    -2.705457182122702,
    -2.764273299249934,
    -2.7919393231215923,
    -2.8
  ],
  "theta2": [
    0.32199999999999995,
    0.3335449646050291,
    0.36136182976904635,
    0.3939056314312181,
    0.4196314049920836,
    0.4269941858576883,
    0.4044490100048604,
    0.3404509153744168,
    0.23090029590700006,
    0.0873421128565579,
    -0.07867867058450731,
    -0.2556170906303857,
    -0.4319281832579097,
    -0.5960669843774604,
    -0.7364885299658996,
    -0.8416478562374916,
    -0.9
  ]
}