{
  "startPos": "score_high_cone",
  "finalPos": "auto_start",
  "totalTime": 0.7128318271956003,
  "grannyFactor": 1.25,
  "theta1": [
    -0.733,
    -0.7418430332605654,
    -0.7772151648150644,
    -0.847959423559066,
    -0.9619994125102933,
    -1.110492104090297,
    -1.28459446789555,
    -1.4754634726855802,
    -1.6742560869269942,
    -1.8721292790864033,
    -2.0602400179233475,
    -2.2297452730343035,
    -2.371802016840401,
    -2.477567230990135,
    -2.5436266265971077,
    -2.578823211467934,
    -2.592
  ],
  "theta2": [
    0.6080000000000001,
    0.6130051173777439,
    0.6191774585631196,
    0.6176739996314378,
    0.5996517147065834,
    0.5562675785503973,
    0.47867857092627747,
    0.3639279559792805,
    0.2208587582030959,
    0.058314007570624896,
    -0.1148632642188793,
    -0.28983002465443947,
    -0.4577432407674953,
    -0.6097598794333363,
    -0.7370369075067618,
    -0.8307312919417171,
    -0.882
  ]
}