{
  "startPos": "score_high_cube",
  "finalPos": "hold",
  "totalTime": 0.6362558072053618,
  "grannyFactor": 1.25,
  "theta1": [
    -0.727,
    -0.7214076448016714,
    -0.7109188801293227,
    -0.7018220238104299,
    -0.7004053966466891,
    -0.7129573198425855,
    -0.745766113089263,
    -0.805120089417088,
    -0.8868361323608205,
    -0.9846259244225554,
    -1.092201141034031,
    -1.2032734553796165,
    -1.3115545395763286,
    -1.4107560651338242,
    -1.4945897031777298,
    -1.5567671245732668,
    -1.5909999999999986
  ],
  "theta2": [
    0.32199999999999995,
    0.3172260476352441,
    0.3091924825795735,
    0.30418761812127737,
    0.30849977075053264,
    0.3284172559078715,
    0.370228380830054,
    0.43968011752546454,
    0.5304841518233059,
    0.6363521605117581,
    0.7509958175298815,
    0.8681267954773421,
    0.9814567661988528,
    1.0846974010658241,
    1.171560371131144,
    1.2357573472221204,
    1.2710000000000008
  ]
}