{
  "startPos": "hold",
  "finalPos": "double_substation",
  "totalTime": 1.1247446514495554,
  "grannyFactor": 1.25,
  "theta1": [
    -1.5909999999999986,
    -1.5562622359856813,
    -1.4575520593720768,
    -1.3106522784449268,
    -1.1342529288919871,
    -0.9478668071266743,
    -0.7707116474977888,
    -0.62052404640806,
    -0.5118290828382234,
    -0.4538605145949362,
    -0.44857805096988757,
    -0.4904041994254214,
    -0.5678586786650314,
    -0.665503941219216,
    -0.7655219216472474,
    -0.8490846742608301,
    -0.898
  ],
  "theta2": [
    1.2710000000000008,
    1.2362622359333983,
    1.1616661617143271,
    1.074506000505876,
    0.9974238846106913,
    0.9435664124730945,
    0.9122799947190217,
    0.8944445555162704,
    0.8780129281611001,
    0.8511115288205047,
    0.8043688933572983,
    0.73316630200243,
    0.6396975007490583,
    0.5331412655764775,
    0.4278018516846649,
    0.34083937540028836,
    0.2899999999999999
  ]
}