{
  "startPos": "double_substation",
  "finalPos": "auto_start",
  "totalTime": 0.8401864765434597,
  "grannyFactor": 1.25,
  "theta1": [
    -0.6239999999999999,
    -0.6201744226869351,
    -0.6231776197854243,
    -0.6474895322739788,
    -0.7075901020750499,
    -0.81795926677487,
    -0.9829619030981513,
    -1.1881180683295494,
    -1.4189478144989955,
    -1.6609711926451076,
    -1.899708253582169,
    -2.1206790483557745,
    -2.3094036290212085,
    -2.4514020530785463,
    -2.53618096476114,
    -2.578220300346152,
    -2.592
  ],
  "theta2": [
    0.17699999999999988,
    0.19147994960961973,
    0.2356604425828716,
    0.2950615301051091,
    0.35520326218057136,
    0.401605688541597,
    0.4197888589815105,
    0.3952728237839759,
    0.3135776358419329,
    0.18303989974748888,
    0.01813956117788512,
    -0.16664343165989742,
    -0.35682912987423,
    -0.537937584448915,
    -0.6954888464803978,
    -0.8150029674798611,
    -0.882
  ]
}