{
  "startPos": "score_mid_cube",
  "finalPos": "score_high_cone",
  "totalTime": 0.5346293696341142,
  "grannyFactor": 1.25,
  "theta1": [
    -1.8000000000000003,
    -1.7962692301133638,
    -1.7813461509300357,
    -1.7514999933231927,
    -1.7029999895048322,
    -1.635846142242055,
    -1.5537692188407082,
    -1.4604999879884975,
    -1.3597692187731056,
    -1.255307680455456,
    -1.150846142376932,
    -1.0501153739064364,
    -0.9568461444002527,
    -0.8747692231675555,
    -0.8076153794190204,
    -0.7591153821702536,
    -0.733
  ],
  "theta2": [
    0.284,
    0.28666601578293327,
    0.2961289987396023,
    0.3125622017972499,
    0.3350349098381755,
    0.36204066605523116,
    0.39181048491321835,
    0.4224859943244474,
    0.452241189650205,
    0.4793978915164681,
    0.5025658075507846,
    0.5208306770371762,
    0.5339630853782767,
    0.5424285450564174,
    0.5471628172798967,
    0.5493147395076252,
    0.5499999999999999
  ]
}