{
  "startPos": "score_mid_cone",
  "finalPos": "auto_start",
  "totalTime": 0.5753717667338751,
  "grannyFactor": 1.25,
  "theta1": [
    -1.7629999999999995,
    -1.7670480584009713,
    -1.7824631779981857,
    -1.8116441552901115,
    -1.855175928599772,
    -1.9116381820405068,
    -1.9786495347628947,
    -2.0534057618251635,
    -2.132910469721537,
    -2.214101115466512,
    -2.293937810678769,
    -2.369466546447493,
    -2.4378689643504403,
    -2.4965152185161466,
    -2.543029225679755,
    -2.575377638190421,
    -2.592
  ],
  "theta2": [
    0.4480000000000001,
    0.4433496496770926,
    0.4247482488099145,
    0.3875454479344493,
    0.3270908989106848,
    0.24338460437304255,
    0.14107691204778383,
    0.02481817097765132,
    -0.10074126937333817,
    -0.23095105934808383,
    -0.3611608491929429,
    -0.4867202891128973,
    -0.602979029312929,
    -0.7052867200393952,
    -0.7889930116351948,
    -0.8494475546363108,
    -0.882
  ]
}