{
  "startPos": "score_mid_cube",
  "finalPos": "score_high_cube",
  "totalTime": 0.5508097272490318,
  "grannyFactor": 1.25,
  "theta1": [
    -1.8000000000000003,
    -1.7965540817812327,
    -1.7821366204106492,
    -1.7526678393982702,
    -1.7040679816413768,
    -1.6354685634926247,
    -1.5509493882765677,
    -1.4545902905783332,
    -1.3504711144039194,
    -1.2426717080301208,
    -1.135271922069282,
    -1.032351608561346,
    -0.9379906204867101,
    -0.8562688088238095,
    -0.7912660197425215,
    -0.7470620803946451,
    -0.727
  ],
  "theta2": [
    0.284,
    0.2880798556458406,
    0.3043992768971175,
    0.3311175910614639,
    0.36415494447290503,
    0.3994314824353461,
    0.4328673499953746,
    0.46038269219945915,
    0.47789765435100906,
    0.48133238278190565,
    0.47005827665076044,
    0.4481551902698673,
    0.41970297902145526,
    0.3887814986025567,
    0.3594706047921469,
    0.33585015336496715,
    0.32199999999999995
  ]
}