{
  "startPos": "auto_start",
  "finalPos": "score_mid_cube",
  "totalTime": 0.88928893008049525,
  "grannyFactor": 1.25,
  "theta1": [
    -2.34,
    -2.3402178012814856,
    -2.3404356025629705,
    -2.3407761704935117,
    -2.3413023045924994,
    -2.3418616889397366,
    -2.3422385908428316,
    -2.342090782864747,
    -2.340855033065349,
    -2.3377056034158485,
    -2.3315533668739516,
    -2.3209130140104408,
    -2.3040586051313126,
    -2.2794678103336694,
    -2.2483214597377508,
    -2.2127079052133998,
    -2.1729275710900637,
    -2.129185727931171,
    -2.0815894548697536,
    -2.030453329034549,
    -1.9759224143923482,
    -1.9181754029478704,
    -1.8573802216655655,
    -1.7936593105585261,
    -1.7270208041459032,
    -1.6602639533574661,
    -1.597039701991759,
    -1.5382090548810381,
    -1.4845775041888212,
    -1.4369647538340482,
    -1.3959769243609945,
    -1.36118440684225,
    -1.3448800553426523,
    -1.34518756024177,
    -1.3512808105791847,
    -1.3595619527465548,
    -1.3684898009255952,
    -1.3772508565087618,
    -1.3852982261583517,
    -1.3924777258355745,
    -1.3985567479887877,
    -1.4033166322507127,
    -1.4062836972795554,
    -1.4081974343855312,
    -1.4101111714915071,
    -1.411
  ],
  "theta2": [
    -0.422,
    -0.41306158293093054,
    -0.40412316586186114,
    -0.38963056145467556,
    -0.36557299650267272,
    -0.33448890130154307,
    -0.29607266464791271,
    -0.25076457002271008,
    -0.19846522511646836,
    -0.13917535898206246,
    -0.0729274017456976,
    0.00037306827777293833,
    0.080706245919125313,
    0.167015150291692,
    0.25219864607075049,
    0.33207495875998255,
    0.40842152280237709,
    0.48262434928975739,
    0.55580290880324312,
    0.62839919965313173,
    0.70042739468126169,
    0.77169166972158942,
    0.84183194101946435,
    0.91032982189122791,
    0.97630141732149422,
    1.0362631382587766,
    1.0863979217496671,
    1.1256017279263697,
    1.1524470768317885,
    1.1646618715061838,
    1.1574566505633725,
    1.114330685957684,
    1.0273401913928695,
    0.943826646971566,
    0.86733335189784022,
    0.79778512382015188,
    0.73527627072289248,
    0.67952311237718255,
    0.63131304226804574,
    0.58958180628099488,
    0.55493608670475814,
    0.52809883048098671,
    0.511425788569545,
    0.50070297980644618,
    0.48998017104334746,
    0.4850000000000001
  ]
}