{
  "startPos": "score_mid_cone",
  "finalPos": "defense",
  "totalTime": 0.5800916561933046,
  "grannyFactor": 1.25,
  "theta1": [
    -1.7629999999999995,
    -1.7672440479865537,
    -1.7835407562050996,
    -1.8147152198144487,
    -1.8618966916001194,
    -1.9237832700215585,
    -1.9978669960074784,
    -2.081138210518775,
    -2.1703533294176025,
    -2.2621644551228504,
    -2.353198530296692,
    -2.4401066854879794,
    -2.51960386992462,
    -2.5885117235053814,
    -2.643815933186717,
    -2.682757129532016,
    -2.7029999999999994
  ],
  "theta2": [
    0.4480000000000001,
    0.4432342650506284,
    0.4241713256845859,
    0.38604544782554095,
    0.32409089874297786,
    0.2383076811147171,
    0.13346152725070753,
    0.014318170799066844,
    -0.11435665416387321,
    -0.247797213365516,
    -0.3812377724351324,
    -0.5099125969599366,
    -0.6290559525271429,
    -0.7339021047660218,
    -0.8196853194039767,
    -0.8816398623646755,
    -0.9149999999999999
  ]
}