{
  "startPos": "hold",
  "finalPos": "defense",
  "totalTime": 1.1247446509916224,
  "grannyFactor": 1.25,
  "theta1": [
    -1.5909999999999986,
    -1.5998698026242546,
    -1.6087396052485106,
    -1.6233663323515652,
    -1.647418635093401,
    -1.6784170169625565,
    -1.7167895260882087,
    -1.7618144103365656,
    -1.8134080302967786,
    -1.8715725693436875,
    -1.9356626239021675,
    -2.0049190808379218,
    -2.0740361299135022,
    -2.1408223636228314,
    -2.2051431413389118,
    -2.2668112624765575,
    -2.3255669767469418,
    -2.3812896357605378,
    -2.4337869494560938,
    -2.4827536400693573,
    -2.5280897266652698,
    -2.5695306050487989,
    -2.6069192892435873,
    -2.6399921902957719,
    -2.667093061563405,
    -2.6876777712602191,
    -2.7024073779394548,
    -2.7118945429830577,
    -2.7167654932197389,
    -2.7183759716216778,
    -2.7178842359490885,
    -2.7161630744964818,
    -2.7138345956206353,
    -2.7113409217761371,
    -2.7089771842636283,
    -2.706922663256119,
    -2.7052892689117902,
    -2.7042097320038536,
    -2.7036247700573766,
    -2.7030398081108991,
    -2.7029999999999994
  ],
  "theta2": [
    1.2710000000000008,
    1.2621470068608451,
    1.2532940137216895,
    1.2386915556811817,
    1.2146684115960316,
    1.1836751463520889,
    1.1452204290668764,
    1.0999321132571516,
    1.0477338300554542,
    0.98834404516858743,
    0.9220632195484455,
    0.84915162348242212,
    0.77466867299652764,
    0.70059077989366969,
    0.62681055177486589,
    0.553224259897456,
    0.47971327313063805,
    0.40613147656990345,
    0.33229820710784491,
    0.25794078317554092,
    0.18268842335206065,
    0.10588260571730541,
    0.026365520079117646,
    -0.058258528988670441,
    -0.14552499158838697,
    -0.23279145418810332,
    -0.32005791678782008,
    -0.40661851523785053,
    -0.48735144563483163,
    -0.56109941788989082,
    -0.62786746455386155,
    -0.68768277384069743,
    -0.74050092305097182,
    -0.78641254406259387,
    -0.82512246711139114,
    -0.85683076885961551,
    -0.88126706640520358,
    -0.89722612595376328,
    -0.90582062450832335,
    -0.9144151230628832,
    -0.91499999999999992
  ]
}