{
  "startPos": "auto_start",
  "finalPos": "score_mid_cube",
  "totalTime": 0.5506777364583417,
  "grannyFactor": 1.25,
  "theta1": [
    -2.592,
    -2.5889854969793165,
    -2.577781905287659,
    -2.5565573747006347,
    -2.5239902772868086,
    -2.479566324600755,
    -2.423856380767909,
    -2.3584309161954704,
    -2.285551147471608,
    -2.207923187304454,
    -2.1285458578982035,
    -2.0506175572581866,
    -1.9774751714042489,
    -1.9125083486248968,
    -1.8590993978811412,
    -1.8205573817981608,
    -1.8000000000000003
  ],
  "theta2": [
    -0.882,
    -0.8779230763070102,
    -0.8616153819238508,
    -0.8289999939442808,
    -0.7759999906748536,
    -0.7026153745287153,
    -0.6129230668203142,
    -0.5109999900700022,
    -0.40092306718402054,
    -0.2867692212454764,
    -0.17261537542590993,
    -0.06253845293476111,
    0.039384623018530095,
    0.12907692926242353,
    0.20246154271381217,
    0.25546154046645486,
    0.284
  ]
}