{
  "startPos": "double_substation",
  "finalPos": "score_mid_cone",
  "totalTime": 0.5747247636164214,
  "grannyFactor": 1.25,
  "theta1": [
    -0.6239999999999999,
    -0.6280893945643949,
    -0.6449921865812476,
    -0.6793430171162903,
    -0.73577651850347,
    -0.8135755513356647,
    -0.9081054622686591,
    -1.0147315820268934,
    -1.1288192365163014,
    -1.2457337494563125,
    -1.3608404458407641,
    -1.4695046526516198,
    -1.5670917002353588,
    -1.6489669253610932,
    -1.7104956797789368,
    -1.7470433687959075,
    -1.7629999999999995
  ],
  "theta2": [
    0.17699999999999988,
    0.18163468006966152,
    0.20017339970044384,
    0.23458374967712814,
    0.2802310508838205,
    0.3324806237048083,
    0.38669778839700686,
    0.4382478652113523,
    0.4824961745066446,
    0.5148080370549372,
    0.530548775040951,
    0.530136802217426,
    0.5182067955520385,
    0.4993934333686272,
    0.47833139433007105,
    0.45965535709924915,
    0.4480000000000001
  ]
}