{
  "startPos": "score_hybrid",
  "finalPos": "intake",
  "totalTime": 0.41163061337944395,
  "grannyFactor": 1.25,
  "theta1": [
    -2.1,
    -2.0997641383641623,
    -2.098936290065825,
    -2.0974097308002166,
    -2.095104191740023,
    -2.091976871548403,
    -2.0880312767888247,
    -2.0833234818487276,
    -2.077965358764897,
    -2.072124391802115,
    -2.066019869156061,
    -2.059915422798077,
    -2.054107955791486,
    -2.0489128752556494,
    -2.04464521068713,
    -2.041595661744164,
    -2.04
  ],
  "theta2": [
    2.1321740438355228e-16,
    -0.0017027975470262293,
    -0.008513987517888606,
    -0.022136367020014983,
    -0.04427273248318015,
    -0.07492308255903234,
    -0.11238462102956245,
    -0.15495455100295916,
    -0.2009300753717943,
    -0.24860839692981526,
    -0.2962867184213573,
    -0.34226224256957893,
    -0.3848321720976387,
    -0.4222937097498718,
    -0.45294405832002566,
    -0.47508042070067213,
    -0.48699999999999977
  ]
}