{
  "startPos": "defense",
  "finalPos": "score_high_cone",
  "totalTime": 0.6871697303700586,
  "grannyFactor": 1.25,
  "theta1": [
    -2.821,
    -2.8161414046228614,
    -2.7936437351006544,
    -2.7455850775863664,
    -2.6640435263553544,
    -2.541242745597847,
    -2.3851046605808275,
    -2.2035512113880826,
    -2.004504342585227,
    -1.7958860007715471,
    -1.5856181336587838,
    -1.3816226894060304,
    -1.1918216163557462,
    -1.0241368628727794,
    -0.8864903771940207,
    -0.7868041072117465,
    -0.733
  ],
  "theta2": [
    -0.9,
    -0.8920780500086252,
    -0.8603902507070814,
    -0.7970146540839733,
    -0.6971010882726041,
    -0.5685715005468501,
    -0.419347839453687,
    -0.2573520538789115,
    -0.09050609275785575,
    0.07326809515753971,
    0.22604856178147528,
    0.35991336023598847,
    0.4669405462783894,
    0.5392081842744365,
    0.5815260210061541,
    0.6018159822667946,
    0.6080000000000001
  ]
}