{
  "startPos": "hold",
  "finalPos": "score_high_cone",
  "totalTime": 1.1247446514647537,
  "grannyFactor": 1.25,
  "theta1": [
    -1.5909999999999986,
    -1.5562622359883849,
    -1.4562825691582655,
    -1.3060270109142142,
    -1.1238049533283618,
    -0.9291415844654312,
    -0.741609919805915,
    -0.5793592797107945,
    -0.4572318045266039,
    -0.38459202595679615,
    -0.36346847946294336,
    -0.38860937834692494,
    -0.4492490579981425,
    -0.5309513706549877,
    -0.6170709320621363,
    -0.690041796167703,
    -0.733
  ],
  "theta2": [
    1.2710000000000008,
    1.2362622359268898,
    1.1623380292427516,
    1.0773498763141611,
    1.005025884860478,
    0.9598061465423755,
    0.9418486158694889,
    0.9422872940970333,
    0.9491368598488658,
    0.9504227485793258,
    0.9363722323821728,
    0.9014772728960176,
    0.8461796755953661,
    0.7770278840822556,
    0.7051035752331337,
    0.6440679696978139,
    0.6080000000000001
  ]
}