{
  "startPos": "score_mid_cube",
  "finalPos": "intake",
  "totalTime": 0.561181123793464,
  "grannyFactor": 1.25,
  "theta1": [
    -1.8000000000000003,
    -1.8039457759389483,
    -1.8191641029480299,
    -1.8479962181968907,
    -1.889501374061303,
    -1.9410546827476531,
    -1.9995841033434727,
    -2.0618794152129736,
    -2.124746420053806,
    -2.185168160999609,
    -2.24047822721029,
    -2.288539590028945,
    -2.3279780223490683,
    -2.358334356042105,
    -2.3799277081872363,
    -2.393524176129702,
    -2.4
  ],
  "theta2": [
    0.284,
    0.27968531404552305,
    0.2624265706313887,
    0.22790908462016735,
    0.17181817213393044,
    0.09415383567875227,
    -0.0007692412610321186,
    -0.10863637394874295,
    -0.22513287724694997,
    -0.3459440658345455,
    -0.4667552542985832,
    -0.5832517571867574,
    -0.6911188890467621,
    -0.7860419644656509,
    -0.8637062981223158,
    -0.9197972048793258,
    -0.9499999999999998
  ]
}