{
  "startPos": "auto_start",
  "finalPos": "defense",
  "totalTime": 0.3200932519660249,
  "grannyFactor": 1.25,
  "theta1": [
    -2.592,
    -2.5928006995088535,
    -2.5960034974129016,
    -2.602409092955174,
    -2.6128181849689254,
    -2.627230772638813,
    -2.6448461572596345,
    -2.6648636397187437,
    -2.6864825207731102,
    -2.7089021011199454,
    -2.731321681426581,
    -2.752940562347543,
    -2.7729580445373583,
    -2.790573428663359,
    -2.8049860154227555,
    -2.8153951055725184,
    -2.821
  ],
  "theta2": [
    -0.882,
    -0.8819904772307092,
    -0.8819863519584491,
    -0.8820488391656994,
    -0.882256954734173,
    -0.8826914693988998,
    -0.8834213770450563,
    -0.8844926224502855,
    -0.8859192521648077,
    -0.8876775026959934,
    -0.889703427944347,
    -0.8918944109091183,
    -0.8941144889632795,
    -0.8962032054029211,
    -0.8979879478186742,
    -0.8993005192913726,
    -0.9
  ]
}