{
  "startPos": "score_high_cone",
  "finalPos": "defense",
  "totalTime": 0.6332388859803848,
  "grannyFactor": 1.25,
  "theta1": [
    -0.48699999999999977,
    -0.4931993015139441,
    -0.5179965070555991,
    -0.5675909170985672,
    -0.6481818305127351,
    -0.7597692441071296,
    -0.896153859513024,
    -1.0511363767670883,
    -1.2185174953957194,
    -1.3920979146914392,
    -1.565678333829832,
    -1.7330594519363651,
    -1.8880419681365075,
    -2.024426581605843,
    -2.136013991636893,
    -2.216604897756055,
    -2.26
  ],
  "theta2": [
    0.8519999999999995,
    0.8528490932481577,
    0.8541643919309928,
    0.8531555817415801,
    0.8465440144448351,
    0.8310731409790608,
    0.8040038872289573,
    0.7640335569655514,
    0.7119835615214141,
    0.6503080766426944,
    0.582370362294584,
    0.512035962488945,
    0.44344581813785383,
    0.3808504208413986,
    0.3284688175871561,
    0.290328190429886,
    0.2700000000000002
  ]
}