{
  "startPos": "defense",
  "finalPos": "intake",
  "totalTime": 0.39212576579111819,
  "grannyFactor": 1.25,
  "theta1": [
    -2.821,
    -2.817166506514706,
    -2.8069702828845267,
    -2.7895490730835828,
    -2.7651340989740651,
    -2.7337234348427772,
    -2.695331743146606,
    -2.6499516690043419,
    -2.5979821623644757,
    -2.5489021137363803,
    -2.5067997563803179,
    -2.4716677784565895,
    -2.4435466106548196,
    -2.4224047328756564,
    -2.4082163443897939,
    -2.4020359886964959,
    -2.4
  ],
  "theta2": [
    -0.9,
    -0.9009105685238229,
    -0.90333247437422171,
    -0.90747052895876912,
    -0.913269810219937,
    -0.92073077557178706,
    -0.92984994224546169,
    -0.94062905724362422,
    -0.9529733581082005,
    -0.96463132690347253,
    -0.97463188684553015,
    -0.982976774713399,
    -0.98965638701785741,
    -0.99467821071837137,
    -0.99804837425420556,
    -0.99951639223361122,
    -0.99999999999999989
  ]
}