{
  "startPos": "defense",
  "finalPos": "score_high_cube",
  "totalTime": 0.92569008878523562,
  "grannyFactor": 1.25,
  "theta1": [
    -2.26,
    -2.2580866962791606,
    -2.2552528261779763,
    -2.2493397517667044,
    -2.2399364051791464,
    -2.2259334751794007,
    -2.2057137306385148,
    -2.1785862073790518,
    -2.1443237312306178,
    -2.1024374800479477,
    -2.0530141185166322,
    -1.9957129231561819,
    -1.9314676499961969,
    -1.8608281504138422,
    -1.7875078378901554,
    -1.7124489228570565,
    -1.6355810933432191,
    -1.5566856145440198,
    -1.4756954899673755,
    -1.3922095499135905,
    -1.3061213974203052,
    -1.218854934820589,
    -1.1330261747101924,
    -1.0519657676148544,
    -0.97669842050570188,
    -0.9082165500699686,
    -0.84626648397217341,
    -0.79074654929274257,
    -0.74113957729646862,
    -0.69718686211858216,
    -0.65856620356931728,
    -0.62825178962904737,
    -0.61112765995605278,
    -0.60368368492056379,
    -0.60380112382825657,
    -0.60924736301972371,
    -0.61732703681931489,
    -0.62659887100373157,
    -0.63607730508209825,
    -0.64520960356037771,
    -0.65348115538623652,
    -0.66073870906089727,
    -0.66683363946354546,
    -0.67193544825948259,
    -0.67414188406719622,
    -0.67626843538804793,
    -0.67839498670889975,
    -0.679
  ],
  "theta2": [
    0.27,
    0.27583515561420291,
    0.28438697407842539,
    0.3015300304259686,
    0.32599086806637045,
    0.35729057090945116,
    0.39575580742794647,
    0.44116557741402096,
    0.49342902147118428,
    0.55287620612002808,
    0.61910393329485269,
    0.69167641156462722,
    0.76869793283660059,
    0.84871032586632511,
    0.92679277865088228,
    1.0016466098491517,
    1.0730383441826887,
    1.1403353875444378,
    1.2031242457599682,
    1.2601435043472249,
    1.3103902767873956,
    1.3515671848811146,
    1.3820996324879065,
    1.4018860116234648,
    1.4116968206185871,
    1.4119959161194966,
    1.404042265230129,
    1.3878131300450454,
    1.3632320173080381,
    1.328729648460234,
    1.279637147898657,
    1.2111554136508109,
    1.1361118640189134,
    1.0549857632977431,
    0.968792518036818,
    0.88665152800102709,
    0.81133664700487085,
    0.74309084056694341,
    0.68191275425551379,
    0.627273520368342,
    0.58036046773952377,
    0.5403166047744532,
    0.50722848894751837,
    0.47978092394548827,
    0.46797792366054614,
    0.45660656310895942,
    0.44523520255737264,
    0.44199999999999995
  ]
}