{
  "startPos": "score_high_cone",
  "finalPos": "auto_start",
  "totalTime": 0.7128318271955982,
  "grannyFactor": 1.25,
  "theta1": [
    -0.733,
    -0.7418430332605656,
    -0.777215164815065,
    -0.8479594235590701,
    -0.9619994125103012,
    -1.1104921040903084,
    -1.2845944678955648,
    -1.4754634726855986,
    -1.6742560869270169,
    -1.872129279086431,
    -2.0602400179233813,
    -2.229745273034344,
    -2.37180201684045,
    -2.477567230990196,
    -2.543626626597153,
    -2.578823211467955,
    -2.592
  ],
  "theta2": [
    0.6080000000000001,
    0.6130051173777396,
    0.6191774585631089,
    0.6176739996314203,
    0.5996517147065602,
    0.5562675785503706,
    0.47867857092625193,
    0.36392795597925687,
    0.2208587582030749,
    0.05831400757060696,
    -0.11486326421889397,
    -0.28983002465445085,
    -0.4577432407675035,
    -0.6097598794333416,
    -0.7370369075067646,
    -0.8307312919417181,
    -0.882
  ]
}