{
  "startPos": "intake",
  "finalPos": "auto_start",
  "totalTime": 0.29918873019208336,
  "grannyFactor": 1.25,
  "theta1": [
    -2.405,
    -2.4056538463357,
    -2.4082692315637324,
    -2.41350000178756,
    -2.4220000027526467,
    -2.4337692337466676,
    -2.448153849136033,
    -2.464500002931189,
    -2.4821538490286725,
    -2.5004615412728106,
    -2.518769233481829,
    -2.536423079462763,
    -2.5527692330226506,
    -2.567153847979715,
    -2.5789230781782857,
    -2.5874230775148988,
    -2.592
  ],
  "theta2": [
    -0.9380000000000001,
    -0.9376451006546322,
    -0.9364103134210503,
    -0.9342290964146158,
    -0.9311280256607276,
    -0.9272056038123346,
    -0.9226106096722905,
    -0.9175244779287927,
    -0.9121477709167268,
    -0.9066896152679897,
    -0.9013590521980182,
    -0.8963575578229545,
    -0.8918722744325372,
    -0.8880697391308081,
    -0.8850901309664154,
    -0.883042294079118,
    -0.882
  ]
}