{
  "startPos": "double_substation",
  "finalPos": "hold",
  "totalTime": 0.6438757677839555,
  "grannyFactor": 1.25,
  "theta1": [
    -0.898,
    -0.891483034665029,
    -0.875847439256845,
    -0.8576101736666979,
    -0.8432882048419058,
    -0.8393985010354704,
    -0.8524580292008889,
    -0.8889837492611841,
    -0.9511832788316115,
    -1.0325396526137545,
    -1.1265358977951596,
    -1.2266550391823752,
    -1.3263801004564209,
    -1.4191941046608025,
    -1.4985800744376394,
    -1.5580210321579218,
    -1.5909999999999986
  ],
  "theta2": [
    0.2899999999999999,
    0.2850249198889778,
    0.27661661950229105,
    0.2712920603591996,
    0.2755682072330441,
    0.2959620238289416,
    0.3389904655091471,
    0.41069209591973527,
    0.5045499526470928,
    0.6140470640813456,
    0.7326664557135968,
    0.8538911516720746,
    0.9712041753168307,
    1.0780885495263306,
    1.1680272968549483,
    1.2345034396275396,
    1.2710000000000008
  ]
}