{
  "startPos": "defense",
  "finalPos": "hold",
  "totalTime": 0.7457198659223013,
  "grannyFactor": 1.25,
  "theta1": [
    -2.8,
    -2.7898756532614852,
    -2.749378272911193,
    -2.668383530258996,
    -2.5523305217467427,
    -2.4113435748976104,
    -2.255547028675662,
    -2.0950652258469695,
    -1.940022511069156,
    -1.800543230126536,
    -1.6867517283568896,
    -1.6087723478690616,
    -1.5691004001101478,
    -1.5576115402719544,
    -1.5641814200230442,
    -1.5786856899208712,
    -1.5909999999999986
  ],
  "theta2": [
    -0.9,
    -0.8898756502702264,
    -0.8493782535915777,
    -0.76838346720462,
    -0.6459730423714846,
    -0.49227131771310845,
    -0.317402635988965,
    -0.13149133995843246,
    0.055338231758269095,
    0.23744946101304995,
    0.424966661597993,
    0.6160687273153437,
    0.8006313195432276,
    0.9685300919005541,
    1.1096406958336256,
    1.2138387818576242,
    1.2710000000000008
  ]
}