{
  "startPos": "auto_start",
  "finalPos": "score_high_cone",
  "totalTime": 0.6929545182240718,
  "grannyFactor": 1.25,
  "theta1": [
    -2.592,
    -2.5908183179490782,
    -2.5791496178487905,
    -2.5488702179538123,
    -2.4918564343281475,
    -2.3999845931401107,
    -2.2710883902463013,
    -2.1132915114598942,
    -1.934717654777846,
    -1.7434905219737775,
    -1.547733816571564,
    -1.355571242747812,
    -1.175126504947544,
    -1.0145233076682618,
    -0.8818853552705839,
    -0.7853363517156481,
    -0.733
  ],
  "theta2": [
    -0.882,
    -0.8738762934196609,
    -0.8413814677202213,
    -0.7763918181763353,
    -0.6747394454185883,
    -0.5445480534829349,
    -0.3939413475971863,
    -0.23104303330635767,
    -0.06397681620177152,
    0.0991335982971418,
    0.2501645053952322,
    0.38099220142946605,
    0.4834929852071157,
    0.549543163595017,
    0.586895268592961,
    0.6036729841665355,
    0.6080000000000001
  ]
}