{
  "startPos": "score_mid_cone",
  "finalPos": "intake",
  "totalTime": 0.5919079687923486,
  "grannyFactor": 1.25,
  "theta1": [
    -1.7629999999999995,
    -1.7676421509106766,
    -1.78551946787308,
    -1.8192310155840496,
    -1.8672416298398877,
    -1.9262903366729354,
    -1.9926559589571597,
    -2.062471322975172,
    -2.131879629592176,
    -2.197189069197911,
    -2.2551734844619284,
    -2.303402887156129,
    -2.340754480384071,
    -2.367597375036387,
    -2.385265330899245,
    -2.3954948384394803,
    -2.4
  ],
  "theta2": [
    0.4480000000000001,
    0.44293706222529083,
    0.4226853115756538,
    0.38218181118534933,
    0.31636362558983944,
    0.2252307575771495,
    0.11384614217394229,
    -0.012727284199879299,
    -0.14942658467857534,
    -0.29118882219206393,
    -0.4329510595680923,
    -0.56965035959062,
    -0.6962237850436068,
    -0.8076083987547996,
    -0.8987412636541164,
    -0.9645594428758177,
    -0.9999999999999999
  ]
}