{
  "startPos": "intake",
  "finalPos": "score_hybrid",
  "totalTime": 0.39612105218456567,
  "grannyFactor": 1.25,
  "theta1": [
    -2.4,
    -2.4012940743971978,
    -2.406203545967329,
    -2.415509916445214,
    -2.4295357085529483,
    -2.4480040933939775,
    -2.4702563677146725,
    -2.4954418544220136,
    -2.5226069865458833,
    -2.550740375974342,
    -2.578799612274588,
    -2.6057302251297285,
    -2.630481937801854,
    -2.6520257743699274,
    -2.669376041406642,
    -2.681624151467369,
    -2.688
  ],
  "theta2": [
    -0.9499999999999998,
    -0.9484825171637392,
    -0.9424125860198778,
    -0.9302727241392508,
    -0.9105454497202432,
    -0.8832307640115149,
    -0.8498461486185722,
    -0.8119090857709049,
    -0.770937057897678,
    -0.7284475475195737,
    -0.6859580372030333,
    -0.6449860095341089,
    -0.6070489470988526,
    -0.5736643324637059,
    -0.5463496481493508,
    -0.5266223765849524,
    -0.5160000000000001
  ]
}