{
  "startPos": "intake",
  "finalPos": "double_substation",
  "totalTime": 0.8818827131819015,
  "grannyFactor": 1.25,
  "theta1": [
    -2.405,
    -2.413279049878566,
    -2.421371711047817,
    -2.412533481703365,
    -2.370019858986429,
    -2.2770863448817216,
    -2.1224080707673814,
    -1.9227295403878362,
    -1.6947952633570371,
    -1.4553497503962336,
    -1.2211375124772563,
    -1.0089030603135614,
    -0.8353909034907816,
    -0.7173455455127462,
    -0.6539282740310973,
    -0.6283945924926309,
    -0.6239999999999999
  ],
  "theta2": [
    -0.9380000000000001,
    -0.9212554880746587,
    -0.8542774447915638,
    -0.7276920221197586,
    -0.5582437259178593,
    -0.36267706548592754,
    -0.15773655113440943,
    0.03983330648783938,
    0.21328799676789334,
    0.3458830097825236,
    0.4208738383091101,
    0.43491815820220836,
    0.4047604783332228,
    0.34714531037958685,
    0.27881716654269806,
    0.21652055908975593,
    0.17699999999999988
  ]
}