{
  "startPos": "score_hybrid",
  "finalPos": "score_mid_cube",
  "totalTime": 0.5028853608814976,
  "grannyFactor": 1.25,
  "theta1": [
    -2.688,
    -2.6848951043813307,
    -2.672475522230897,
    -2.647636358586145,
    -2.6072727194959424,
    -2.5513846069727535,
    -2.4830769146516416,
    -2.4054545371733447,
    -2.3216223695004152,
    -2.234685306742906,
    -2.1477482440846187,
    -2.0639160767409623,
    -1.9862936999273448,
    -1.9179860088275684,
    -1.8620978985516858,
    -1.8217342640622505,
    -1.8000000000000003
  ],
  "theta2": [
    -0.5160000000000001,
    -0.5129921001181424,
    -0.5010955418254731,
    -0.47757672171714954,
    -0.44011619017735315,
    -0.38934659646748837,
    -0.3276367102104497,
    -0.25763390651851786,
    -0.18209049386016987,
    -0.10380905827693085,
    -0.025616816286702284,
    0.04965007299577676,
    0.11915849893814182,
    0.18009095409206494,
    0.2296633253236997,
    0.26515785772193307,
    0.284
  ]
}