{
  "startPos": "score_high_cube",
  "finalPos": "hold",
  "totalTime": 0.6362558072053826,
  "grannyFactor": 1.25,
  "theta1": [
    -0.727,
    -0.7214076448016687,
    -0.7109188801293719,
    -0.7018220238105624,
    -0.7004053966469148,
    -0.7129573198428946,
    -0.7457661130896247,
    -0.8051200894174477,
    -0.8868361323611305,
    -0.9846259244228047,
    -1.0922011410342203,
    -1.2032734553797515,
    -1.3115545395764174,
    -1.4107560651338766,
    -1.4945897031777553,
    -1.556767124573275,
    -1.5909999999999986
  ],
  "theta2": [
    0.32199999999999995,
    0.31722604763521967,
    0.3091924825795011,
    0.30418761812114686,
    0.30849977075034607,
    0.3284172559076458,
    0.3702283808298368,
    0.4396801175252629,
    0.530484151823127,
    0.6363521605116064,
    0.7509958175297589,
    0.8681267954772484,
    0.9814567661987866,
    1.0846974010657824,
    1.171560371131122,
    1.2357573472221128,
    1.2710000000000008
  ]
}