{
  "startPos": "score_mid_cube",
  "finalPos": "hold",
  "totalTime": 0.6986504492434006,
  "grannyFactor": 1.25,
  "theta1": [
    -1.8000000000000003,
    -1.791674319757421,
    -1.7583716055605856,
    -1.7013441967307568,
    -1.6289177634756522,
    -1.5494179812212063,
    -1.471170526697912,
    -1.4025010766363253,
    -1.35173530646266,
    -1.3271988863860784,
    -1.3348693950206518,
    -1.3664211588986284,
    -1.4135284991157822,
    -1.4678657350283433,
    -1.5211071851623306,
    -1.5649271675693623,
    -1.5909999999999986
  ],
  "theta2": [
    0.284,
    0.2756743316592557,
    0.2578173234404737,
    0.23875463770213162,
    0.22681194464723758,
    0.2303149159309319,
    0.25758922175981286,
    0.3169605245144981,
    0.4078602465848377,
    0.5219627196297983,
    0.6509422669197774,
    0.7864732090673805,
    0.9202298654288609,
    1.0438865546488496,
    1.1491175949239267,
    1.2275973041480166,
    1.2710000000000008
  ]
}