{
  "startPos": "hold",
  "finalPos": "score_high_cone",
  "totalTime": 1.124744651462165,
  "grannyFactor": 1.25,
  "theta1": [
    -1.5909999999999986,
    -1.5562622359885872,
    -1.4560025648460457,
    -1.3052204258443294,
    -1.1223239378365528,
    -0.9269463486877879,
    -0.7387624499965866,
    -0.5760149378791706,
    -0.45362606826303675,
    -0.38100792685568863,
    -0.36017851826659686,
    -0.3858254203347633,
    -0.44710241341531465,
    -0.5294883164881607,
    -0.6162518958243474,
    -0.689740202823016,
    -0.733
  ],
  "theta2": [
    1.2710000000000008,
    1.2362622359269508,
    1.1623315829040883,
    1.077320533386146,
    1.0049430965139172,
    0.9596301363646732,
    0.9415590954775376,
    0.9418893664435787,
    0.9486550567139579,
    0.9498960780965052,
    0.9358492666746955,
    0.9010081204481484,
    0.8458043233938642,
    0.7767672243574033,
    0.7049569401988034,
    0.6440142779363391,
    0.6080000000000001
  ]
}