{
  "startPos": "intake",
  "finalPos": "score_high_cone",
  "totalTime": 0.7276828811897381,
  "grannyFactor": 1.25,
  "theta1": [
    -2.405,
    -2.4093693691473863,
    -2.413070151996497,
    -2.406695019091373,
    -2.3808366402447896,
    -2.3260876855085906,
    -2.2330408268089053,
    -2.101416114744794,
    -1.9406208789855015,
    -1.7600624512534668,
    -1.5691481637600189,
    -1.377285348907536,
    -1.1938813391769605,
    -1.0283434670614577,
    -0.8900790650060282,
    -0.7884954653218191,
    -0.733
  ],
  "theta2": [
    -0.9380000000000001,
    -0.9303410756299242,
    -0.8979574506223119,
    -0.8314421527122233,
    -0.723529389000572,
    -0.5836263322751535,
    -0.42114025302635627,
    -0.245478450156597,
    -0.0660482350748409,
    0.10774307412886662,
    0.2664881669669483,
    0.40077974924274135,
    0.5012105788897311,
    0.5627408040943286,
    0.5947776213045908,
    0.6067282725849087,
    0.6080000000000001
  ]
}