{
  "startPos": "score_mid_cube",
  "finalPos": "score_mid_cone",
  "totalTime": 0.286382173152479,
  "grannyFactor": 1.25,
  "theta1": [
    -1.8000000000000003,
    -1.799789351742987,
    -1.7990645393842024,
    -1.7977785172742766,
    -1.7959270784402894,
    -1.7935441298577997,
    -1.7906960446320321,
    -1.787475796846429,
    -1.7839971015518596,
    -1.7803887709287989,
    -1.7767893085462256,
    -1.7733416462157856,
    -1.7701878596993885,
    -1.7674636584711323,
    -1.7652924212251884,
    -1.7637785519945417,
    -1.7629999999999995
  ],
  "theta2": [
    0.284,
    0.28457342674004543,
    0.28686713359507404,
    0.29145454709235025,
    0.29890909343113076,
    0.30923077195876725,
    0.3218461565785044,
    0.33618182086744347,
    0.3516643382983198,
    0.36772028229603426,
    0.3837762262615705,
    0.39925874358566205,
    0.41359440765904226,
    0.42620979188269487,
    0.4365314696815208,
    0.4439860145282554,
    0.4480000000000001
  ]
}