{
  "startPos": "intake",
  "finalPos": "defense",
  "totalTime": 0.392125765791116,
  "grannyFactor": 1.25,
  "theta1": [
    -2.4,
    -2.4014720282844078,
    -2.4073601412248964,
    -2.4191363667069483,
    -2.4382727320010913,
    -2.4647692358837285,
    -2.497153851276504,
    -2.533954550489601,
    -2.5736993056375383,
    -2.6149160887451517,
    -2.656132871792437,
    -2.695877626740172,
    -2.732678325549137,
    -2.7650629401993267,
    -2.791559442715578,
    -2.8106958052124074,
    -2.821
  ],
  "theta2": [
    -0.9499999999999998,
    -0.9493702352302452,
    -0.9472761363563361,
    -0.9437753085993952,
    -0.9391075687737206,
    -0.9336185990325956,
    -0.9277027134121021,
    -0.9217597513698497,
    -0.9161598503917082,
    -0.9112125103611153,
    -0.9071394446023074,
    -0.9040539283710081,
    -0.9019516860763719,
    -0.9007176212582194,
    -0.9001489564970128,
    -0.8999929535121971,
    -0.9
  ]
}