{
  "startPos": "hold",
  "finalPos": "score_high_cone",
  "totalTime": 1.1247446514504977,
  "grannyFactor": 1.25,
  "theta1": [
    -1.5909999999999986,
    -1.5562622359890772,
    -1.4562146874271884,
    -1.30580090980733,
    -1.1233255727052105,
    -0.9283191031920439,
    -0.7403684034899827,
    -0.577648860875213,
    -0.45505034606266503,
    -0.3820177066590178,
    -0.3606813695573641,
    -0.3858664412416088,
    -0.44682735688541086,
    -0.529087645339607,
    -0.6159062154010299,
    -0.6895676384597285,
    -0.733
  ],
  "theta2": [
    1.2710000000000008,
    1.2362622359268602,
    1.1623834260412946,
    1.0775411781881141,
    1.0055138808031618,
    0.9606603045409312,
    0.9427150698278499,
    0.9423314225284142,
    0.9470859282103055,
    0.9446205201864349,
    0.9248947376093314,
    0.882407132192371,
    0.8180754253662833,
    0.7393568211401487,
    0.658457025382082,
    0.5902362457098262,
    0.5499999999999999
  ]
}