{
  "startPos": "score_high_cube",
  "finalPos": "double_substation",
  "totalTime": 0.27486579654003745,
  "grannyFactor": 1.25,
  "theta1": [
    -0.727,
    -0.726547238134908,
    -0.7248065474680742,
    -0.7214656035331117,
    -0.7163796097408142,
    -0.7096712444912693,
    -0.7016041611054326,
    -0.692502018574762,
    -0.6827179294641263,
    -0.6726204038367617,
    -0.6625874123375023,
    -0.6529945368512856,
    -0.6442130472048418,
    -0.6366037631594258,
    -0.6305048733843345,
    -0.6262204574765253,
    -0.6239999999999999
  ],
  "theta2": [
    0.32199999999999995,
    0.3214930068395191,
    0.31946503429446205,
    0.3154090894003599,
    0.3088181794949013,
    0.299692305179301,
    0.28853845902144615,
    0.27586363388966456,
    0.2621748227484253,
    0.24797901860626206,
    0.23378321449374082,
    0.22009440345087006,
    0.2074195785176583,
    0.19626573272467157,
    0.18713985908044367,
    0.18054895054944373,
    0.17699999999999988
  ]
}