{
  "startPos": "double_substation",
  "finalPos": "intake",
  "totalTime": 0.749912262920202,
  "grannyFactor": 1.25,
  "theta1": [
    -0.8599999999999997,
    -0.8702960674240722,
    -0.9114803353670581,
    -0.9938488660580496,
    -1.1171682196295447,
    -1.2711423356403078,
    -1.4454751502968382,
    -1.629870598867001,
    -1.8140326163840033,
    -1.9876651381157129,
    -2.140472100268638,
    -2.262157442401582,
    -2.3424251148007427,
    -2.386047162677191,
    -2.4033196263596843,
    -2.4045385555625467,
    -2.4
  ],
  "theta2": [
    0.19200000000000006,
    0.20229606240806103,
    0.2249747734599664,
    0.24974007317913946,
    0.26629589839762624,
    0.2643461853564841,
    0.2335948708877268,
    0.16374589501456804,
    0.05454951998224957,
    -0.08369819180106775,
    -0.24070117450805092,
    -0.40616336122792807,
    -0.5697886847150463,
    -0.7212810776066748,
    -0.85034447254434,
    -0.946682802298098,
    -0.9999999999999999
  ]
}