{
  "startPos": "score_high_cone",
  "finalPos": "intake",
  "totalTime": 0.7393354937838335,
  "grannyFactor": 1.25,
  "theta1": [
    -0.733,
    -0.7428665353967402,
    -0.7823326752457028,
    -0.8612649498261756,
    -0.982554673219354,
    -1.1363353167712373,
    -1.3127403485180917,
    -1.5019032355336581,
    -1.693957444584786,
    -1.8790364425099333,
    -2.047273696654325,
    -2.188802675856344,
    -2.2937568560130432,
    -2.3579871581083656,
    -2.3913601000692135,
    -2.4037422059987152,
    -2.405
  ],
  "theta2": [
    0.6080000000000001,
    0.6148641335881051,
    0.6255900214696638,
    0.6303111375889169,
    0.6191609539092049,
    0.5822729430414548,
    0.509780582673629,
    0.394545772247427,
    0.24643503839636305,
    0.07531491331578337,
    -0.10894806904655532,
    -0.29648737391891694,
    -0.47743646606507334,
    -0.6419288100902882,
    -0.7800978705790258,
    -0.8820771122163936,
    -0.9380000000000001
  ]
}