{
  "startPos": "defense",
  "finalPos": "double_substation",
  "totalTime": 1.3488515294367274,
  "grannyFactor": 1.25,
  "theta1": [
    -2.703,
    -2.7019145178745569,
    -2.7008290357491145,
    -2.6997435536236716,
    -2.6982687940592216,
    -2.6956160144894845,
    -2.6923461034612428,
    -2.6883981632667995,
    -2.6836421044073804,
    -2.6779481541972912,
    -2.671070542970098,
    -2.6626129360320583,
    -2.6522704861925042,
    -2.6396208860296726,
    -2.6247286182737133,
    -2.6074590532379873,
    -2.587489363712435,
    -2.5644351241189662,
    -2.5378795801387821,
    -2.5073678550984573,
    -2.4724002127198306,
    -2.432392055547687,
    -2.3868793662653496,
    -2.337417499987557,
    -2.2849282319285447,
    -2.2294757865180697,
    -2.1711099660804667,
    -2.1098664168372121,
    -2.0457633717825683,
    -1.9786873999855112,
    -1.9086690120133771,
    -1.8357226350865716,
    -1.7597767540991891,
    -1.680728962656679,
    -1.598441090756999,
    -1.51278483214382,
    -1.4255301476241444,
    -1.3382636850244283,
    -1.2509972224247119,
    -1.163730759824996,
    -1.0769705677386689,
    -0.9945976807596858,
    -0.91884984769519384,
    -0.84985504561790393,
    -0.78727274740096964,
    -0.730473504522123,
    -0.67922280169960747,
    -0.63374286135272018,
    -0.59331043851895193,
    -0.560449355167029,
    -0.53858577533049767,
    -0.52524126990658426,
    -0.51891107727315822,
    -0.51868686828762667,
    -0.5233576520351737,
    -0.53163899754990807,
    -0.54226136676506642,
    -0.553672175210088,
    -0.5651443755663299,
    -0.57615208016239428,
    -0.58633827193566046,
    -0.59545844730027608,
    -0.60348768783915752,
    -0.61010068791565075,
    -0.614492099745979,
    -0.61725395567911656,
    -0.620015811612254,
    -0.62277766754539166,
    -0.624
  ],
  "theta2": [
    -0.915,
    -0.90190435814805947,
    -0.88880871629611913,
    -0.87571307444417856,
    -0.85801779457357841,
    -0.82640322460265,
    -0.78813112990116918,
    -0.74307800889044728,
    -0.69092747027245083,
    -0.63186338154939259,
    -0.5657596281701246,
    -0.49229774458278419,
    -0.41211492365197278,
    -0.32609386093752074,
    -0.2388273983378042,
    -0.15156093573808804,
    -0.064294473138371638,
    0.022971989461344832,
    0.11023845206106109,
    0.19750491466077752,
    0.28477137726049417,
    0.37203783986021061,
    0.459304302459927,
    0.54367255900976874,
    0.62416786947550729,
    0.70125281936865025,
    0.7751860120805012,
    0.84609459959874289,
    0.91401772188352093,
    0.97880874666796847,
    1.0404363366492861,
    1.0988333130853742,
    1.153823115212292,
    1.2051774362176018,
    1.2526087161872073,
    1.2956857546445524,
    1.3331690464876171,
    1.3646074191294408,
    1.390160764975799,
    1.4097131650246326,
    1.4227895397797419,
    1.4286443902676269,
    1.4274820561169985,
    1.4195466144173374,
    1.4049837460252452,
    1.3839842230982411,
    1.3559890348799921,
    1.3186663756964265,
    1.2688003488035593,
    1.2051431113535969,
    1.1355034791645253,
    1.06006077492161,
    0.97836547821724529,
    0.891907589469463,
    0.804641126869747,
    0.71752294444287068,
    0.63434205515222286,
    0.55790254990856214,
    0.48883061350053181,
    0.42655844731669207,
    0.37134095280790624,
    0.32324231826717437,
    0.28158693013682828,
    0.24772354869349467,
    0.22530105446746682,
    0.21127055874351802,
    0.19724006301956926,
    0.18320956729562049,
    0.17700000000000005
  ]
}