{
  "startPos": "score_high_cone",
  "finalPos": "double_substation",
  "totalTime": 0.39056722102304137,
  "grannyFactor": 1.25,
  "theta1": [
    -0.733,
    -0.7336217182918162,
    -0.7357968841007126,
    -0.7397291261220581,
    -0.7455058045659668,
    -0.7530945430729903,
    -0.7623472904880123,
    -0.7730109835994964,
    -0.7847425144513462,
    -0.7971256413161687,
    -0.8096883598893718,
    -0.8219202687370386,
    -0.8332902977330171,
    -0.8432658773642417,
    -0.85133543574233,
    -0.8570373137712268,
    -0.8599999999999997
  ],
  "theta2": [
    0.6080000000000001,
    0.606545454235553,
    0.6007272713733435,
    0.5890909060446851,
    0.5701818134909666,
    0.5439999949260784,
    0.5119999949179836,
    0.4756363586412542,
    0.436363631464577,
    0.39563635884560827,
    0.354909086286489,
    0.31563635930842493,
    0.2792727234326219,
    0.24727272416122079,
    0.221090906951878,
    0.20218181717328043,
    0.19200000000000006
  ]
}