{
  "startPos": "hold",
  "finalPos": "double_substation",
  "totalTime": 0.80554888124838253,
  "grannyFactor": 1.25,
  "theta1": [
    -1.591,
    -1.5869826373667306,
    -1.5770166294541179,
    -1.5595475215919516,
    -1.5350746147884626,
    -1.5036825856878266,
    -1.465274919373093,
    -1.4198590177025692,
    -1.3674887995811285,
    -1.3081645919123173,
    -1.2418587250874233,
    -1.168552994143182,
    -1.0882673421279132,
    -1.0027756213172621,
    -0.92201104480487361,
    -0.848024070516848,
    -0.78050733438975972,
    -0.71918315196882343,
    -0.66385167758044872,
    -0.61421009060298237,
    -0.57074155195155174,
    -0.53813433777864694,
    -0.51476262096281356,
    -0.4989086615699081,
    -0.48965942574252508,
    -0.48648385069679623,
    -0.48903789603993331,
    -0.4969144218089887,
    -0.5089265856046078,
    -0.52309896395748634,
    -0.53788259508969749,
    -0.55245464941315947,
    -0.56626412781125934,
    -0.57896590808827753,
    -0.59023552309778127,
    -0.60007837223087523,
    -0.60826504654461133,
    -0.61453936602048176,
    -0.61809244288071175,
    -0.62068638457911429,
    -0.62328032627751684,
    -0.624
  ],
  "theta2": [
    1.271,
    1.2728799580067507,
    1.27744946028213,
    1.2847933635161954,
    1.2936247657063311,
    1.3033408105107385,
    1.3138361225903976,
    1.3250508505178511,
    1.3367496678157793,
    1.3485760424868825,
    1.3600413960519679,
    1.3704743456319117,
    1.3789426827666107,
    1.3840650396396634,
    1.3842853041052496,
    1.3795052330114737,
    1.3695914524682955,
    1.3541400648394339,
    1.3322029112565645,
    1.3018317878084424,
    1.2599409333984801,
    1.2110501288595454,
    1.1565495056145547,
    1.096127777138217,
    1.0294699643086198,
    0.95623272959249328,
    0.876170897474293,
    0.79019392497756491,
    0.70319458380961863,
    0.62104729840090156,
    0.54580846610692746,
    0.47763989521753381,
    0.41641464081283508,
    0.36204809398708165,
    0.31495528027604858,
    0.2743701514955954,
    0.24091414172575082,
    0.21539856936835586,
    0.20096807872725225,
    0.19044396569951305,
    0.17991985267177382,
    0.17699999999999982
  ]
}