{
  "startPos": "defense",
  "finalPos": "intake",
  "totalTime": 0.34946480287627785,
  "grannyFactor": 1.25,
  "theta1": [
    -2.7029999999999994,
    -2.701958041709934,
    -2.697790208706254,
    -2.6894545430157395,
    -2.6759090871535967,
    -2.657153842091666,
    -2.634230765162108,
    -2.608181814182734,
    -2.5800489471267642,
    -2.5508741220386475,
    -2.5216992969984457,
    -2.493566430101486,
    -2.4675174794430945,
    -2.4445944031033338,
    -2.4258391591266526,
    -2.412293705486271,
    -2.405
  ],
  "theta2": [
    -0.9149999999999999,
    -0.9149500583038922,
    -0.9148356138243238,
    -0.9147631972431632,
    -0.9148698573360065,
    -0.9152920656295132,
    -0.9161419896952864,
    -0.9174897910100018,
    -0.9193518523791474,
    -0.9216854207186777,
    -0.9243897688796652,
    -0.9273130870001168,
    -0.9302637318788526,
    -0.9330246313843994,
    -0.9353703902343156,
    -0.9370876226121928,
    -0.9380000000000001
  ]
}