{
  "startPos": "hold",
  "finalPos": "score_mid_cone",
  "totalTime": 1.1247446518148578,
  "grannyFactor": 1.25,
  "theta1": [
    -1.5909999999999986,
    -1.556262235939479,
    -1.4793413393000852,
    -1.3857037897682427,
    -1.2975132983865518,
    -1.2316562169479848,
    -1.197720285466675,
    -1.1979164744372468,
    -1.229329710475748,
    -1.2862100490537096,
    -1.3613788863340868,
    -1.446982966740068,
    -1.5349358446794765,
    -1.6172865106805312,
    -1.6866517469950602,
    -1.7367520135121968,
    -1.7629999999999995
  ],
  "theta2": [
    1.2710000000000008,
    1.2362622359602224,
    1.1626817573083328,
    1.0789418301860612,
    1.0096485943186335,
    0.969868377902763,
    0.9574602873903417,
    0.9603384075131133,
    0.9638031810602145,
    0.9539698885237163,
    0.920424199186319,
    0.8589832009382327,
    0.7733712777371626,
    0.6740355968030748,
    0.575635127115444,
    0.4948057908145676,
    0.4480000000000001
  ]
}