{
  "startPos": "score_mid_cube",
  "finalPos": "double_substation",
  "totalTime": 0.505514383448742,
  "grannyFactor": 1.25,
  "theta1": [
    -1.8000000000000003,
    -1.7968461533269962,
    -1.7842307669626207,
    -1.7589999948968609,
    -1.7179999921417237,
    -1.6612307607307606,
    -1.591846145332584,
    -1.5129999916320196,
    -1.4278461456390796,
    -1.3395384535128219,
    -1.2512307614868259,
    -1.1660769158266098,
    -1.0872307627976914,
    -1.0178461486336503,
    -0.9610769194935439,
    -0.9200769213873854,
    -0.8979999999999998
  ],
  "theta2": [
    0.284,
    0.28455955112177483,
    0.28621351038763526,
    0.28852137628212093,
    0.29081961835883674,
    0.29236855943912593,
    0.292466508885725,
    0.2905471937831574,
    0.2862658743003737,
    0.2795661909189174,
    0.27071061808674307,
    0.26026426112322165,
    0.2490410906020925,
    0.2380309136359943,
    0.22831801914555186,
    0.22098716547073768,
    0.21699999999999992
  ]
}