{
  "startPos": "hold",
  "finalPos": "score_mid_cube",
  "totalTime": 1.1247446514881356,
  "grannyFactor": 1.25,
  "theta1": [
    -1.5909999999999986,
    -1.5562622359743128,
    -1.479410803538127,
    -1.3853065781861214,
    -1.2953852935328185,
    -1.226236346718739,
    -1.1884903145952046,
    -1.1861022882828522,
    -1.2174096433140666,
    -1.2772508158093594,
    -1.3583651636651266,
    -1.4521956624818375,
    -1.549450146695448,
    -1.6406909044171798,
    -1.7171507337423548,
    -1.7717633457284325,
    -1.8000000000000003
  ],
  "theta2": [
    1.2710000000000008,
    1.2362622359318876,
    1.1629476166305723,
    1.080581019684261,
    1.014922296612271,
    0.9809119558889912,
    0.9728271709447405,
    0.9762203145759611,
    0.9747200168919216,
    0.9531812039687274,
    0.9005741018786964,
    0.813509486268309,
    0.6985077050023706,
    0.5694630090914248,
    0.4442969966079162,
    0.34267330603959034,
    0.284
  ]
}