{
  "startPos": "defense",
  "finalPos": "double_substation",
  "totalTime": 0.8716195605554607,
  "grannyFactor": 1.25,
  "theta1": [
    -2.8,
    -2.7999998246113567,
    -2.795328841404454,
    -2.7698206552635662,
    -2.707308809996034,
    -2.5916269304234607,
    -2.413726873255844,
    -2.1897751234297447,
    -1.935938282325621,
    -1.6683829867910651,
    -1.403275889935631,
    -1.1567836538536072,
    -0.9450729461798948,
    -0.7843104382270121,
    -0.6879885538260294,
    -0.6399406304233426,
    -0.6239999999999999
  ],
  "theta2": [
    -0.9,
    -0.8838333169657583,
    -0.8191665878615432,
    -0.6969414916053669,
    -0.5333247069460334,
    -0.3444829149861337,
    -0.1465827974873978,
    0.04420896362367066,
    0.21172568658540192,
    0.33980069029543675,
    0.4122672960063326,
    0.4258814833238158,
    0.39680993225204714,
    0.3412193252122285,
    0.2752763453379416,
    0.21514767589439518,
    0.17699999999999988
  ]
}