{
  "startPos": "double_substation",
  "finalPos": "score_hybrid",
  "totalTime": 0.6352563397114996,
  "grannyFactor": 1.25,
  "theta1": [
    -0.8979999999999998,
    -0.9042587420785865,
    -0.9292937098755296,
    -0.9793636444224343,
    -1.0607272851369542,
    -1.1733846288077336,
    -1.3110769365214794,
    -1.4675454677601172,
    -1.636531481492043,
    -1.8117762364502852,
    -1.987020991250188,
    -2.15600700445666,
    -2.3124755346346118,
    -2.4501678403993887,
    -2.562825180484023,
    -2.6441888138569154,
    -2.688
  ],
  "theta2": [
    0.21699999999999992,
    0.22009788723090332,
    0.2269888038829528,
    0.23318873080559477,
    0.23379966077373415,
    0.2238624316387087,
    0.19860038142691774,
    0.15392363394191705,
    0.08933409781008968,
    0.009138487331668383,
    -0.08135527764896747,
    -0.1764811254986919,
    -0.2703963445984404,
    -0.3571981367510837,
    -0.4309727545954949,
    -0.48583598048710364,
    -0.5160000000000001
  ]
}