{
  "startPos": "intake",
  "finalPos": "auto_start",
  "totalTime": 0.29918873019208353,
  "grannyFactor": 1.25,
  "theta1": [
    -2.405,
    -2.4056538463357,
    -2.4082692315637324,
    -2.41350000178756,
    -2.4220000027526467,
    -2.4337692337466676,
    -2.4481538491360335,
    -2.4645000029311896,
    -2.4821538490286725,
    -2.500461541272811,
    -2.518769233481829,
    -2.536423079462763,
    -2.5527692330226506,
    -2.567153847979715,
    -2.5789230781782857,
    -2.5874230775148988,
    -2.592
  ],
  "theta2": [
    -0.9380000000000001,
    -0.9376451004706475,
    -0.936410313188099,
    -0.9342290963193784,
    -0.9311280259279416,
    -0.9272056046902257,
    -0.9226106114046947,
    -0.9175244807025402,
    -0.9121477747566897,
    -0.9066896199265105,
    -0.901359057140691,
    -0.896357562367809,
    -0.8918722779988343,
    -0.8880697414598147,
    -0.8850901321656475,
    -0.8830422944801184,
    -0.882
  ]
}