{
  "startPos": "auto_start",
  "finalPos": "score_high_cube",
  "totalTime": 1.1248912122090813,
  "grannyFactor": 1.25,
  "theta1": [
    -2.34,
    -2.3396293643644452,
    -2.33925872872889,
    -2.3388880930933356,
    -2.3380284222251109,
    -2.3368742437495835,
    -2.3353083293007573,
    -2.3331841229117232,
    -2.3300630937872633,
    -2.3256588677223937,
    -2.3192438631110277,
    -2.3098716242658881,
    -2.2963879123855788,
    -2.277559550524078,
    -2.253006984169148,
    -2.2225050322135775,
    -2.1856308185869122,
    -2.1446716708066438,
    -2.0999740252679473,
    -2.0515555735512629,
    -1.9996383810049014,
    -1.9443409227786164,
    -1.8857620319139277,
    -1.82398271031169,
    -1.7590616355830213,
    -1.6910316126670164,
    -1.6198961272391235,
    -1.5456254373830132,
    -1.4681517466294316,
    -1.3872998150375349,
    -1.3028105188327663,
    -1.2157468836522316,
    -1.1296750846946875,
    -1.0484305848839566,
    -0.97307418091841946,
    -0.90427947862115976,
    -0.84232670449663072,
    -0.786783205326308,
    -0.73726355745580607,
    -0.69345775811476817,
    -0.65493752653926429,
    -0.62519238867426141,
    -0.60894874966888879,
    -0.6022369047097792,
    -0.6030477468603529,
    -0.60887063444036937,
    -0.61722157731518412,
    -0.62664185979252385,
    -0.63621013504973534,
    -0.64535172443151589,
    -0.65369712430347937,
    -0.6609426177507558,
    -0.666881383812954,
    -0.67151616160692729,
    -0.67382274153918675,
    -0.67612932147144611,
    -0.67843590140370569,
    -0.679
  ],
  "theta2": [
    -0.422,
    -0.411066696064184,
    -0.40013339212836796,
    -0.389200088192552,
    -0.36484785658533131,
    -0.3338865041540216,
    -0.29580443826583308,
    -0.25094415674155429,
    -0.19826784355577876,
    -0.13906552677204834,
    -0.072813995564497441,
    0.00051660840227691577,
    0.080796106832274783,
    0.16697735235393976,
    0.25424381495365628,
    0.34151027755337265,
    0.4276010754101478,
    0.50856974556782208,
    0.58561110834895047,
    0.65982128203636792,
    0.73177845160669419,
    0.80166610948642525,
    0.8694989852665107,
    0.93518765949790894,
    0.99856587349895354,
    1.0594011917804289,
    1.1173953260608511,
    1.1721767394162397,
    1.2232861458455004,
    1.2700641849940171,
    1.3116257504628392,
    1.3468277525289565,
    1.3737021728607273,
    1.3914131885674628,
    1.4005295383436658,
    1.4014605421452266,
    1.3944778459771281,
    1.3797482600642639,
    1.3567630706234826,
    1.3236824009213675,
    1.2755282694440557,
    1.2070352668030198,
    1.1322893049229494,
    1.0514508600161476,
    0.965480489859406,
    0.88357000858488055,
    0.80859717257798214,
    0.740319600318158,
    0.67973547837549753,
    0.62566154864587553,
    0.57853678448587631,
    0.53880319370052088,
    0.50673857894629215,
    0.48187304055310443,
    0.4695838447758296,
    0.45729464899855465,
    0.44500545322127977,
    0.44199999999999995
  ]
}