{
  "startPos": "hold",
  "finalPos": "intake",
  "totalTime": 1.1247446508887884,
  "grannyFactor": 1.25,
  "theta1": [
    -1.5909999999999986,
    -1.5562622359511644,
    -1.48351486661395,
    -1.4031446601047715,
    -1.3435715996773099,
    -1.3292874988252152,
    -1.3754693844397066,
    -1.4783421772174137,
    -1.62234156885373,
    -1.7878630843911345,
    -1.954193135668911,
    -2.1013480448123665,
    -2.2124074587674705,
    -2.2783595175936173,
    -2.3048837602174332,
    -2.3064459172945866,
    -2.3
  ],
  "theta2": [
    1.2710000000000008,
    1.2362622359751325,
    1.1618239880666807,
    1.0747334387158944,
    0.9955663645898606,
    0.9286335373746414,
    0.8624213862351223,
    0.7805602019414812,
    0.6665688412570171,
    0.5074747706991093,
    0.2994515701307339,
    0.05251381320515384,
    -0.21415679527807296,
    -0.477023410890154,
    -0.7108328928848876,
    -0.8900269316191308,
    -0.9899999999999999
  ]
}