{
  "startPos": "intake",
  "finalPos": "defense",
  "totalTime": 0.39056722102304137,
  "grannyFactor": 1.25,
  "theta1": [
    -2.405,
    -2.406454545764447,
    -2.4122727286266565,
    -2.423909093955315,
    -2.442818186509034,
    -2.469000005073922,
    -2.5010000050820174,
    -2.537363641358747,
    -2.576636368535424,
    -2.617363641154393,
    -2.6580909137135125,
    -2.6973636406915764,
    -2.7337272765673792,
    -2.76572727583878,
    -2.7919090930481225,
    -2.81081818282672,
    -2.821
  ],
  "theta2": [
    -0.9380000000000001,
    -0.9374470637077659,
    -0.9356254798416976,
    -0.9326070833474308,
    -0.9286230648603621,
    -0.9239956076831646,
    -0.9190858847777914,
    -0.9142538683589587,
    -0.9098249379034674,
    -0.9060606591827997,
    -0.9031339436082597,
    -0.9011115867308793,
    -0.8999486629519129,
    -0.8994977931287504,
    -0.8995329739938906,
    -0.8997864122643431,
    -0.9
  ]
}