{
  "startPos": "score_hybrid",
  "finalPos": "intake",
  "totalTime": 0.41078363449813504,
  "grannyFactor": 1.25,
  "theta1": [
    -2.688,
    -2.686645546518994,
    -2.6815923702367344,
    -2.6721478059919384,
    -2.6580754427736153,
    -2.639639245051732,
    -2.6174518759005276,
    -2.5923297918639183,
    -2.565209206433017,
    -2.5370976601239557,
    -2.5090429811378794,
    -2.482110386199348,
    -2.457362533046501,
    -2.4358386515170576,
    -2.4185283698276683,
    -2.4063330458678727,
    -2.4
  ],
  "theta2": [
    -0.5160000000000001,
    -0.517692308035122,
    -0.5244615399592593,
    -0.5380000033697423,
    -0.5600000051890345,
    -0.5904615440743263,
    -0.6276923133140501,
    -0.6700000055256057,
    -0.7156923131116624,
    -0.7630769283764715,
    -0.8104615435750749,
    -0.8561538509414253,
    -0.8984615427094748,
    -0.9356923111342655,
    -0.9661538485200487,
    -0.9881538472694936,
    -0.9999999999999999
  ]
}