{
  "startPos": "double_substation",
  "finalPos": "score_hybrid",
  "totalTime": 0.7807724752329658,
  "grannyFactor": 1.25,
  "theta1": [
    -0.6239999999999999,
    -0.6225567915219636,
    -0.6298473125201648,
    -0.6574917366084085,
    -0.717110239548998,
    -0.8203229872321204,
    -0.9730086463752,
    -1.1635470394077945,
    -1.380317976800318,
    -1.6117012716169716,
    -1.8460767408836483,
    -2.071824208148235,
    -2.277323508944693,
    -2.450954505190953,
    -2.5810971424271285,
    -2.65623901090824,
    -2.688
  ],
  "theta2": [
    0.17699999999999988,
    0.18862019668541408,
    0.22687605320297533,
    0.2801473734446048,
    0.33681396043147765,
    0.3852556169805102,
    0.4138521459433236,
    0.4109833504979576,
    0.36502903542750254,
    0.2776999714523425,
    0.1606163530127033,
    0.025398376213083006,
    -0.11633376234890544,
    -0.2529598659030599,
    -0.37285973767917974,
    -0.4644131810796564,
    -0.5160000000000001
  ]
}