{
  "startPos": "hold",
  "finalPos": "score_high_cone",
  "totalTime": 0.67588145983779091,
  "grannyFactor": 1.25,
  "theta1": [
    -1.591,
    -1.5872233993330633,
    -1.576961139712127,
    -1.5595774498041366,
    -1.5351273410147,
    -1.5036696293220742,
    -1.465318899090416,
    -1.419884745622412,
    -1.3675182174076048,
    -1.3082265431845999,
    -1.241872172939976,
    -1.1686177228885666,
    -1.0885670537799286,
    -1.010075355455847,
    -0.93838561308276036,
    -0.87334793437524194,
    -0.81464223174577155,
    -0.76206564128197019,
    -0.71525576457509865,
    -0.679032437883026,
    -0.65665120937912813,
    -0.64433777834474226,
    -0.640348034053301,
    -0.64374341726227624,
    -0.65307715979118941,
    -0.6650899995137568,
    -0.67782658315359423,
    -0.69014207946376871,
    -0.70138450119205176,
    -0.71115384702043649,
    -0.71917512453085486,
    -0.72534956208956758,
    -0.72875665478440144,
    -0.73112185688865328,
    -0.733
  ],
  "theta2": [
    1.271,
    1.2728321873016657,
    1.2776953491297205,
    1.2852020595566902,
    1.2940768977215154,
    1.3035826470267378,
    1.3135653750711556,
    1.3240068916753607,
    1.3346963121331044,
    1.3452777117151178,
    1.3552134208783184,
    1.3637733743393921,
    1.3697713903863005,
    1.3715405416690625,
    1.3685507574530713,
    1.360536604628013,
    1.3469266362980259,
    1.3262329118540028,
    1.2947166465332671,
    1.2510391457549179,
    1.2014338389396613,
    1.1456986726349812,
    1.0834397275491681,
    1.0143595907558911,
    0.94285985898382485,
    0.87800957771300414,
    0.82005467885960392,
    0.76929754103767056,
    0.72542587569484185,
    0.68851088802751859,
    0.65874828711688682,
    0.63603124181576243,
    0.62353732697742,
    0.61487696196013286,
    0.608
  ]
}