{
  "startPos": "auto_start",
  "finalPos": "score_high_cone",
  "totalTime": 0.6929545182234468,
  "grannyFactor": 1.25,
  "theta1": [
    -2.592,
    -2.5908183179504096,
    -2.579149617852074,
    -2.548870217959016,
    -2.4918564343346423,
    -2.3999845931461405,
    -2.271088390251591,
    -2.113291511464377,
    -1.9347176547815388,
    -1.7434905219767387,
    -1.5477338165738639,
    -1.3555712427495263,
    -1.1751265049487492,
    -1.0145233076690354,
    -0.8818853552710065,
    -0.785336351715807,
    -0.733
  ],
  "theta2": [
    -0.882,
    -0.8738762934196839,
    -0.8413814677203358,
    -0.7763918181766322,
    -0.6747394454191048,
    -0.5445480534836801,
    -0.3939413475981439,
    -0.23104303330748677,
    -0.06397681620300673,
    0.09913359829589011,
    0.2501645053940776,
    0.38099220142854423,
    0.48349298520657175,
    0.5495431635950238,
    0.5868952685930906,
    0.6036729841666438,
    0.6080000000000001
  ]
}