{
  "startPos": "score_mid_cube",
  "finalPos": "defense",
<<<<<<< HEAD
  "totalTime": 0.40059163798061131,
  "theta1": [
    -1.411,
    -1.4106883230859086,
    -1.4089892192755107,
    -1.4072901154651127,
    -1.4042347715884862,
    -1.3995611043915419,
    -1.3936609642585309,
    -1.386515698925699,
    -1.3784477055084685,
    -1.3697413190848873,
    -1.3609809168199727,
    -1.3533783701116846,
    -1.3496774064567898,
    -1.3609412239745562,
    -1.3962440512680538,
    -1.3570462472747777,
    -1.3372336449414017,
    -1.3244968231144634,
    -1.3263519392038505,
    -1.3289182473590879,
    -1.33
  ],
  "theta2": [
    0.485,
    0.48667497911222918,
    0.49580611222878412,
    0.50493724534533913,
    0.52139439216445094,
    0.54667070202993684,
    0.57887264521849136,
    0.61870279003104955,
    0.66528564217445685,
    0.71879726863113413,
    0.779410992483623,
    0.84704512483785677,
    0.92159570819810166,
    1.0028207210724454,
    1.033661908679641,
    1.0950177631787494,
    1.1101322679974617,
    1.1104116521642784,
    1.0933022737056319,
    1.0837976652252537,
    1.08
=======
  "totalTime": 0.25026723908578291,
  "theta1": [
    -1.411,
    -1.4104601090234117,
    -1.4085804718191257,
    -1.40670083461484,
    -1.4040399940583195,
    -1.3994396663739372,
    -1.3934707151543926,
    -1.3863343263073955,
    -1.3782205958100509,
    -1.3691454416300297,
    -1.3594904689633445,
    -1.3497030834913362,
    -1.3405813943711848
  ],
  "theta2": [
    0.48499999999999988,
    0.48799957879316941,
    0.49844264997108889,
    0.50888572114900821,
    0.5236915131880554,
    0.54933920709480188,
    0.582845078334421,
    0.62340375901702549,
    0.67038691793100724,
    0.724890926935105,
    0.78615855910324428,
    0.85450966109615833,
    0.92974164124214742
>>>>>>> post_alexandria
  ]
}