{
  "startPos": "score_mid_cone",
  "finalPos": "defense",
  "totalTime": 0.93201799255722106,
  "grannyFactor": 1,
  "theta1": [
    -1.763,
    -1.7619147478754948,
    -1.7601087022828761,
    -1.7583026566902566,
    -1.7549405964796678,
    -1.7501346641894195,
    -1.7441655739741049,
    -1.7372542166960065,
    -1.729559976398733,
    -1.7216186044600037,
    -1.7141865607112368,
    -1.7089094067783739,
    -1.7094810628645054,
    -1.7288437961942158,
    -1.7641360312468106,
    -1.805833451069454,
    -1.8540890047826601,
    -1.9081375382947197,
    -1.9671432679472156,
    -2.0302837351915297,
    -2.0959103718480536,
    -2.1594558401000934,
    -2.2200744877011829,
    -2.2777223559634145,
    -2.3323796683929183,
    -2.3838390065748771,
    -2.4321106861237727,
    -2.476944073750226,
    -2.5174204885327969,
    -2.5525036860553851,
    -2.5824298852108396,
    -2.6077934474745206,
    -2.6290368769425783,
    -2.6465506605449955,
    -2.6607143568019667,
    -2.6719356493386872,
    -2.6802411517447009,
    -2.6862860951985241,
    -2.6907095000740218,
    -2.6940124052431,
    -2.6964699461262693,
    -2.698391711053906,
    -2.6998533835857303,
    -2.7009930616231816,
    -2.7018872122853912,
    -2.7022581415235938,
    -2.7026290707617968,
    -2.703
  ],
  "theta2": [
    0.44800000000000006,
    0.45426098206193455,
    0.46468032960625061,
    0.47509967715056667,
    0.49458983349879238,
    0.522639019495023,
    0.55803942482580582,
    0.60018502580319266,
    0.64992759173488313,
    0.7064141753535863,
    0.76981772197263032,
    0.84035616623715581,
    0.91781311736257609,
    0.99825787207613637,
    1.0295979852875576,
    1.0303394926969949,
    1.0131653532128964,
    0.98183554689026054,
    0.93818069874412235,
    0.88333723641620865,
    0.81894437417115773,
    0.7500763793923737,
    0.67836989147052507,
    0.6043612140099438,
    0.5283236062179365,
    0.45012666432904147,
    0.36938767225690233,
    0.28481619334131619,
    0.19764165856590488,
    0.11037519596618837,
    0.023108733366472088,
    -0.064157729233244448,
    -0.15142419183296085,
    -0.23869065443267723,
    -0.32595711703239372,
    -0.41222890365788367,
    -0.49255224959023081,
    -0.5658488803337286,
    -0.63211021297138448,
    -0.69154726448657511,
    -0.74363166652220314,
    -0.78916231589375085,
    -0.82710385601206959,
    -0.85817127597009446,
    -0.883233858925698,
    -0.89382257261713194,
    -0.904411286308566,
    -0.915
  ]
}