{
  "startPos": "defense",
  "finalPos": "score_hybrid",
  "totalTime": 0.34985526662324606,
  "grannyFactor": 1.25,
  "theta1": [
    -2.933,
    -2.9320207839844428,
    -2.9281937870286447,
    -2.9207234677396605,
    -2.909067295573561,
    -2.893457519737684,
    -2.8745472297001133,
    -2.8531139180956715,
    -2.829988943155822,
    -2.8060311531560056,
    -2.7821135018678773,
    -2.7591144174161135,
    -2.7379107175774844,
    -2.719370149196927,
    -2.70434137963646,
    -2.6936372990182518,
    -2.688
  ],
  "theta2": [
    -0.8150000000000001,
    -0.8139545452058832,
    -0.8097727261863464,
    -0.8014090884648274,
    -0.7878181780542823,
    -0.7689999959287275,
    -0.7459999959222317,
    -0.719863632355601,
    -0.691636359705398,
    -0.6623636325195732,
    -0.6330909053817713,
    -0.6048636328909343,
    -0.5787272696460044,
    -0.5557272702306264,
    -0.5369090891927508,
    -0.5233181810089399,
    -0.5160000000000001
  ]
}