{
  "startPos": "hold",
  "finalPos": "score_mid_cone",
  "totalTime": 1.1247446518191144,
  "grannyFactor": 1.25,
  "theta1": [
    -1.5909999999999986,
    -1.5562622359396918,
    -1.4795394175971674,
    -1.3864656462258793,
    -1.2993380455209733,
    -1.2350845329444857,
    -1.203140160998935,
    -1.2053788946811124,
    -1.23851237017114,
    -1.2964749629835783,
    -1.3718718537359287,
    -1.456763031506148,
    -1.5431278897757217,
    -1.6232482817457683,
    -1.6901405780508818,
    -1.7380604756101523,
    -1.7629999999999995
  ],
  "theta2": [
    1.2710000000000008,
    1.2362622359597724,
    1.1626333959501747,
    1.078730755406114,
    1.009066227551538,
    0.9686095036912109,
    0.9553143842034408,
    0.9572683210241201,
    0.9599447928625423,
    0.9496230110501723,
    0.916020271985505,
    0.854991839246966,
    0.7701612143580381,
    0.671796917879651,
    0.5743694136055963,
    0.4943393049741876,
    0.4480000000000001
  ]
}