{
  "startPos": "auto_start",
  "finalPos": "intake",
  "totalTime": 0.2991887301920832,
  "grannyFactor": 1.25,
  "theta1": [
    -2.592,
    -2.5913461536643,
    -2.5887307684362675,
    -2.58349999821244,
    -2.5749999972473536,
    -2.5632307662533322,
    -2.548846150863967,
    -2.5324999970688107,
    -2.5148461509713274,
    -2.4965384587271893,
    -2.478230766518171,
    -2.4605769205372368,
    -2.4442307669773493,
    -2.4298461520202848,
    -2.418076921821714,
    -2.409576922485101,
    -2.405
  ],
  "theta2": [
    -0.882,
    -0.8822782798944697,
    -0.8832516452771464,
    -0.885010250033796,
    -0.8875911009647633,
    -0.8909765483484804,
    -0.8950965670274841,
    -0.8998342416647661,
    -0.9050331867037738,
    -0.9105057191868015,
    -0.9160410973137523,
    -0.9214136434289297,
    -0.9263909426787307,
    -0.9307425942365118,
    -0.9342502792610768,
    -0.9367202789888183,
    -0.9380000000000001
  ]
}