{
  "startPos": "intake",
  "finalPos": "score_mid_cone",
  "totalTime": 0.584905705471299,
  "grannyFactor": 1.25,
  "theta1": [
    -2.3,
    -2.3048853559584352,
    -2.316241755864281,
    -2.329183850186086,
    -2.3388262809862783,
    -2.3402836887721556,
    -2.3286707155995843,
    -2.299102011896717,
    -2.2505060335132088,
    -2.1877681364055706,
    -2.1157736854958107,
    -2.0394080485465027,
    -1.9635565946629623,
    -1.893104693384915,
    -1.832937714336493,
    -1.7879410269485128,
    -1.7629999999999997
  ],
  "theta2": [
    -0.9899999999999999,
    -0.9851146283470185,
    -0.9655731420838638,
    -0.9264901702846978,
    -0.862980343193734,
    -0.775136179926199,
    -0.6678430496737169,
    -0.5459863227736461,
    -0.4144513698961719,
    -0.2781235618169687,
    -0.14188826928541384,
    -0.010630862871850784,
    0.11076328738267674,
    0.21740881236328624,
    0.30442034480697666,
    0.3669125220777008,
    0.39999999999999997
  ]
}