{
  "startPos": "score_high_cube",
  "finalPos": "intake",
  "totalTime": 0.7943844427550482,
  "grannyFactor": 1.25,
  "theta1": [
    -0.727,
    -0.7361979280540776,
    -0.7760302776930965,
    -0.8587356266033542,
    -0.9891187824019525,
    -1.1549411470701083,
    -1.3439641126928472,
    -1.5439490730902976,
    -1.7426574246737856,
    -1.9278505680116431,
    -2.0872899110963634,
    -2.20873687783325,
    -2.2799529431522285,
    -2.3124487895327928,
    -2.3184628976667883,
    -2.3102337927585115,
    -2.3
  ],
  "theta2": [
    0.32199999999999995,
    0.3342386131327534,
    0.36338137710778295,
    0.3971896793674525,
    0.42342490678312966,
    0.42984844623033475,
    0.40422168517971824,
    0.3343060131671263,
    0.21630815597460762,
    0.062466723219061826,
    -0.11497967344389756,
    -0.3037924217345614,
    -0.49173290912358275,
    -0.6665625230117166,
    -0.8160426508696177,
    -0.9279346804175805,
    -0.9899999999999999
  ]
}