{
  "startPos": "auto_start",
  "finalPos": "hold",
  "totalTime": 0.7463452784292662,
  "grannyFactor": 1.25,
  "theta1": [
    -2.592,
    -2.5879225127113052,
    -2.5655404448387036,
    -2.5147041582233576,
    -2.425821146708955,
    -2.3090411844764938,
    -2.1745140899519746,
    -2.0323896935932297,
    -1.8928178311961759,
    -1.7659483414357826,
    -1.6619310628764805,
    -1.5909158306005347,
    -1.5571110746357042,
    -1.5503669565339435,
    -1.560533633905625,
    -1.5774612631275473,
    -1.5909999999999986
  ],
  "theta2": [
    -0.882,
    -0.871850155379138,
    -0.8312507781505972,
    -0.7500520275650985,
    -0.6264120875311933,
    -0.4704807966968986,
    -0.29240799607250484,
    -0.10234352689990932,
    0.08956277078602504,
    0.27316106707599297,
    0.4515719169745914,
    0.6349450120670778,
    0.813130529159787,
    0.9759786293379508,
    1.1133394703342598,
    1.2150632086083937,
    1.2710000000000008
  ]
}