{
  "startPos": "double_substation",
  "finalPos": "intake",
  "totalTime": 0.7440345036487306,
  "grannyFactor": 1.25,
  "theta1": [
    -0.898,
    -0.9080558611323124,
    -0.9482793050272156,
    -1.0287261909480268,
    -1.1475483415836194,
    -1.294689898270595,
    -1.4600950011358873,
    -1.6337077899559354,
    -1.8054724043974568,
    -1.9653329841581886,
    -2.1032336691327043,
    -2.209118599802019,
    -2.272931919283986,
    -2.303870863728101,
    -2.311991287475306,
    -2.307349047302617,
    -2.3
  ],
  "theta2": [
    0.2899999999999999,
    0.2995705665033251,
    0.31822656348738226,
    0.33591218664501743,
    0.3425716198398001,
    0.32814904600814043,
    0.2825886562183947,
    0.19583467507167826,
    0.07326409572675394,
    -0.07506728892140659,
    -0.23910364692625677,
    -0.40878913430949837,
    -0.5740679138870662,
    -0.7248841601067837,
    -0.85118206976891,
    -0.9429058904776981,
    -0.9899999999999999
  ]
}