{
  "startPos": "score_mid_cone",
  "finalPos": "hold",
  "totalTime": 0.7041139170452809,
  "grannyFactor": 1.25,
  "theta1": [
    -1.7629999999999995,
    -1.7544774671147747,
    -1.7203873424541851,
    -1.6628104633012808,
    -1.5902693523481346,
    -1.5112865375872795,
    -1.4343845483363538,
    -1.3680859139129968,
    -1.3209131623097412,
    -1.301388816218663,
    -1.314133873768224,
    -1.3506258089535395,
    -1.4023420902484733,
    -1.460760184360089,
    -1.5173575571522044,
    -1.5636116740067838,
    -1.5909999999999986
  ],
  "theta2": [
    0.4480000000000001,
    0.43947747920095104,
    0.41729541195123726,
    0.3899763129922239,
    0.3660427050161567,
    0.3540171121876759,
    0.3624220571992277,
    0.399780054793574,
    0.47175363893436056,
    0.5698202888222481,
    0.6854574751395996,
    0.8101426658695033,
    0.9353533277190238,
    1.052566926672443,
    1.153260928258958,
    1.228912797700356,
    1.2710000000000008
  ]
}