{
  "startPos": "auto_start",
  "finalPos": "hold",
  "totalTime": 0.746345278393031,
  "grannyFactor": 1.25,
  "theta1": [
    -2.592,
    -2.587922513305348,
    -2.5655404462058513,
    -2.5147041589462953,
    -2.4258211469232753,
    -2.3090411843191156,
    -2.1745140895296378,
    -2.032389693000964,
    -1.892817830523656,
    -1.7659483407697574,
    -1.6619310623012225,
    -1.590915830197691,
    -1.5571110743722876,
    -1.550366956378925,
    -1.5605336338296159,
    -1.5774612631027076,
    -1.5909999999999986
  ],
  "theta2": [
    -0.882,
    -0.8718501553805055,
    -0.8312507781572845,
    -0.7500520275819569,
    -0.6264120875273497,
    -0.47048079664083514,
    -0.29240799593178296,
    -0.10234352664115706,
    0.0895627711969116,
    0.27316106767159154,
    0.4515719174406715,
    0.6349450124088093,
    0.8131305293929351,
    0.9759786294809177,
    1.113339470407254,
    1.2150632086332231,
    1.2710000000000008
  ]
}