{
  "startPos": "auto_start",
  "finalPos": "defense",
  "totalTime": 0.3200932519660249,
  "grannyFactor": 1.25,
  "theta1": [
    -2.592,
    -2.5928006995088535,
    -2.5960034974129016,
    -2.602409092955174,
    -2.6128181849689254,
    -2.627230772638813,
    -2.6448461572596345,
    -2.6648636397187437,
    -2.6864825207731102,
    -2.7089021011199454,
    -2.731321681426581,
    -2.752940562347543,
    -2.7729580445373583,
    -2.790573428663359,
    -2.8049860154227555,
    -2.8153951055725184,
    -2.821
  ],
  "theta2": [
    -0.882,
    -0.8819905813258675,
    -0.8819867687055348,
    -0.8820497185387607,
    -0.8822583590325799,
    -0.8826933719880219,
    -0.8834236792034341,
    -0.8844951746722098,
    -0.8859218778702498,
    -0.8876800229579478,
    -0.8897056841716023,
    -0.8918962824135271,
    -0.8941159038600333,
    -0.8962041445716487,
    -0.8979884502297579,
    -0.8993006940456869,
    -0.9
  ]
}