{
  "startPos": "score_hybrid",
  "finalPos": "defense",
  "totalTime": 0.3802843246054252,
  "grannyFactor": 1.25,
  "theta1": [
    -2.688,
    -2.688681143207202,
    -2.6910743326647193,
    -2.695390114640994,
    -2.701693732096308,
    -2.7099106698275945,
    -2.719842242564883,
    -2.731186335536817,
    -2.7435588445883727,
    -2.7565135584223617,
    -2.7695600500337036,
    -2.7821801273974236,
    -2.7938438881201972,
    -2.8040268225136926,
    -2.812230017678726,
    -2.8180066589326027,
    -2.821
  ],
  "theta2": [
    -0.5160000000000001,
    -0.5173426576364557,
    -0.5227132879968619,
    -0.5334545483424787,
    -0.5509090953561919,
    -0.5750769278871887,
    -0.6046153894333245,
    -0.6381818229173671,
    -0.6744335710780563,
    -0.7120279765697858,
    -0.7496223820047756,
    -0.7858741299771722,
    -0.8194405630811217,
    -0.8489790239288444,
    -0.8731468551747339,
    -0.8906013995575298,
    -0.9
  ]
}