{
  "startPos": "auto_start",
  "finalPos": "score_high_cone",
  "totalTime": 1.0367221885252578,
  "grannyFactor": 1.25,
  "theta1": [
    -2.34,
    -2.3394400700599212,
    -2.3388801401198425,
    -2.3383202101797638,
    -2.3370078442762026,
    -2.3353175702245825,
    -2.33314420501389,
    -2.3303354690916631,
    -2.3266753859492475,
    -2.3218411737215154,
    -2.3153705504342188,
    -2.3066012020850106,
    -2.2946005652529231,
    -2.2784044693969032,
    -2.2579040720334094,
    -2.2327840572586739,
    -2.2022228495604113,
    -2.1657835935501355,
    -2.1241317587688862,
    -2.0786191208316462,
    -2.0297122236144793,
    -1.9773484677940256,
    -1.9215718967487867,
    -1.8624889465023025,
    -1.8000875114127841,
    -1.7342238647335528,
    -1.6649108715969578,
    -1.5920943352880776,
    -1.5156485806250672,
    -1.4354099657818487,
    -1.3510488844711792,
    -1.2639965822335197,
    -1.1767301196338034,
    -1.0894636570340865,
    -1.0021971944343711,
    -0.91506998965683217,
    -0.831983189269484,
    -0.75582153813514452,
    -0.68661323412010489,
    -0.6243687717435521,
    -0.56909244132203529,
    -0.52079491310115134,
    -0.47949422636054134,
    -0.44513801073601222,
    -0.419319260155762,
    -0.41350544814195123,
    -0.41799638736564071,
    -0.42599219544544459,
    -0.43414209781177315,
    -0.4409919688793808,
    -0.44513200700018052,
    -0.44778326129373724,
    -0.45
  ],
  "theta2": [
    -0.422,
    -0.41124940137288313,
    -0.40049880274576621,
    -0.38974820411864936,
    -0.36500754765629428,
    -0.33398131297895356,
    -0.29596555334408325,
    -0.2507423889968679,
    -0.19836198405003733,
    -0.13901537474767425,
    -0.072739146782843878,
    0.000489077548664116,
    0.0807367853090089,
    0.1669216813211345,
    0.25418814392085087,
    0.34145460652056719,
    0.42872106912028368,
    0.51591474799022952,
    0.60105279820194413,
    0.68152704379599549,
    0.75797236499548748,
    0.83060193862536547,
    0.89955807515163511,
    0.9649453108272994,
    1.0266898904305457,
    1.084541400805231,
    1.1384105632710888,
    1.188131899926252,
    1.2334572029965136,
    1.2740943290931737,
    1.3094937101752691,
    1.3390544607426715,
    1.3626169885798549,
    1.3807834870894031,
    1.3939268701168632,
    1.4021244163837872,
    1.4050419078771217,
    1.4032232905872295,
    1.3971595588523136,
    1.3871758712228253,
    1.3734063175862719,
    1.3556913205056382,
    1.333230235138966,
    1.3031184266421463,
    1.2543885645562871,
    1.2032224111775598,
    1.1589587528744179,
    1.1216622365422826,
    1.0918727835059823,
    1.0689249606101914,
    1.0555187495712723,
    1.0470667753319929,
    1.04
  ]
}