{
  "startPos": "score_high_cone",
  "finalPos": "double_substation",
  "totalTime": 0.3339302825690683,
  "grannyFactor": 1.25,
  "theta1": [
    -0.733,
    -0.7337459485801926,
    -0.7365499869616967,
    -0.741832570522524,
    -0.7497688778858943,
    -0.7602297724611178,
    -0.772869020976322,
    -0.78721885047508,
    -0.80274238264506,
    -0.8188620895325868,
    -0.8349771945107818,
    -0.8504760210003718,
    -0.8647464226215011,
    -0.87718650344027,
    -0.8872180794617001,
    -0.8943070515429411,
    -0.898
  ],
  "theta2": [
    0.5499999999999999,
    0.5490909088643694,
    0.5454545444648168,
    0.538181815955014,
    0.5263636329346016,
    0.5099999962909392,
    0.4899999962850217,
    0.4672727236212783,
    0.44272726914603683,
    0.41727272377066216,
    0.3918181784390377,
    0.36727272410898343,
    0.34454545173831924,
    0.32454545227092857,
    0.30818181661817634,
    0.29636363562639045,
    0.2899999999999999
  ]
}