{
  "startPos": "hold",
  "finalPos": "score_high_cone",
  "totalTime": 1.1247446514649864,
  "grannyFactor": 1.25,
  "theta1": [
    -1.5909999999999986,
    -1.556262235988361,
    -1.4562634891128277,
    -1.305968354519054,
    -1.1236922881538531,
    -0.9289697923341593,
    -0.7413841174446283,
    -0.5790946390564684,
    -0.45695190996688684,
    -0.38432392147552263,
    -0.3632346327456979,
    -0.3884227647387548,
    -0.44911361421354395,
    -0.5308643105491313,
    -0.6170247723873251,
    -0.6900256044448227,
    -0.733
  ],
  "theta2": [
    1.2710000000000008,
    1.2362622359269266,
    1.1623330566319887,
    1.0773285293682848,
    1.0049704468941332,
    0.959702348664404,
    0.9417011648868016,
    0.9421120318373534,
    0.948951991238791,
    0.9502444807692942,
    0.9362131948917555,
    0.9013461484479726,
    0.8460810809310833,
    0.7769623717941612,
    0.7050678407669347,
    0.6440551545165192,
    0.6080000000000001
  ]
}