{
  "startPos": "defense",
  "finalPos": "double_substation",
  "totalTime": 1.1700447196395933,
  "grannyFactor": 1.25,
  "theta1": [
    -2.933,
    -2.9286741662451248,
    -2.9243483324902497,
    -2.9200224987353747,
    -2.9106991828382833,
    -2.8986304441478943,
    -2.8836355384784822,
    -2.8657522062363565,
    -2.8446148844334052,
    -2.8202261638146506,
    -2.791929178708223,
    -2.7594621953666123,
    -2.7221832589928741,
    -2.6796049396417891,
    -2.633805804291625,
    -2.5850284504382368,
    -2.5330432075148619,
    -2.477651129503843,
    -2.4188654058280274,
    -2.3567410135404314,
    -2.2915111525176126,
    -2.2241820416878992,
    -2.15524300235863,
    -2.0847091891462388,
    -2.0125908859020316,
    -1.9388883496011473,
    -1.8635877502183398,
    -1.7866573553806728,
    -1.7080433228137095,
    -1.6276645579236058,
    -1.5454060895792538,
    -1.4614685521819639,
    -1.3790608565450784,
    -1.2999339433140136,
    -1.22492730763055,
    -1.1551603997196644,
    -1.0912676206886673,
    -1.0339076919167449,
    -0.98317717952698191,
    -0.93873925032288574,
    -0.90022650069502586,
    -0.86700978875056778,
    -0.84427369435262545,
    -0.8323824704015047,
    -0.82783068331955967,
    -0.82855046515909592,
    -0.83296323306532438,
    -0.83967846574588934,
    -0.8473963850770565,
    -0.855411367488637,
    -0.863261477177299,
    -0.87057476810628609,
    -0.87720991960756689,
    -0.88301110299086549,
    -0.8876809031006756,
    -0.89139008227947347,
    -0.89327742446730352,
    -0.89516476665513345,
    -0.8970521088429636,
    -0.898
  ],
  "theta2": [
    -0.815,
    -0.80387662925115322,
    -0.79275325850230649,
    -0.78162988775345965,
    -0.75770975276180619,
    -0.72683694114936415,
    -0.68870617595312722,
    -0.64367042418444964,
    -0.59131121364487071,
    -0.53218893314065974,
    -0.46576858980793023,
    -0.39249728708427056,
    -0.31232550869790637,
    -0.22601958932179722,
    -0.13875312672208048,
    -0.051486664122364204,
    0.035779798477352215,
    0.12304626107706866,
    0.210312723676785,
    0.29757918627650159,
    0.38472824742783918,
    0.47059409979914735,
    0.55471810187871706,
    0.63716743781215124,
    0.71791813196679588,
    0.79687184027147007,
    0.873860839790406,
    0.94864388584299,
    1.0208934048771328,
    1.0901726755514827,
    1.1558996598867461,
    1.2169587093792766,
    1.2699112020081575,
    1.31338337569201,
    1.3466027959046674,
    1.368676451614848,
    1.3798655446011165,
    1.3802265668330278,
    1.3697724108634741,
    1.347694090710954,
    1.3112771371947929,
    1.2540576320888839,
    1.1781544369315202,
    1.0965101530401138,
    1.0099903553093927,
    0.92272389270967625,
    0.83560965808477006,
    0.75208974395279,
    0.67529669831287531,
    0.60556713514761329,
    0.54237248487553358,
    0.48678606997393414,
    0.43793015802346347,
    0.3961185759634433,
    0.36289066787288277,
    0.33658571284724326,
    0.32328400699791032,
    0.30998230114857739,
    0.29668059529924451,
    0.29000000000000004
  ]
}