{
  "startPos": "auto_start",
  "finalPos": "score_hybrid",
  "totalTime": 0.3930549771463596,
  "grannyFactor": 1.25,
  "theta1": [
    -2.64,
    -2.6402170886523586,
    -2.640976458594386,
    -2.6423640762003577,
    -2.644431263145075,
    -2.647187096546826,
    -2.650595283560549,
    -2.65457477644208,
    -2.659003250279634,
    -2.663722702129321,
    -2.6685466137894016,
    -2.673268335474934,
    -2.6776705571177537,
    -2.6815359210064873,
    -2.6846589873900215,
    -2.6868598825130676,
    -2.688
  ],
  "theta2": [
    -0.9400000000000001,
    -0.9385174822036203,
    -0.9325874112161802,
    -0.9207272696421179,
    -0.9014545407037444,
    -0.8747692256304633,
    -0.8421538410068798,
    -0.8050909040319598,
    -0.7650629321012651,
    -0.7235524427004637,
    -0.6820419533602767,
    -0.642013981630734,
    -0.6049510450618653,
    -0.5723356611843916,
    -0.545650347483981,
    -0.5263776213561953,
    -0.5160000000000001
  ]
}