{
  "startPos": "score_high_cone",
  "finalPos": "intake",
  "totalTime": 0.7597107458829537,
  "grannyFactor": 1.25,
  "theta1": [
    -0.733,
    -0.7437049544490901,
    -0.7865247705881352,
    -0.8721643979863464,
    -1.001426241838879,
    -1.1636053541263496,
    -1.3479967836733024,
    -1.5438955783864432,
    -1.740596785879834,
    -1.9273954538358224,
    -2.0935866304200004,
    -2.228465365221801,
    -2.3213267145615823,
    -2.3742059125630086,
    -2.3978078970166443,
    -2.402837611602359,
    -2.4
  ],
  "theta2": [
    0.5499999999999999,
    0.5587837472478424,
    0.5744300523526387,
    0.5862339677600226,
    0.5834905439994151,
    0.5554948313398961,
    0.4915418810214593,
    0.380926748565281,
    0.23320084432756255,
    0.05906911569426878,
    -0.13076348543723498,
    -0.32559200573333014,
    -0.5147114911778295,
    -0.6874169875326347,
    -0.833003540517358,
    -0.9407661959529802,
    -0.9999999999999999
  ]
}