{
  "startPos": "score_mid_cube",
  "finalPos": "defense",
  "totalTime": 0.69435058983601594,
  "grannyFactor": 1,
  "theta1": [
    -1.411,
    -1.4096943356756086,
    -1.4078746692517039,
    -1.4060550028277992,
    -1.4019680647580386,
    -1.3966667436340319,
    -1.390135758199684,
    -1.3824148795868958,
    -1.3737736003108147,
    -1.3644618478863106,
    -1.3549571146466042,
    -1.3461194668581604,
    -1.3396440190509213,
    -1.3396625809915135,
    -1.3595417467331177,
    -1.3958780266613624,
    -1.4387312803765402,
    -1.4879243150023818,
    -1.5425229852400417,
    -1.6018136107151326,
    -1.6649650535048508,
    -1.731394027891759,
    -1.8004061153966953,
    -1.8715006202195537,
    -1.9410497939956135,
    -2.0026787678333582,
    -2.0569863936113948,
    -2.1043713854329367,
    -2.1451217262681657,
    -2.1794172810876846,
    -2.2072475885162222,
    -2.2285350078699908,
    -2.2435259874528786,
    -2.2530290152478361,
    -2.2580829835712017,
    -2.26
  ],
  "theta2": [
    0.485,
    0.49209232934481939,
    0.50197670263659822,
    0.511861075928377,
    0.53412392824905752,
    0.56313905984352264,
    0.59924499645503082,
    0.64278227457402226,
    0.69312006466043452,
    0.75040778825605392,
    0.81470721412204439,
    0.88601017804639026,
    0.96430571657765818,
    1.0493712062327729,
    1.1330356937520656,
    1.1621011203626646,
    1.1577681597030705,
    1.1341111438584295,
    1.0966482912478495,
    1.0478726628226138,
    0.98984246392576569,
    0.9237487381946794,
    0.850961235083788,
    0.772329069213391,
    0.692372278271311,
    0.6191426437561699,
    0.5528301442499377,
    0.49348547375261814,
    0.44111947477155444,
    0.39571741237754043,
    0.35729721201001763,
    0.32590341038988185,
    0.30147902976915542,
    0.28400328997677909,
    0.27391111799181128,
    0.27
  ]
}