{
  "startPos": "auto_start",
  "finalPos": "score_hybrid",
  "totalTime": 0.37424704378331963,
  "grannyFactor": 1.25,
  "theta1": [
    -2.592,
    -2.592534301318284,
    -2.5943841137948165,
    -2.5976802039753264,
    -2.6024412685841867,
    -2.608584671448042,
    -2.615941357316843,
    -2.624272207977354,
    -2.633284014753495,
    -2.6426443308015197,
    -2.6519952067128103,
    -2.6609662139263146,
    -2.669187368241395,
    -2.6763027024564594,
    -2.681985365551006,
    -2.6859552370341984,
    -2.688
  ],
  "theta2": [
    -0.882,
    -0.8807202794357358,
    -0.8756013973582553,
    -0.8653636335666709,
    -0.8487272684202519,
    -0.8256923030335612,
    -0.7975384568722821,
    -0.7655454499590704,
    -0.7309930024948132,
    -0.6951608347620873,
    -0.6593286670843138,
    -0.6247762198024188,
    -0.5927832132573283,
    -0.5646293677724635,
    -0.5415944036304011,
    -0.524958041032028,
    -0.5160000000000001
  ]
}