{
  "startPos": "auto_start",
  "finalPos": "intake",
  "totalTime": 0.29918873019208325,
  "grannyFactor": 1.25,
  "theta1": [
    -2.592,
    -2.5913461536643,
    -2.5887307684362675,
    -2.58349999821244,
    -2.5749999972473536,
    -2.5632307662533322,
    -2.548846150863967,
    -2.5324999970688107,
    -2.5148461509713274,
    -2.4965384587271893,
    -2.478230766518171,
    -2.4605769205372368,
    -2.4442307669773493,
    -2.4298461520202848,
    -2.418076921821714,
    -2.409576922485101,
    -2.405
  ],
  "theta2": [
    -0.882,
    -0.8822782582824144,
    -0.8832515609997839,
    -0.8850100804369447,
    -0.8875908484729754,
    -0.890976233650079,
    -0.8950962176582385,
    -0.8998338853505473,
    -0.9050328475871443,
    -0.9105054156836841,
    -0.9160408415796218,
    -0.9214134416185245,
    -0.9263907957563658,
    -0.9307424988336133,
    -0.9342502281159962,
    -0.9367202609371424,
    -0.9380000000000001
  ]
}