{
  "startPos": "defense",
  "finalPos": "score_mid_cube",
  "totalTime": 0.93968679003402522,
  "grannyFactor": 1.25,
  "theta1": [
    -2.821,
    -2.8192713221073147,
    -2.8175426442146292,
    -2.8158139663219437,
    -2.8117252680291434,
    -2.8066224726652313,
    -2.8003292561754787,
    -2.7926480593816061,
    -2.7836266396462528,
    -2.7729283261841586,
    -2.7603790960876795,
    -2.7455564006745159,
    -2.7278740151856145,
    -2.7069907811871632,
    -2.68350177738226,
    -2.6571795100561046,
    -2.6277565517369559,
    -2.5948730825870645,
    -2.5580906382136712,
    -2.5170088759811384,
    -2.4713270054525509,
    -2.4206824094888786,
    -2.3660076296996273,
    -2.3087304433795652,
    -2.2489202695305597,
    -2.1865448665110048,
    -2.1215950319770789,
    -2.0563262896438053,
    -1.9942980872993565,
    -1.9364415144939693,
    -1.8836028112083536,
    -1.8366315480897715,
    -1.7962512846772252,
    -1.762235618083718,
    -1.7419920508820534,
    -1.7394843994915083,
    -1.7436683686985166,
    -1.7505522301389664,
    -1.7583931752537738,
    -1.766301801655785,
    -1.7737999425177902,
    -1.7805124078092534,
    -1.7863305232834661,
    -1.7911033570290018,
    -1.7948161315011422,
    -1.7965531552197582,
    -1.7982901789383743,
    -1.8
  ],
  "theta2": [
    -0.9,
    -0.88938775052306662,
    -0.87877550104613322,
    -0.86816325156919982,
    -0.84314617991145224,
    -0.81208381187970446,
    -0.7741306166169204,
    -0.728642612271485,
    -0.67651472441048921,
    -0.617089011074328,
    -0.55082400242278551,
    -0.47757698006458038,
    -0.39722011068742846,
    -0.3109877950097728,
    -0.22372133241005612,
    -0.13645486981033986,
    -0.049188407210623411,
    0.038078055389093118,
    0.12534451798880927,
    0.21261098058852571,
    0.29987744318824211,
    0.38712871364330165,
    0.47259473725281087,
    0.55488128390286251,
    0.63434606956534823,
    0.710813518548908,
    0.78375877547481054,
    0.85000054411884085,
    0.90549504849646378,
    0.9491261891064664,
    0.97953845492881209,
    0.99471272110730657,
    0.99077096586174251,
    0.95530954370140475,
    0.87161915324757311,
    0.78542030450779543,
    0.70526806222418759,
    0.63211604759093509,
    0.565917130062321,
    0.50683658543164545,
    0.45445815755219882,
    0.40960478048895232,
    0.3715982409489102,
    0.340830397566055,
    0.31704848447720135,
    0.3059745150248781,
    0.29490054557255485,
    0.28400000000000003
  ]
}