{
  "startPos": "intake",
  "finalPos": "hold",
  "totalTime": 0.7625558507727004,
  "grannyFactor": 1.25,
  "theta1": [
    -2.405,
    -2.4079484025522655,
    -2.4059680211863905,
    -2.3882332269851396,
    -2.3439184006256957,
    -2.262418587558619,
    -2.1545594310633,
    -2.0311665937300747,
    -1.9030657440360765,
    -1.781082553127058,
    -1.6760426926433376,
    -1.5987718336422754,
    -1.5600956441645795,
    -1.5508060376821684,
    -1.5600773440178988,
    -1.5770838896488522,
    -1.5909999999999986
  ],
  "theta2": [
    -0.9380000000000001,
    -0.9271743244823432,
    -0.8838716234048011,
    -0.7972662243074758,
    -0.6649316542326915,
    -0.497693584023844,
    -0.30637768640033797,
    -0.1018096343038056,
    0.10518490012358392,
    0.30378025039027007,
    0.48315081346552713,
    0.6541222203090165,
    0.8236625675738852,
    0.9809461916299199,
    1.1151474209848282,
    1.215440581971559,
    1.2710000000000008
  ]
}