{
  "startPos": "defense",
  "finalPos": "intake",
  "totalTime": 0.3905672210230424,
  "grannyFactor": 1.25,
  "theta1": [
    -2.821,
    -2.819545454235553,
    -2.8137272713733434,
    -2.8020909060446844,
    -2.7831818134909656,
    -2.7569999949260766,
    -2.7249999949179813,
    -2.688636358641251,
    -2.6493636314645737,
    -2.608636358845605,
    -2.5679090862864857,
    -2.5286363593084222,
    -2.4922727234326194,
    -2.460272724161219,
    -2.4340909069518766,
    -2.4151818171732797,
    -2.405
  ],
  "theta2": [
    -0.9,
    -0.8998011128086899,
    -0.8992506690393314,
    -0.8985823424660978,
    -0.8981176673894703,
    -0.8981859943631116,
    -0.8990683995286333,
    -0.9009553050472094,
    -0.9039167165340031,
    -0.9078889237474356,
    -0.9126798169414722,
    -0.9179890099214045,
    -0.9234358737119175,
    -0.9285906295063445,
    -0.9330075001184412,
    -0.936262312356226,
    -0.9380000000000001
  ]
}