{
  "startPos": "double_substation",
  "finalPos": "double_substation",
  "totalTime": 0.0,
  "grannyFactor": 1.25,
  "theta1": [
    -0.8979999999999998
  ],
  "theta2": [
    0.21699999999999992
  ]
}