{
  "startPos": "double_substation",
  "finalPos": "score_high_cone",
<<<<<<< HEAD
  "totalTime": 0.4332921180504165,
  "theta1": [
    -0.6029999999999996,
    -0.6018724893944298,
    -0.5979768636829424,
    -0.5912006863750568,
    -0.5817541766698638,
    -0.5700589755661711,
    -0.5566594049228009,
    -0.5421606904590621,
    -0.527185168818226,
    -0.5123393150154418,
    -0.4981875652489588,
    -0.4852312028042741,
    -0.4738921679050044,
    -0.4645027051659536,
    -0.4573021920855522,
    -0.4524421974719331,
    -0.44999999999999957
  ],
  "theta2": [
    0.4719999999999994,
    0.47398601436742516,
    0.4819300715964188,
    0.49781818556732393,
    0.5236363694096329,
    0.5593846216293491,
    0.60307692933162,
    0.6527272788750095,
    0.7063496563791737,
    0.7619580478542701,
    0.8175664392557067,
    0.871188816515427,
    0.920839165565375,
    0.9645314723609586,
    1.000279722912335,
    1.0260979033391608,
    1.0399999999999996
=======
  "totalTime": 0.37895928151197295,
  "grannyFactor": 1.25,
  "theta1": [
    -0.6029999999999996,
    -0.602229300342681,
    -0.5995428614395109,
    -0.5948150603957776,
    -0.5881372243043779,
    -0.5797562888503075,
    -0.5700188576608092,
    -0.5593299694274777,
    -0.5481234706125234,
    -0.5368397891745088,
    -0.5259082005978046,
    -0.5157318861107747,
    -0.5066749620325767,
    -0.4990513291706977,
    -0.49311573267548486,
    -0.48905780773699187,
    -0.48699999999999977
  ],
  "theta2": [
    0.4719999999999994,
    0.47332867162042525,
    0.478643357918002,
    0.4892727301405702,
    0.5065454589616193,
    0.5304615432383419,
    0.5596923124767326,
    0.5929090956116984,
    0.6287832213953989,
    0.6659860184962343,
    0.7031888155407247,
    0.739062941137442,
    0.7722797238949581,
    0.8015104924397932,
    0.8254265754403475,
    0.8426993016487804,
    0.8519999999999995
>>>>>>> post_alexandria
  ]
}