{
  "startPos": "double_substation",
  "finalPos": "score_high_cube",
  "totalTime": 0.27486579654004406,
  "grannyFactor": 1.25,
  "theta1": [
    -0.6239999999999999,
    -0.6244307642189516,
    -0.6260690146370433,
    -0.6292001352969866,
    -0.6339892412995314,
    -0.6403929246918453,
    -0.6481990230553818,
    -0.6571122268901725,
    -0.6667933060969374,
    -0.6768791526050667,
    -0.6869930320009447,
    -0.6967512671803668,
    -0.7057684564858602,
    -0.7136625746300508,
    -0.7200612814873191,
    -0.7246117561390826,
    -0.727
  ],
  "theta2": [
    0.17699999999999988,
    0.17750699316048082,
    0.17953496570553826,
    0.18359091059964133,
    0.19018182050510146,
    0.19930769482070348,
    0.21046154097855976,
    0.22313636611034235,
    0.2368251772515822,
    0.25102098139374557,
    0.26521678550626654,
    0.27890559654913655,
    0.2915804214823472,
    0.30273426727533254,
    0.3118601409195589,
    0.31845104945055724,
    0.32199999999999995
  ]
}