{
  "startPos": "auto_start",
  "finalPos": "double_substation",
  "totalTime": 1.1357803003784788,
  "grannyFactor": 1.25,
  "theta1": [
    -2.34,
    -2.33957005829728,
    -2.33914011659456,
    -2.3387101748918395,
    -2.3377284663086377,
    -2.3364168983975784,
    -2.3346604889386597,
    -2.3323182920669092,
    -2.3289809526989051,
    -2.3243714330673466,
    -2.3177785508450039,
    -2.3082773805026782,
    -2.29473758475427,
    -2.2760735494536695,
    -2.2517952579552887,
    -2.2217863345484972,
    -2.1852321823961995,
    -2.1442805532626439,
    -2.0996460954726555,
    -2.0514085571490166,
    -1.99963140114849,
    -1.9444695508405276,
    -1.88602837672582,
    -1.8243772339745825,
    -1.7595631421797568,
    -1.6916071429505177,
    -1.6205008214564756,
    -1.5462024218227683,
    -1.468632097992594,
    -1.3876658575480822,
    -1.3031277068232203,
    -1.2160423642272102,
    -1.1287759016274936,
    -1.0426368427121915,
    -0.96151351503852378,
    -0.8869333601114654,
    -0.819092424685499,
    -0.75777246010160881,
    -0.70263500206538321,
    -0.653392941517216,
    -0.60975478908400349,
    -0.57135236303165216,
    -0.54399401955790017,
    -0.52937000752695762,
    -0.52412068428604008,
    -0.52614033285515194,
    -0.53298374249522884,
    -0.54207902238397387,
    -0.55205384393995993,
    -0.5620022060975699,
    -0.57129345886424687,
    -0.57963836562729754,
    -0.58688340647122927,
    -0.5927282821203812,
    -0.5961879718008255,
    -0.5986304212508835,
    -0.60107287070094162,
    -0.603
  ],
  "theta2": [
    -0.422,
    -0.4110153636327053,
    -0.40003072726541061,
    -0.38904609089811593,
    -0.3648080172736663,
    -0.33386859145462844,
    -0.29577177786807984,
    -0.25086411897124661,
    -0.19826518870827067,
    -0.13910901883400145,
    -0.072870854835995758,
    0.00047830852914501794,
    0.080806466695365217,
    0.1669313442594979,
    0.25419780685921461,
    0.341464269458931,
    0.42832838358345121,
    0.51053875564306628,
    0.58858003053575259,
    0.66359276064710071,
    0.73606299980585488,
    0.8062250744975562,
    0.874114185938362,
    0.93965061101859626,
    1.0026809032465664,
    1.0629899182012272,
    1.1203030535914353,
    1.1742815462403939,
    1.2245118098995862,
    1.27048863145399,
    1.3115911666434079,
    1.3463259339887264,
    1.3738967723713702,
    1.3939425029495649,
    1.4056975587213474,
    1.4093737423072912,
    1.4057373615730224,
    1.3950861951688429,
    1.3773104409920212,
    1.3516255310643588,
    1.3157812539887455,
    1.2636919296717501,
    1.1953791120728083,
    1.1215054374235214,
    1.0413388968960398,
    0.95717326796296687,
    0.87843922994607637,
    0.80652260746551874,
    0.74201811035398046,
    0.68381023816037123,
    0.633345001023009,
    0.58972299006119711,
    0.55271144250706439,
    0.52330833773977192,
    0.50597728149942056,
    0.4937947434819201,
    0.48161220546441963,
    0.472
  ]
}