{
  "startPos": "score_mid_cone",
  "finalPos": "double_substation",
  "totalTime": 0.5703378281291318,
  "grannyFactor": 1.25,
  "theta1": [
    -1.7629999999999995,
    -1.7584706429556316,
    -1.7403532152599421,
    -1.7041183608766912,
    -1.6452367254006786,
    -1.5658356763991246,
    -1.4704445674522737,
    -1.3635927537323715,
    -1.2498095908638973,
    -1.1336244345966258,
    -1.0195666405992303,
    -0.9121655641783373,
    -0.8159505594556197,
    -0.7354509777955911,
    -0.6751961598455637,
    -0.6395556100996851,
    -0.6239999999999999
  ],
  "theta2": [
    0.4480000000000001,
    0.45252935291321916,
    0.4674251086989114,
    0.48815791593215024,
    0.5101984208075443,
    0.5290172689245768,
    0.5400851058827132,
    0.5388725778764795,
    0.520850333480521,
    0.48671313924449866,
    0.44099034808093107,
    0.38821131538210035,
    0.33290539733379665,
    0.27960195035071933,
    0.23283033090330826,
    0.19711989539882813,
    0.17699999999999988
  ]
}