{
  "startPos": "score_hybrid",
  "finalPos": "score_high_cone",
  "totalTime": 0.6542045857060795,
  "grannyFactor": 1.25,
  "theta1": [
    -2.688,
    -2.6811643347948557,
    -2.653821674523008,
    -2.599136355089686,
    -2.5102727141117893,
    -2.3872307549950853,
    -2.2368461395877777,
    -2.065954531440016,
    -1.8813915946465734,
    -1.6899929935518407,
    -1.4985943926250194,
    -1.3140314563888005,
    -1.1431398493658758,
    -0.9927552360254479,
    -0.8697132807119113,
    -0.7808496475200432,
    -0.733
  ],
  "theta2": [
    -0.5160000000000001,
    -0.5094655845949597,
    -0.48379315338021806,
    -0.4337108726306893,
    -0.35907656030544755,
    -0.26479687414812464,
    -0.15651023717443807,
    -0.040091241430946965,
    0.07850711029766173,
    0.1933449458625522,
    0.2985784445177285,
    0.38859162314754486,
    0.4583317895406033,
    0.5049323712653949,
    0.5323518766328256,
    0.5456506549128082,
    0.5499999999999999
  ]
}