{
  "startPos": "intake",
  "finalPos": "score_high_cube",
  "totalTime": 0.827954206220816,
  "grannyFactor": 1.25,
  "theta1": [
    -2.3,
    -2.3126990280652926,
    -2.3369395557821573,
    -2.3588649868368408,
    -2.3646187158416914,
    -2.340344145187614,
    -2.2721847207032977,
    -2.1471199707524424,
    -1.9790064790558197,
    -1.7817008806536534,
    -1.569059826733351,
    -1.3549399760523095,
    -1.1531979916302668,
    -0.9776905391587972,
    -0.842274286128399,
    -0.7608058888313732,
    -0.727
  ],
  "theta2": [
    -0.9899999999999999,
    -0.9761433264807429,
    -0.9207166335691769,
    -0.8098632511666481,
    -0.6571469799965286,
    -0.4764244887599218,
    -0.28155244849862904,
    -0.08638753090141431,
    0.09521359217949495,
    0.24939424904670296,
    0.3622977686314834,
    0.42006748211148653,
    0.43356723055772084,
    0.4166536839730512,
    0.3831835146877436,
    0.3470133956955147,
    0.32199999999999995
  ]
}