{
  "startPos": "score_high_cube",
  "finalPos": "score_mid_cone",
  "totalTime": 0.5294007938399129,
  "grannyFactor": 1.25,
  "theta1": [
    -0.727,
    -0.730622378191757,
    -0.745111890599449,
    -0.7740909146877063,
    -0.8211818268002725,
    -0.8863846247068788,
    -0.9660769324140577,
    -1.0566363728138244,
    -1.1544405684415482,
    -1.2558671416691363,
    -1.3572937147867639,
    -1.4550979100495787,
    -1.545657349712729,
    -1.6253496560663898,
    -1.690552451482468,
    -1.737643358496333,
    -1.7629999999999995
  ],
  "theta2": [
    0.32199999999999995,
    0.32526422535763194,
    0.3375652290184582,
    0.3579650613002654,
    0.38391345667423027,
    0.4125636761409768,
    0.44099897979267544,
    0.4663470727749602,
    0.4859270294504577,
    0.4976558786591181,
    0.5009440550657946,
    0.49705944545034497,
    0.4880422076410981,
    0.47622677539562236,
    0.46404605071905,
    0.4539010970150644,
    0.4480000000000001
  ]
}