{
  "startPos": "double_substation",
  "finalPos": "defense",
  "totalTime": 0.6940927360527107,
  "grannyFactor": 1.25,
  "theta1": [
    -0.898,
    -0.9061638031120389,
    -0.9388190146736707,
    -1.0041294359255948,
    -1.1102588650405656,
    -1.2513735627824358,
    -1.4193097327111186,
    -1.6059035754212792,
    -1.8029912907233698,
    -2.0024090783240567,
    -2.1959931383867164,
    -2.375579672738444,
    -2.5330048862873134,
    -2.660104990842854,
    -2.7487162215075895,
    -2.799626649197509,
    -2.821
  ],
  "theta2": [
    0.2899999999999999,
    0.2966247904150507,
    0.30833537137158745,
    0.31696794479139806,
    0.3143587112288662,
    0.29234387105258336,
    0.2427596253239985,
    0.15744217816086595,
    0.04391936991140792,
    -0.0896450014682878,
    -0.23508713480141127,
    -0.3842432278859788,
    -0.5289494782006233,
    -0.6610420831123751,
    -0.7723572399931977,
    -0.8547311463399111,
    -0.9
  ]
}