{
  "startPos": "auto_start",
  "finalPos": "intake",
  "totalTime": 0.3651665514902821,
  "grannyFactor": 1.25,
  "theta1": [
    -2.64,
    -2.6388111885402856,
    -2.634055942872395,
    -2.6245454518825704,
    -2.6090909049903592,
    -2.5876923032568935,
    -2.5615384570959705,
    -2.5318181774516613,
    -2.499720275437722,
    -2.4664335622456837,
    -2.433146849105963,
    -2.4010489472656436,
    -2.3713286679718077,
    -2.345174822454873,
    -2.3237762219063702,
    -2.3083216774400555,
    -2.3
  ],
  "theta2": [
    -0.9400000000000001,
    -0.9400626154304881,
    -0.9403427912962659,
    -0.940995790668342,
    -0.942193146024045,
    -0.9440867046040831,
    -0.9467805960958836,
    -0.950310497115969,
    -0.9546312901328092,
    -0.9596142731978623,
    -0.965053386396799,
    -0.9706781601008878,
    -0.976170788966863,
    -0.9811858094261201,
    -0.985372454224204,
    -0.9884014604201447,
    -0.9899999999999999
  ]
}