{
  "startPos": "score_mid_cone",
  "finalPos": "hold",
  "totalTime": 0.7018372304883901,
  "grannyFactor": 1.25,
  "theta1": [
    -1.7629999999999997,
    -1.754559870546713,
    -1.7207993595694377,
    -1.663747507862348,
    -1.591844434751515,
    -1.5135302648291724,
    -1.4372451240040949,
    -1.371429138185065,
    -1.32452243196435,
    -1.3049651246682143,
    -1.3173929291819506,
    -1.3533657228882545,
    -1.4044433776841705,
    -1.4621857637113418,
    -1.5181527502736092,
    -1.5639042061960686,
    -1.5909999999999986
  ],
  "theta2": [
    0.39999999999999997,
    0.3915598825550883,
    0.3707580725664058,
    0.3460346814604965,
    0.32582982856345755,
    0.31858363466426476,
    0.33273621908916795,
    0.37672769326574906,
    0.45430059096183173,
    0.5570147947323549,
    0.676430178668625,
    0.8041066141800747,
    0.9316039714083474,
    1.050482119776969,
    1.1523009282573182,
    1.2286202655153486,
    1.2710000000000008
  ]
}