{
  "startPos": "intake",
  "finalPos": "hold",
  "totalTime": 0.76255585081962785,
  "grannyFactor": 1.25,
  "theta1": [
    -2.405,
    -2.3995626651218869,
    -2.3907447163240318,
    -2.3735602103203939,
    -2.3560401726601565,
    -2.3581656484170828,
    -2.3868098025320981,
    -2.4248350252385826,
    -2.4697390465869766,
    -2.5216677965306635,
    -2.5805895886055343,
    -2.6464264471433578,
    -2.7191236082990922,
    -2.7929239532166239,
    -2.8638037903539222,
    -2.9284054898065515,
    -2.9717087188987916,
    -2.9905533684712671,
    -2.9862206544613796,
    -2.9634652843720644,
    -2.9250746791341284,
    -2.8739854628158374,
    -2.8132050932145507,
    -2.7452290897646092,
    -2.6718239871662877,
    -2.5962365740359474,
    -2.5191052596075911,
    -2.4403068566086805,
    -2.3599034862115951,
    -2.2779029543568483,
    -2.1942962333069325,
    -2.1095024939575024,
    -2.02808164554733,
    -1.9534883689985127,
    -1.8856771452224685,
    -1.8254201870057354,
    -1.7717944088592308,
    -1.7250804392482573,
    -1.6857141813218992,
    -1.653996497690581,
    -1.629624313642033,
    -1.6175049196594291,
    -1.6053855256768252,
    -1.5932661316942214,
    -1.5909999999999982
  ],
  "theta2": [
    -0.93800000000000006,
    -0.93467840542509406,
    -0.92917268581040235,
    -0.91714970293835307,
    -0.89659873015603,
    -0.86909738769681921,
    -0.83746791860346814,
    -0.80859813112162982,
    -0.77863451699008268,
    -0.745800134722213,
    -0.7088363645447503,
    -0.66637783368313763,
    -0.61630515527091512,
    -0.55953615992252159,
    -0.49511923763944354,
    -0.41810306885237003,
    -0.33673669636761527,
    -0.25104390735175725,
    -0.16377744475204109,
    -0.076510982152324714,
    0.010755480447391915,
    0.09797500599293904,
    0.18385261453011476,
    0.26781326084536877,
    0.34987263061760565,
    0.42803499740660611,
    0.50329796073332311,
    0.5765592491425795,
    0.64854464660481248,
    0.71967518441936107,
    0.790260831164107,
    0.86033468939124413,
    0.92647869803525451,
    0.98629740690801548,
    1.0401712520485209,
    1.0876987136787704,
    1.129810690295022,
    1.1663802383088415,
    1.1971334119225114,
    1.2218827955877356,
    1.2408912905984024,
    1.2503386898435396,
    1.2597860890886767,
    1.2692334883338141,
    1.2710000000000008
  ]
}