{
  "startPos": "intake",
  "finalPos": "double_substation",
  "totalTime": 0.8818827131819013,
  "grannyFactor": 1.25,
  "theta1": [
    -2.405,
    -2.413279049878566,
    -2.421371711047817,
    -2.412533481703365,
    -2.370019858986429,
    -2.2770863448817216,
    -2.1224080707673814,
    -1.9227295403878362,
    -1.6947952633570373,
    -1.4553497503962338,
    -1.2211375124772563,
    -1.0089030603135614,
    -0.8353909034907817,
    -0.7173455455127463,
    -0.6539282740310974,
    -0.6283945924926309,
    -0.6239999999999999
  ],
  "theta2": [
    -0.9380000000000001,
    -0.9212554880746587,
    -0.8542774447915638,
    -0.7276920221197587,
    -0.5582437259178595,
    -0.36267706548592776,
    -0.1577365511344097,
    0.039833306487839046,
    0.21328799676789295,
    0.34588300978252323,
    0.42087383830910985,
    0.4349181582022081,
    0.4047604783332226,
    0.3471453103795867,
    0.27881716654269795,
    0.2165205590897559,
    0.17699999999999988
  ]
}