{
  "startPos": "score_hybrid",
  "finalPos": "double_substation",
  "totalTime": 0.800807857671538,
  "grannyFactor": 1.25,
  "theta1": [
    -2.688,
    -2.681392424912161,
    -2.64903217608085,
    -2.578381556278401,
    -2.4569029148423405,
    -2.287532800884417,
    -2.0828089766439786,
    -1.8552692896736764,
    -1.617451613256016,
    -1.3818938323424907,
    -1.161133838266619,
    -0.9677095262626924,
    -0.8141587941341176,
    -0.7130195272178698,
    -0.6559718880807202,
    -0.6304780056687158,
    -0.6239999999999999
  ],
  "theta2": [
    -0.5160000000000001,
    -0.5034620942972329,
    -0.4533104737175329,
    -0.3608909889379574,
    -0.23874154250552046,
    -0.09940003870051162,
    0.0445956177114617,
    0.18070752184346217,
    0.2963977689298811,
    0.37912845469042655,
    0.4163616765780811,
    0.4106621524459152,
    0.3745677857653535,
    0.32061648169171225,
    0.2613461457199954,
    0.2092946833820549,
    0.17699999999999988
  ]
}