{
  "startPos": "score_mid_cone",
  "finalPos": "intake",
  "totalTime": 0.6076978022530737,
  "grannyFactor": 1.25,
  "theta1": [
    -1.3300000000000003,
    -1.3346790003762397,
    -1.3522525259182077,
    -1.3848120690904164,
    -1.4317036062212145,
    -1.4904319824888657,
    -1.557765900228392,
    -1.6301745354563046,
    -1.704045180975182,
    -1.7758525329774635,
    -1.8423750473395362,
    -1.900913959046422,
    -1.9495617336286823,
    -1.9874267441595654,
    -2.014592686327676,
    -2.031794534317523,
    -2.04
  ],
  "theta2": [
    1.0799999999999998,
    1.0745209782008043,
    1.0526048914228205,
    1.0087727187495839,
    0.9375454408298922,
    0.8389230613239453,
    0.7183845989630713,
    0.5814090740940869,
    0.43347550752872926,
    0.2800629202774217,
    0.1266503334426714,
    -0.021283231840460434,
    -0.15825875445107182,
    -0.27879721333213586,
    -0.37741958756066707,
    -0.44864685647629843,
    -0.48699999999999977
  ]
}