{
  "startPos": "defense",
  "finalPos": "auto_start",
  "totalTime": 0.25144270048787115,
  "grannyFactor": 1.25,
  "theta1": [
    -2.7029999999999994,
    -2.7026118879834446,
    -2.7010594399982857,
    -2.697954544191996,
    -2.6929090889649037,
    -2.685923074820121,
    -2.6773846132783046,
    -2.6676818161115268,
    -2.657202795172315,
    -2.64633566235007,
    -2.6354685295526306,
    -2.624989508695737,
    -2.615286711695129,
    -2.6067482504586454,
    -2.599762236875687,
    -2.594716782798781,
    -2.592
  ],
  "theta2": [
    -0.9149999999999999,
    -0.9147927531995772,
    -0.9140726397383645,
    -0.9128009653866325,
    -0.9109922561897225,
    -0.908702228410263,
    -0.9060156707663075,
    -0.9030365752075349,
    -0.8998805415641189,
    -0.8966688504978405,
    -0.8935236241532105,
    -0.8905636457995083,
    -0.8879005481282763,
    -0.885635191456508,
    -0.8838541535669796,
    -0.8826263595773125,
    -0.882
  ]
}