{
  "startPos": "double_substation",
  "finalPos": "score_high_cube",
  "totalTime": 0.274865796540044,
  "grannyFactor": 1.25,
  "theta1": [
    -0.6239999999999999,
    -0.6244314082176744,
    -0.6260709568096477,
    -0.6292034639708897,
    -0.6339937997085374,
    -0.6403984716496541,
    -0.648205355599868,
    -0.657118621243969,
    -0.666799335116909,
    -0.6768845251391805,
    -0.686997561136391,
    -0.6967548500220339,
    -0.7057710687718021,
    -0.7136642685315672,
    -0.7200621848825717,
    -0.7246120716567098,
    -0.727
  ],
  "theta2": [
    0.17699999999999988,
    0.17750699316048082,
    0.17953496570553826,
    0.18359091059964133,
    0.19018182050510146,
    0.19930769482070348,
    0.21046154097855976,
    0.22313636611034235,
    0.2368251772515822,
    0.25102098139374557,
    0.26521678550626654,
    0.27890559654913655,
    0.2915804214823472,
    0.30273426727533254,
    0.3118601409195589,
    0.31845104945055724,
    0.32199999999999995
  ]
}