{
  "startPos": "score_mid_cone",
  "finalPos": "score_mid_cube",
  "totalTime": 0.2863821731524777,
  "grannyFactor": 1.25,
  "theta1": [
    -1.7629999999999995,
    -1.7632229709759424,
    -1.7639884878371945,
    -1.7653396713053549,
    -1.767271417057034,
    -1.769737859504719,
    -1.7726605054898765,
    -1.7759360291742747,
    -1.779443327150189,
    -1.7830498037688576,
    -1.7866170314312153,
    -1.7900059852194006,
    -1.793082051054901,
    -1.7957199828021406,
    -1.7978089442342045,
    -1.7992577099293658,
    -1.8000000000000003
  ],
  "theta2": [
    0.4480000000000001,
    0.44742657325995466,
    0.44513286640492616,
    0.44054545290765007,
    0.4330909065688698,
    0.4227692280412335,
    0.4101538434214965,
    0.3958181791325576,
    0.38033566170168137,
    0.36427971770396694,
    0.34822377373843066,
    0.33274125641433905,
    0.31840559234095867,
    0.30579020811730584,
    0.2954685303184797,
    0.28801398547174484,
    0.284
  ]
}