{
  "startPos": "score_high_cube",
  "finalPos": "intake",
  "totalTime": 0.7960603807066539,
  "grannyFactor": 1.25,
  "theta1": [
    -0.727,
    -0.7290469849065694,
    -0.7475041222040837,
    -0.794687619837136,
    -0.88291367898664,
    -1.018875500287601,
    -1.190256866283618,
    -1.3847415471749418,
    -1.5900133109097334,
    -1.7937559249158177,
    -1.983653157102311,
    -2.1473887775277047,
    -2.272646567536557,
    -2.348220372007835,
    -2.3864263997781707,
    -2.399580869543381,
    -2.4
  ],
  "theta2": [
    0.32199999999999995,
    0.33431623530992327,
    0.36465053091841243,
    0.4006866528226512,
    0.4301083654193418,
    0.4405994328628617,
    0.41984361978854134,
    0.3555246936453414,
    0.242214598229469,
    0.09222956646749458,
    -0.08211416589912525,
    -0.2685003621940708,
    -0.45461278527593796,
    -0.628135197844107,
    -0.7767513625781283,
    -0.8881450422617139,
    -0.9499999999999998
  ]
}