{
  "startPos": "auto_start",
  "finalPos": "double_substation",
  "totalTime": 1.3154126461289661,
  "grannyFactor": 1.25,
  "theta1": [
    -2.592,
    -2.5923874064457695,
    -2.5927748128915384,
    -2.5931622193373074,
    -2.5938131906540507,
    -2.594710168924665,
    -2.5957301249474467,
    -2.5966914866903394,
    -2.5973424829225258,
    -2.5973761138808227,
    -2.5962499880878864,
    -2.5933582344823058,
    -2.587590864365271,
    -2.578022395940275,
    -2.5642229430987649,
    -2.5457506539199293,
    -2.5221143525382175,
    -2.4928596108413039,
    -2.458085011538067,
    -2.4192627166592588,
    -2.3766371794924588,
    -2.3304392388030792,
    -2.2807574199860126,
    -2.2276027821143538,
    -2.1714017933885357,
    -2.1121602704304596,
    -2.0498687860081306,
    -1.9848634477509615,
    -1.9170977867942849,
    -1.8465282249185908,
    -1.7733722944211914,
    -1.6976088768296189,
    -1.6190708779415153,
    -1.5377792722100629,
    -1.4536712363716888,
    -1.3670681954212927,
    -1.2798017328215761,
    -1.1925352702218597,
    -1.1056190465318323,
    -1.0224723335954859,
    -0.94519289594343547,
    -0.87446286309827514,
    -0.81045307859846294,
    -0.75278956811725561,
    -0.7011043351847368,
    -0.6551252679041738,
    -0.614622413569858,
    -0.57982955268114356,
    -0.5556426528862719,
    -0.54076392596477207,
    -0.53305909196129342,
    -0.53134691864927974,
    -0.53435343051904671,
    -0.54080803589845328,
    -0.54959063341075731,
    -0.55946988006812681,
    -0.56954577853612942,
    -0.57932575812211828,
    -0.58846482378868359,
    -0.596789636788839,
    -0.60410565686438145,
    -0.61003068824596374,
    -0.61502131810563776,
    -0.61740253196173489,
    -0.619783745817832,
    -0.62216495967392915,
    -0.624
  ],
  "theta2": [
    -0.882,
    -0.86988859460957291,
    -0.85777718921914581,
    -0.84566578382871871,
    -0.82447023693571952,
    -0.79440583007172716,
    -0.75629650300284468,
    -0.71080104858021409,
    -0.65817838475465262,
    -0.59893247404816252,
    -0.532674326857512,
    -0.459611946262547,
    -0.37926683717235193,
    -0.29302374090932271,
    -0.20575727830960619,
    -0.11849081570988995,
    -0.031224353110173571,
    0.056042109489543052,
    0.14209525140757426,
    0.22385689872285014,
    0.30270061792316932,
    0.37958300851361654,
    0.45491177459971033,
    0.52883371157244774,
    0.60152159747664835,
    0.67291207214385051,
    0.74287143747594442,
    0.81141097067420143,
    0.87833572888472988,
    0.94339484473076107,
    1.0065069329990968,
    1.0674179753414585,
    1.1256822298688649,
    1.1809725823623742,
    1.2328442053131687,
    1.2803921979187058,
    1.3219633695710744,
    1.3567982725149565,
    1.3843605156366316,
    1.4033460076254476,
    1.4134932935831359,
    1.4151311000187019,
    1.4086773196557014,
    1.3943495193505604,
    1.3719069719487562,
    1.3403204381933984,
    1.2967367462198593,
    1.2357848031247691,
    1.1653546546613471,
    1.0892995776323944,
    1.007098662250145,
    0.92041564343067894,
    0.8331491808309629,
    0.7459489483829479,
    0.66070565688577032,
    0.5823558272244429,
    0.51038414531891074,
    0.44582455907331475,
    0.38833162749699857,
    0.33750812499588589,
    0.29377739089695026,
    0.25880907351414462,
    0.22945489537037744,
    0.21554346325309773,
    0.201632031135818,
    0.18772059901853833,
    0.17700000000000005
  ]
}