{
  "startPos": "hold",
  "finalPos": "score_mid_cone",
  "totalTime": 0.43452484948959796,
  "grannyFactor": 1.25,
  "theta1": [
    -1.591,
    -1.5951728796565106,
    -1.6050380162413118,
    -1.6223614414441287,
    -1.6458618408783006,
    -1.6739349561621726,
    -1.7038971845062179,
    -1.732452270955809,
    -1.7565080873063705,
    -1.7738432424820281,
    -1.7845171500944752,
    -1.789465244758174,
    -1.7896728591242583,
    -1.7871417202939752,
    -1.7833292229222504,
    -1.7791029038751891,
    -1.7749882111783526,
    -1.7712904343178719,
    -1.7682079757016793,
    -1.7658168343750906,
    -1.7641612581827748,
    -1.7634885495685779,
    -1.763
  ],
  "theta2": [
    1.271,
    1.2668772974239351,
    1.2571102960207889,
    1.2397688413780792,
    1.2154381144873323,
    1.1841022688135237,
    1.1457892027198331,
    1.1004715777003435,
    1.048195696239542,
    0.98892822090824262,
    0.92267539512868391,
    0.8496220959531231,
    0.778234763868888,
    0.71382212689806879,
    0.65639275339577319,
    0.60595706116521986,
    0.56251019172489736,
    0.52597918155741707,
    0.496608522427163,
    0.47419828880945392,
    0.45878571490491094,
    0.4525376268962083,
    0.44799999999999995
  ]
}