{
  "startPos": "intake",
  "finalPos": "hold",
  "totalTime": 0.7703722815129017,
  "grannyFactor": 1.25,
  "theta1": [
    -2.3,
    -2.306099145349628,
    -2.3132346402936417,
    -2.3102445131096,
    -2.2859667896546987,
    -2.229239506905092,
    -2.1407696374955587,
    -2.031719157600961,
    -1.9132500568714859,
    -1.7965243291342394,
    -1.6927039689765762,
    -1.6129509704314613,
    -1.5684273242798294,
    -1.5551323990130281,
    -1.56190420129177,
    -1.5775807342717842,
    -1.5909999999999986
  ],
  "theta2": [
    -0.955,
    -0.9438380010076184,
    -0.8991900059993316,
    -0.8098940189381891,
    -0.6743700962664791,
    -0.5037802324689724,
    -0.3092864238499467,
    -0.10205066694327014,
    0.10676504243682228,
    0.3059987133044424,
    0.4844883915706448,
    0.6533960176388011,
    0.8220573547978162,
    0.9793104172499777,
    1.1139932104091594,
    1.2149437373121994,
    1.2710000000000008
  ]
}