{
  "startPos": "score_mid_cone",
  "finalPos": "auto_start",
  "totalTime": 0.78082531388722021,
  "grannyFactor": 1.25,
  "theta1": [
    -1.33,
    -1.3299299753993459,
    -1.3282330549491121,
    -1.3264339319390883,
    -1.3221714434503211,
    -1.3166986003076808,
    -1.3109042259936594,
    -1.3082216457147031,
    -1.3229902476164546,
    -1.3491631327471956,
    -1.3823222929889754,
    -1.4224213597827149,
    -1.4695860853634757,
    -1.5237030872087232,
    -1.5847746548584718,
    -1.6527832635926782,
    -1.7230020186334809,
    -1.7906111518700423,
    -1.8554793502748126,
    -1.9174525403111256,
    -1.9764218246964753,
    -2.0322088771933067,
    -2.0844771633784052,
    -2.1331644088556088,
    -2.1780267080392641,
    -2.2187725035039634,
    -2.25528211567777,
    -2.287381515113549,
    -2.3132738318065176,
    -2.3305252751458019,
    -2.3407804292923906,
    -2.3460740562731255,
    -2.3479749839839226,
    -2.34782318734342,
    -2.3465884605160783,
    -2.3449403093005126,
    -2.3432982416023691,
    -2.3419252608068857,
    -2.3409988523634966,
    -2.340499426181748,
    -2.34
  ],
  "theta2": [
    1.08,
    1.0802877260612482,
    1.0872602504717443,
    1.0946638332356708,
    1.1125974851628397,
    1.1371092414786703,
    1.168802992367056,
    1.2074317466520064,
    1.2414857100599397,
    1.2437611062749394,
    1.2321029587418204,
    1.2101659593113503,
    1.1784852283036287,
    1.1372812867158022,
    1.0863305795708194,
    1.0252251746927159,
    0.95789558983037071,
    0.88931894011952484,
    0.81997853332488213,
    0.7502162778888839,
    0.6802668156296412,
    0.61025868017086526,
    0.54020112282123756,
    0.4699085803902816,
    0.39882309991996556,
    0.32565887515015873,
    0.24906736678554217,
    0.16685421837071307,
    0.0807152778763491,
    0.00040572838047452488,
    -0.072860826481473587,
    -0.1392043964441029,
    -0.19851239105015087,
    -0.25082309623844951,
    -0.29615591500274996,
    -0.33446123457133969,
    -0.36589383827272121,
    -0.38980122828231745,
    -0.40542161098300006,
    -0.41371080549149997,
    -0.422
  ]
}