{
  "startPos": "score_mid_cone",
  "finalPos": "score_mid_cone",
  "totalTime": 0.0,
  "grannyFactor": 1.25,
  "theta1": [
    -1.7629999999999995
  ],
  "theta2": [
    0.4480000000000001
  ]
}