{
  "startPos": "double_substation",
  "finalPos": "score_hybrid",
  "totalTime": 0.6352563397114448,
  "grannyFactor": 1.25,
  "theta1": [
    -0.898,
    -0.9042587420785851,
    -0.9292937098755223,
    -0.9793636444224153,
    -1.060727285136917,
    -1.1733846288076804,
    -1.311076936521412,
    -1.4675454677600388,
    -1.6365314814919574,
    -1.8117762364501964,
    -1.987020991250101,
    -2.1560070044565802,
    -2.3124755346345434,
    -2.4501678403993368,
    -2.5628251804839897,
    -2.644188813856901,
    -2.688
  ],
  "theta2": [
    0.2899999999999999,
    0.29127871026236735,
    0.2931024622246005,
    0.2916944329239567,
    0.2828384763836135,
    0.2623060291393302,
    0.22622211425763164,
    0.1718576741636719,
    0.10007566801887591,
    0.0147475858324271,
    -0.07923081541865012,
    -0.17651660990665066,
    -0.27153386022475207,
    -0.358623536749456,
    -0.4321154800941017,
    -0.4863926281175384,
    -0.5160000000000001
  ]
}