{
  "startPos": "double_substation",
  "finalPos": "auto_start",
  "totalTime": 1.2350700491144726,
  "grannyFactor": 1.25,
  "theta1": [
    -0.89800000000000013,
    -0.89661122311440422,
    -0.89476812774683556,
    -0.8929250323792669,
    -0.891081937011698,
    -0.88683620738134561,
    -0.88197786577430859,
    -0.87618242115103806,
    -0.86953943891361607,
    -0.862239941490882,
    -0.854533190525502,
    -0.84673392239301359,
    -0.83936137929652843,
    -0.83324951113320822,
    -0.82969828478522423,
    -0.830004811724368,
    -0.83607302169162323,
    -0.84988984786947719,
    -0.87544465534303084,
    -0.90952751382497765,
    -0.94925233489569782,
    -0.99485171758621593,
    -1.0467804566368955,
    -1.1054413997328436,
    -1.1707203361399379,
    -1.2416597943887164,
    -1.3175039685011698,
    -1.3974825998755811,
    -1.4807261755588961,
    -1.5635404740169352,
    -1.6438112934200944,
    -1.7216131275899713,
    -1.7969864662004476,
    -1.8699085592082845,
    -1.9402679819657069,
    -2.0081178147076084,
    -2.0734053628734612,
    -2.1360227677774866,
    -2.1956510137593,
    -2.2523983141474027,
    -2.3061307838187415,
    -2.3565022435661889,
    -2.4034169222326067,
    -2.4468035935576862,
    -2.4864675940404251,
    -2.521952580270268,
    -2.5519673112379069,
    -2.5766455418873306,
    -2.5964226100944923,
    -2.6117663035045364,
    -2.6230369595912006,
    -2.6305151103312134,
    -2.6351796772752905,
    -2.6379699140316171,
    -2.6393983548498858,
    -2.640102462195534,
    -2.640348276271014,
    -2.6403501418902109,
    -2.6402639566387416,
    -2.640180494236652,
    -2.6401203294911015,
    -2.6400601647455506,
    -2.64
  ],
  "theta2": [
    0.29000000000000004,
    0.300046090740434,
    0.31337861628713071,
    0.32671114183382738,
    0.34004366738052405,
    0.370978407839068,
    0.406606779861455,
    0.44965186382675604,
    0.50019796179831488,
    0.557939560066047,
    0.6224978853119314,
    0.69377327079508055,
    0.77241403647168538,
    0.85746302343353031,
    0.944678990828707,
    1.0319454534284236,
    1.1176530268081823,
    1.1977977303220739,
    1.2710529151104633,
    1.32257808689525,
    1.3543356976571668,
    1.3729443885081487,
    1.3802853683528775,
    1.3769211899741529,
    1.3627438332492936,
    1.3384993877874629,
    1.3046979504510654,
    1.2619603105736903,
    1.2108616549666746,
    1.1542616063282662,
    1.0944445675122947,
    1.0320241404989026,
    0.96745390695691091,
    0.90105396176538566,
    0.83304513627377241,
    0.76369971846784557,
    0.693175158874414,
    0.6215742471265856,
    0.548902848366971,
    0.47526915408413428,
    0.40062985471900303,
    0.32476684462290162,
    0.24733672383501443,
    0.16765861802691367,
    0.084607688535120018,
    -0.0020493973820162187,
    -0.089315859981732637,
    -0.17658232258144912,
    -0.26384878518116539,
    -0.35111524778088177,
    -0.43718414276492834,
    -0.51741598933057831,
    -0.5906322291658459,
    -0.65713828201815339,
    -0.71613170565203577,
    -0.76859789393704314,
    -0.81411364856495816,
    -0.85220678151232754,
    -0.88245522846788682,
    -0.90418667543813624,
    -0.91612445029209089,
    -0.92806222514604542,
    -0.94
  ]
}