{
  "startPos": "intake",
  "finalPos": "defense",
  "totalTime": 0.4492270634955954,
  "grannyFactor": 1.25,
  "theta1": [
    -2.3,
    -2.302213287123268,
    -2.3110664353576014,
    -2.328772731302701,
    -2.3575454607511728,
    -2.397384622097113,
    -2.44607692980013,
    -2.501409097517325,
    -2.561167838648998,
    -2.623139866477746,
    -2.685111894227317,
    -2.744870635096236,
    -2.8002028022830294,
    -2.8488951090114436,
    -2.888734268564077,
    -2.9175069943412284,
    -2.933
  ],
  "theta2": [
    -0.955,
    -0.9537215504751678,
    -0.9493358088949655,
    -0.9418211701381737,
    -0.9315517486642789,
    -0.919133132997468,
    -0.9052864179421236,
    -0.8907705790200917,
    -0.8763250397815132,
    -0.8626217413566561,
    -0.8502222969067024,
    -0.8395412109090064,
    -0.8308214188469453,
    -0.824131272372467,
    -0.8193889689163036,
    -0.8164136332537106,
    -0.8150000000000001
  ]
}