{
  "startPos": "double_substation",
  "finalPos": "score_high_cube",
  "totalTime": 0.26706393825745967,
  "grannyFactor": 1.25,
  "theta1": [
    -0.8599999999999997,
    -0.8595349648900374,
    -0.8576748245416531,
    -0.8539545440299641,
    -0.8479090887153757,
    -0.8395384591655737,
    -0.8293076899310005,
    -0.8176818158457612,
    -0.8051258718347372,
    -0.7921048928644161,
    -0.7790839139220886,
    -0.7665279700039617,
    -0.7549020961062415,
    -0.7446713272162188,
    -0.7363006983003803,
    -0.7302552442836063,
    -0.727
  ],
  "theta2": [
    0.19200000000000006,
    0.19246185706520222,
    0.19430477787096562,
    0.19798155478905535,
    0.20393122206089415,
    0.21212259769170672,
    0.22212282329682667,
    0.23348420181321547,
    0.24575432920735973,
    0.2584786554289797,
    0.27120155798737317,
    0.2834669505196649,
    0.29481873595122887,
    0.3048012572303229,
    0.31295989688614106,
    0.31884212699921993,
    0.32199999999999995
  ]
}