{
  "startPos": "double_substation",
  "finalPos": "auto_start",
  "totalTime": 0.8401864765434603,
  "grannyFactor": 1.25,
  "theta1": [
    -0.6239999999999999,
    -0.6201744226869349,
    -0.6231776197854239,
    -0.6474895322739783,
    -0.7075901020750502,
    -0.8179592667748719,
    -0.9829619030981545,
    -1.188118068329553,
    -1.4189478144989993,
    -1.6609711926451107,
    -1.899708253582171,
    -2.1206790483557745,
    -2.309403629021206,
    -2.451402053078542,
    -2.536180964761138,
    -2.578220300346151,
    -2.592
  ],
  "theta2": [
    0.17699999999999988,
    0.19147994960961978,
    0.23566044258287186,
    0.2950615301051097,
    0.35520326218057224,
    0.4016056885415983,
    0.41978885898151214,
    0.39527282378397777,
    0.313577635841935,
    0.18303989974749088,
    0.018139561177886863,
    -0.16664343165989598,
    -0.3568291298742289,
    -0.5379375844489143,
    -0.6954888464803974,
    -0.815002967479861,
    -0.882
  ]
}