{
  "startPos": "auto_start",
  "finalPos": "score_mid_cone",
  "totalTime": 0.5753717658420956,
  "grannyFactor": 1.25,
  "theta1": [
    -2.592,
    -2.5885272431776603,
    -2.575682191818102,
    -2.5515794125976416,
    -2.5151154410807535,
    -2.4662348574701203,
    -2.405964869244088,
    -2.3361744728445766,
    -2.259308548396638,
    -2.1781979139707017,
    -2.0959339295918697,
    -2.015780758612588,
    -1.9410937660163605,
    -1.8752473217574783,
    -1.8215613939194153,
    -1.783202111809639,
    -1.7629999999999995
  ],
  "theta2": [
    -0.882,
    -0.8773496497384767,
    -0.8587482491322078,
    -0.821545448816427,
    -0.7610909009525529,
    -0.677384607662441,
    -0.5750769163394486,
    -0.4588181759593696,
    -0.3332587359657685,
    -0.2030489460141759,
    -0.07283915587076677,
    0.052720284640767875,
    0.1689790256747015,
    0.2712867174007408,
    0.3549930100521474,
    0.41544755400878247,
    0.4480000000000001
  ]
}