{
  "startPos": "score_high_cube",
  "finalPos": "defense",
  "totalTime": 1.2022107174692209,
  "grannyFactor": 1,
  "theta1": [
    -0.727,
    -0.72675044950168044,
    -0.72449280688751649,
    -0.72223516427335266,
    -0.71997752165918871,
    -0.7167240150245634,
    -0.71131958994751043,
    -0.7047805918893375,
    -0.69727155653532014,
    -0.6888734010301174,
    -0.67982776540745837,
    -0.67047870964805512,
    -0.66137768474660374,
    -0.65341636332961051,
    -0.6479539159851555,
    -0.64682062630792259,
    -0.65167258024084,
    -0.66426467137869316,
    -0.68723275127843231,
    -0.72160287859674543,
    -0.76181446473760472,
    -0.80751955895203975,
    -0.85907377968999177,
    -0.91684487853006857,
    -0.98126339847592414,
    -1.0524163275611902,
    -1.1296708802746704,
    -1.2122105340660521,
    -1.2986825796966159,
    -1.385944707597607,
    -1.4725140320179355,
    -1.5568198041843839,
    -1.6388973662592399,
    -1.7189335346010868,
    -1.7970725951973545,
    -1.8734246784585467,
    -1.9480722236210168,
    -2.0210751142572732,
    -2.0924749921313346,
    -2.1622992520482782,
    -2.2305591515045791,
    -2.2966807746023479,
    -2.359728451979453,
    -2.41971951970588,
    -2.4766387248701216,
    -2.5305023061339216,
    -2.5814123377678468,
    -2.6295108429864653,
    -2.6748839111573632,
    -2.717251866540344,
    -2.7548653093217021,
    -2.7877884238387787,
    -2.8166040234858727,
    -2.8417946836550687,
    -2.8633935625083708,
    -2.8819098757158637,
    -2.8974200845816678,
    -2.9098659195525789,
    -2.9193436479193222,
    -2.9238957652795481,
    -2.928447882639774,
    -2.933
  ],
  "theta2": [
    0.32200000000000017,
    0.323463913490753,
    0.33670769982830479,
    0.34995148616585658,
    0.36319527250340833,
    0.38236349347511256,
    0.4143276137400283,
    0.45351688378676136,
    0.49936400808299786,
    0.55226011640851214,
    0.61202968175790951,
    0.67909497292861554,
    0.75310892733667512,
    0.83419820429757019,
    0.92049835271962732,
    1.0076341532087376,
    1.0916596207776255,
    1.1694190597527088,
    1.2414088038644278,
    1.3020212515374907,
    1.3428769979323079,
    1.3714391499705141,
    1.3904136558113902,
    1.4006848557007163,
    1.4022938223485517,
    1.3948224158636813,
    1.3778036061445056,
    1.3508609554801547,
    1.3138865291271882,
    1.26789070882736,
    1.2142134668923856,
    1.1550745335174089,
    1.0914065072238779,
    1.0238391707213088,
    0.9528658399908907,
    0.8788745826589569,
    0.80216963013070208,
    0.72298530429796593,
    0.64149364830679156,
    0.55780594739694944,
    0.47197517121890353,
    0.38476293025050678,
    0.2974964676507903,
    0.21023000505107364,
    0.12296354245135729,
    0.035697079851640778,
    -0.051569382748075911,
    -0.13883584534779206,
    -0.22610230794750857,
    -0.31216691910869304,
    -0.39242480307738414,
    -0.46568554811995455,
    -0.53199533765169671,
    -0.591478133562308,
    -0.643510042687037,
    -0.68868345583470747,
    -0.72683851361067875,
    -0.75760786348153086,
    -0.78109413562072483,
    -0.79239609041381653,
    -0.80369804520690824,
    -0.815
  ]
}