{
  "startPos": "hold",
  "finalPos": "score_high_cube",
  "totalTime": 1.1247446513845023,
  "grannyFactor": 1.25,
  "theta1": [
    -1.5909999999999986,
    -1.556262235992086,
    -1.4556615582212482,
    -1.3040522739321525,
    -1.1197809316271323,
    -0.9224686506159532,
    -0.731823109489469,
    -0.5661830808137038,
    -0.44068300901929836,
    -0.3651416092418292,
    -0.34216378102213607,
    -0.3669696628173784,
    -0.4289827428368189,
    -0.5136370760697535,
    -0.6037912333191349,
    -0.6809872977769336,
    -0.727
  ],
  "theta2": [
    1.2710000000000008,
    1.2362622359273032,
    1.1625196450843498,
    1.0781005825099492,
    1.0068667925999109,
    0.96265044798845,
    0.9434194566249781,
    0.9381001670417989,
    0.9328047345173384,
    0.9139754886511744,
    0.8708688341919394,
    0.7984037409686904,
    0.6996699928453586,
    0.5854641916744712,
    0.47179618507327237,
    0.3774860765344214,
    0.32199999999999995
  ]
}