{
  "startPos": "defense",
  "finalPos": "intake",
  "totalTime": 0.3921257657911182,
  "grannyFactor": 1.25,
  "theta1": [
    -2.821,
    -2.8195279717155923,
    -2.8136398587751037,
    -2.8018636332930513,
    -2.7827272679989075,
    -2.7562307641162698,
    -2.7238461487234944,
    -2.6870454495103964,
    -2.647300694362459,
    -2.606083911254846,
    -2.564867128207561,
    -2.525122373259826,
    -2.4883216744508614,
    -2.455937059800672,
    -2.4294405572844213,
    -2.4103041947875923,
    -2.4
  ],
  "theta2": [
    -0.9,
    -0.9001495554443131,
    -0.900779408090845,
    -0.9021870388812436,
    -0.9047063431218937,
    -0.9086399889495774,
    -0.9141930848737634,
    -0.9214214960055854,
    -0.9302037626092847,
    -0.940245181563645,
    -0.9511066659219339,
    -0.962242454972575,
    -0.973036868340756,
    -0.9828383379860434,
    -0.990993510523255,
    -0.9968873455304557,
    -0.9999999999999999
  ]
}