{
  "startPos": "score_mid_cone",
  "finalPos": "hold",
  "totalTime": 0.44678889214847117,
  "grannyFactor": 1.25,
  "theta1": [
    -1.763,
    -1.7631801258394166,
    -1.7637107745387257,
    -1.7647864060171952,
    -1.7666169780655741,
    -1.7690188027346743,
    -1.7718739948211775,
    -1.7749193175321569,
    -1.7777024242187403,
    -1.7794845125164933,
    -1.7791190464300051,
    -1.7748723293178914,
    -1.7642243317059818,
    -1.746626150384502,
    -1.7248110679773341,
    -1.7012435673644219,
    -1.6778310471687452,
    -1.6559801947467605,
    -1.6366366138373463,
    -1.6203927286721542,
    -1.6076063131673777,
    -1.5985124101244583,
    -1.5938182578465656,
    -1.591
  ],
  "theta2": [
    0.40000000000000008,
    0.40192980554107938,
    0.40761499098481585,
    0.41916514949844952,
    0.43901418182324725,
    0.46576076012718309,
    0.49955736463451139,
    0.540306415247388,
    0.58805894570569017,
    0.64278219525361324,
    0.70448287787123176,
    0.773172949173208,
    0.84861947116062353,
    0.92192915574878032,
    0.98824383175906583,
    1.0475856149425264,
    1.0999471301986739,
    1.1453052152638765,
    1.1836916812345559,
    1.215108630274176,
    1.2395128255685859,
    1.2567705856499227,
    1.2656630980385777,
    1.271
  ]
}