{
  "startPos": "intake",
  "finalPos": "score_mid_cone",
  "totalTime": 0.5833363995506454,
  "grannyFactor": 1.25,
  "theta1": [
    -2.405,
    -2.4035058862501333,
    -2.397781336518357,
    -2.386176322370938,
    -2.3669707866858927,
    -2.3386566136478066,
    -2.300263188375339,
    -2.2517557603858918,
    -2.194286545497094,
    -2.1300234585188766,
    -2.0618185242188973,
    -1.9929628305008118,
    -1.9269748601477248,
    -1.8674624828247197,
    -1.8180246906637372,
    -1.7821434866124366,
    -1.7629999999999995
  ],
  "theta2": [
    -0.9380000000000001,
    -0.9331538454625394,
    -0.9137692277489807,
    -0.8749999932046971,
    -0.8119999895359746,
    -0.7247692194506762,
    -0.6181538348172312,
    -0.49699998885724833,
    -0.36615383522535466,
    -0.23046152777464335,
    -0.09476922045744098,
    0.036076932731397504,
    0.1572307777970172,
    0.26384616078709183,
    0.3510769278485283,
    0.41407692532670054,
    0.4480000000000001
  ]
}