{
  "startPos": "score_high_cube",
  "finalPos": "defense",
  "totalTime": 0.609502215672263,
  "grannyFactor": 1.25,
  "theta1": [
    -0.6790000000000004,
    -0.684527972782688,
    -0.7066398634371368,
    -0.7508636437822243,
    -0.8227272841510875,
    -0.9222307815874906,
    -1.04384616622259,
    -1.1820454667102438,
    -1.3313007112315747,
    -1.4860839277510345,
    -1.6408671441247404,
    -1.7901223881623798,
    -1.9283216876736402,
    -2.0499370705146385,
    -2.1494405646498267,
    -2.2213041982603277,
    -2.26
  ],
  "theta2": [
    0.44199999999999995,
    0.4458600833315379,
    0.45837550571294117,
    0.47705065386506246,
    0.4983897189948997,
    0.5185896483280101,
    0.5338049459851614,
    0.5403558273715229,
    0.5350577256962675,
    0.5161173472503454,
    0.48500644705510415,
    0.445225454141458,
    0.40102426895309,
    0.3568917197572641,
    0.3173810383030225,
    0.2869910160971261,
    0.2700000000000002
  ]
}