{
  "startPos": "defense",
  "finalPos": "double_substation",
  "totalTime": 0.93714691229067093,
  "grannyFactor": 1.25,
  "theta1": [
    -2.26,
    -2.2580209850349671,
    -2.2551225869677478,
    -2.24908513669747,
    -2.2395476950588042,
    -2.2255158288188084,
    -2.2054030057326912,
    -2.178652542550219,
    -2.14483547320208,
    -2.10368526950059,
    -2.0549978802222975,
    -1.9981061082264702,
    -1.9341876500368711,
    -1.8638892170665122,
    -1.7908723081407918,
    -1.7161293289665673,
    -1.6394682986670448,
    -1.5608101544563271,
    -1.4798876539007759,
    -1.3965482103533162,
    -1.3104737317333255,
    -1.2232331076252256,
    -1.1359666450255093,
    -1.0497620158337424,
    -0.96852125530753042,
    -0.89382840877442682,
    -0.82571226792668628,
    -0.76425672263921085,
    -0.70888778914618,
    -0.65922294538652448,
    -0.61529703934637014,
    -0.57651261145323729,
    -0.54763447088570549,
    -0.53173470997350425,
    -0.52536589224977748,
    -0.52666193661889027,
    -0.53300574263853617,
    -0.54181258988927827,
    -0.55161095687747219,
    -0.56149387436689913,
    -0.570787539584835,
    -0.579206869338588,
    -0.58646265602753833,
    -0.59232103718504048,
    -0.596553208758388,
    -0.59880942558032979,
    -0.60106564240227145,
    -0.603
  ],
  "theta2": [
    0.27,
    0.27587194469542459,
    0.28438995886032659,
    0.30151008199645329,
    0.32598754758645,
    0.35728281396070394,
    0.39577705593741508,
    0.44114476238357553,
    0.493485434271398,
    0.55286493613879162,
    0.61910150188675117,
    0.69208900942021057,
    0.7695443897385571,
    0.84974849230611726,
    0.92770297328364559,
    1.0022904308571723,
    1.0730973014537015,
    1.1398400059750005,
    1.2017694315505085,
    1.2582967512864143,
    1.3080673518948043,
    1.3493011247416873,
    1.3814469175222737,
    1.4041545063045917,
    1.4173081236509395,
    1.4211439974061526,
    1.4170753007357948,
    1.4052752206209251,
    1.3861295620762919,
    1.3592732388655886,
    1.3223496780234414,
    1.2702398830607284,
    1.2017556210336269,
    1.1276648322894618,
    1.0474088684077243,
    0.9628168594076616,
    0.883639776239482,
    0.81139376190027579,
    0.74611940029041768,
    0.68756442245982563,
    0.6366352065426808,
    0.5923108758557909,
    0.55509976861499621,
    0.52549116431989451,
    0.50422567994827172,
    0.4929474923239397,
    0.48166930469960767,
    0.47200000000000009
  ]
}