{
  "startPos": "defense",
  "finalPos": "double_substation",
  "totalTime": 1.2919969000108036,
  "grannyFactor": 1.25,
  "theta1": [
    -2.821,
    -2.818213766165774,
    -2.8154275323315474,
    -2.8126412984973208,
    -2.807662631693161,
    -2.8006391294460737,
    -2.7916926371045876,
    -2.7808096504722712,
    -2.7679440521819059,
    -2.7529994198030767,
    -2.735415083919511,
    -2.7149123240165758,
    -2.6907390829125077,
    -2.6623891083836457,
    -2.6309481445052234,
    -2.5963830265362717,
    -2.5583834545197046,
    -2.5166676431931707,
    -2.4709835776513582,
    -2.42111726076497,
    -2.367016465470102,
    -2.3090151889869528,
    -2.2485399843851903,
    -2.1858768740537826,
    -2.1210690932101253,
    -2.0541495491059152,
    -1.9851366792533729,
    -1.9139984587665932,
    -1.8406601484808989,
    -1.7651780093489677,
    -1.6874880633186515,
    -1.6074956990457085,
    -1.5250695962715544,
    -1.4400477242935339,
    -1.3530089805630128,
    -1.2657425179632962,
    -1.1784760553635802,
    -1.0919212437804946,
    -1.0095326240512312,
    -0.93313793486716756,
    -0.86335206265982534,
    -0.80020491989462483,
    -0.74332319823973647,
    -0.6925939486129824,
    -0.6474326259963652,
    -0.60756123624425007,
    -0.57369281313187848,
    -0.5511478215923411,
    -0.53748431394962681,
    -0.53079591456480768,
    -0.52994868578563392,
    -0.53361267431285142,
    -0.540782593697093,
    -0.55002636859162768,
    -0.56011930907457963,
    -0.57033658755443217,
    -0.58017436334528,
    -0.58932530711813258,
    -0.59758683120835987,
    -0.60496183138996951,
    -0.61078531996342034,
    -0.61524734806348358,
    -0.61767874495285047,
    -0.62011014184221747,
    -0.62254153873158435,
    -0.62400000000000011
  ],
  "theta2": [
    -0.9,
    -0.88796304872405529,
    -0.87592609744811034,
    -0.86388914617216539,
    -0.84246070640119042,
    -0.81231539392987751,
    -0.77425355255934192,
    -0.72870512687679823,
    -0.67614668913963016,
    -0.61700433757610651,
    -0.550638348151959,
    -0.47751012006416538,
    -0.39731015344163878,
    -0.31099308664827646,
    -0.22372662404855992,
    -0.13646016144884371,
    -0.049193698849127145,
    0.038072763750589357,
    0.12533922635030575,
    0.21260568895002241,
    0.29987215154973906,
    0.38672244917507603,
    0.47121007956421773,
    0.55335843936042739,
    0.63331690729036971,
    0.71112803323869378,
    0.78675834318667848,
    0.86007465443723685,
    0.93084753372257589,
    0.99897152054856542,
    1.0641774955823851,
    1.1261220819056117,
    1.1843686319481026,
    1.2383511639416278,
    1.2869434101748469,
    1.3285495195962027,
    1.3627504334261014,
    1.3890352208373065,
    1.4063590822459919,
    1.4147440045249779,
    1.4146667057595286,
    1.4066238827224602,
    1.3907819287788619,
    1.3664803133358494,
    1.3328912761128766,
    1.2868607984016496,
    1.2239260945577328,
    1.15264366207389,
    1.0756524131982348,
    0.9925504996060861,
    0.90558306622625873,
    0.818316603626542,
    0.73111385889963221,
    0.64703997200910246,
    0.56939461521342882,
    0.4990430253720517,
    0.43583475239833513,
    0.37952119287564,
    0.33010649653026858,
    0.28677401924171342,
    0.25306421208083957,
    0.22727849918881077,
    0.21331164806570235,
    0.199344796942594,
    0.18537794581948558,
    0.17700000000000005
  ]
}