{
  "startPos": "double_substation",
  "finalPos": "intake",
  "totalTime": 0.7442703851938002,
  "grannyFactor": 1.25,
  "theta1": [
    -0.898,
    -0.9080654282047358,
    -0.9483271403878767,
    -1.028850562880834,
    -1.1477645877677476,
    -1.29500378931827,
    -1.4605027405899222,
    -1.63419601428903,
    -1.8060181830120616,
    -1.9659038193867824,
    -2.103787496238724,
    -2.209603786982847,
    -2.2732872676901907,
    -2.3041032069301894,
    -2.3121170261541093,
    -2.3073941492214307,
    -2.3
  ],
  "theta2": [
    0.2899999999999999,
    0.299543977291874,
    0.31811064062818023,
    0.3356346173985434,
    0.34205052311557416,
    0.32729297230421955,
    0.2812965873492861,
    0.19399602319440554,
    0.07178129436503516,
    -0.07528223648233677,
    -0.23712916931575803,
    -0.40369409252335764,
    -0.5649116003352112,
    -0.7107162964314075,
    -0.831042801275697,
    -0.915825770213174,
    -0.955
  ]
}