{
  "startPos": "double_substation",
  "finalPos": "defense",
  "totalTime": 0.8374850249749062,
  "grannyFactor": 1.25,
  "theta1": [
    -0.6239999999999999,
    -0.6196652307964533,
    -0.6210015928977098,
    -0.6423497866901797,
    -0.6980505149842103,
    -0.8024444694426183,
    -0.9664578108693801,
    -1.1757498344130874,
    -1.4159798217248052,
    -1.672807057396134,
    -1.9318908305213118,
    -2.178890437637595,
    -2.3994651890654106,
    -2.5792744259998344,
    -2.70397759385166,
    -2.772772658234516,
    -2.8
  ],
  "theta2": [
    0.17699999999999988,
    0.19134072639138217,
    0.23459317654273706,
    0.29241662472645563,
    0.3504703442144905,
    0.3944136080442968,
    0.40990568929369564,
    0.3826058614171944,
    0.29817339972731544,
    0.16575942040499475,
    -0.00029535275888651014,
    -0.18565019405229854,
    -0.3759643771939874,
    -0.556897175703471,
    -0.714107863100267,
    -0.8332557131031209,
    -0.9
  ]
}