{
  "startPos": "score_mid_cube",
  "finalPos": "intake",
  "totalTime": 0.6395115305324249,
  "grannyFactor": 1.25,
  "theta1": [
    -1.4109999999999998,
    -1.4173853558691691,
    -1.4429267770855747,
    -1.4940096122900042,
    -1.5648193124676915,
    -1.648970534534997,
    -1.7400779318332915,
    -1.8317561609486903,
    -1.9176198836125322,
    -1.9912837706257351,
    -2.046362511963595,
    -2.0764708589214957,
    -2.085598069738552,
    -2.0801293288850715,
    -2.066449892707913,
    -2.0509450302593897,
    -2.04
  ],
  "theta2": [
    0.4849999999999999,
    0.4897558044887752,
    0.49763786427879986,
    0.5022608237468411,
    0.4972393269769089,
    0.47618801814920214,
    0.4327215421971731,
    0.36127978492249346,
    0.2682481009835798,
    0.16001184615005706,
    0.04295637653915759,
    -0.076532951582872,
    -0.1920707818901988,
    -0.2972717580570547,
    -0.3857505238174148,
    -0.451121723054541,
    -0.48699999999999977
  ]
}