{
  "startPos": "double_substation",
  "finalPos": "intake",
  "totalTime": 0.7349559444521119,
  "grannyFactor": 1.25,
  "theta1": [
    -0.898,
    -0.907692234867242,
    -0.9464611725894425,
    -1.0239990428582186,
    -1.1409165124419587,
    -1.2875213534301995,
    -1.4541213345727237,
    -1.6310242236841819,
    -1.8085377883454423,
    -1.9769697963711583,
    -2.1266280165111238,
    -2.247820220854927,
    -2.3308541921796646,
    -2.377896944143686,
    -2.39864068461949,
    -2.402777630830484,
    -2.4
  ],
  "theta2": [
    0.2899999999999999,
    0.29900734598391676,
    0.3163371612404453,
    0.3322972153999473,
    0.3371952767458523,
    0.3213391133786029,
    0.2750364940810859,
    0.1885951906445624,
    0.06718296664588853,
    -0.07950794765897168,
    -0.2417853188470487,
    -0.40995691248612925,
    -0.5743304938295059,
    -0.7252138280205763,
    -0.8529146802076106,
    -0.9477408156618663,
    -0.9999999999999999
  ]
}