{
  "startPos": "intake",
  "finalPos": "score_high_cone",
  "totalTime": 0.737119579040923,
  "grannyFactor": 1.25,
  "theta1": [
    -2.4,
    -2.4053206148074935,
    -2.411504411344621,
    -2.4087733198681374,
    -2.3873492673478895,
    -2.3374541818283125,
    -2.249309999778529,
    -2.120288522076436,
    -1.9601678194238306,
    -1.778725971751435,
    -1.585741061897765,
    -1.3909911736421792,
    -1.204254391144221,
    -1.035308798663999,
    -0.8939324803383447,
    -0.7899035198876204,
    -0.733
  ],
  "theta2": [
    -0.9999999999999999,
    -0.990221913418215,
    -0.9511095677856675,
    -0.8728848785973329,
    -0.754381042399128,
    -0.6053761428977916,
    -0.4356482651329156,
    -0.2549754944899877,
    -0.07313591638553754,
    0.10009238401017144,
    0.25493132244157946,
    0.3816028166132076,
    0.4703287905018521,
    0.521753423054566,
    0.545654784806354,
    0.5518109517804305,
    0.5499999999999999
  ]
}