{
  "startPos": "score_high_cone",
  "finalPos": "hold",
  "totalTime": 0.6487540831711921,
  "grannyFactor": 1.25,
  "theta1": [
    -0.733,
    -0.72653275266274,
    -0.7137972119933611,
    -0.7014595968597185,
    -0.6961861290651048,
    -0.7046430307926094,
    -0.7334965226841708,
    -0.7894128186427806,
    -0.8697355037016956,
    -0.9677983594085332,
    -1.0769351602170183,
    -1.1904796783196976,
    -1.3017656848339936,
    -1.4041269502651075,
    -1.4908972447309343,
    -1.5554103380866373,
    -1.5909999999999986
  ],
  "theta2": [
    0.5499999999999999,
    0.5433337821074063,
    0.5275927815817385,
    0.5094432109978644,
    0.495551289900987,
    0.4925832391271746,
    0.5072052782228567,
    0.5460836197696506,
    0.611072145075743,
    0.6955046362571009,
    0.7927148679626963,
    0.8960366124757535,
    0.9988036409612038,
    1.094349723950557,
    1.17600863157651,
    1.237114133702362,
    1.2710000000000008
  ]
}