{
  "startPos": "intake",
  "finalPos": "hold",
  "totalTime": 0.77037228151290171,
  "grannyFactor": 1.25,
  "theta1": [
    -2.3,
    -2.3000597293981375,
    -2.300147384963148,
    -2.300657475322275,
    -2.3025944513958017,
    -2.3085710884150306,
    -2.3226759617650696,
    -2.3438787434898734,
    -2.3721981235022227,
    -2.4074165869642408,
    -2.4495581776433824,
    -2.4985962506352655,
    -2.5548521558295292,
    -2.6179428992651843,
    -2.6857435202646087,
    -2.7496663806075157,
    -2.7892278551991319,
    -2.7964331603228678,
    -2.7798530656955691,
    -2.7462440032497364,
    -2.6999204506067134,
    -2.6437902453083058,
    -2.5799193324916772,
    -2.5106765097337007,
    -2.4396536150965629,
    -2.3670972352627122,
    -2.292944141813031,
    -2.2173455870240559,
    -2.1403864550262,
    -2.0622329553732173,
    -1.9852059361137098,
    -1.9156458176014297,
    -1.8538173433887988,
    -1.799376303290813,
    -1.7519333574210303,
    -1.7109754662816232,
    -1.6764369330373752,
    -1.6478494504924783,
    -1.6252652599396804,
    -1.6083954966877767,
    -1.6003917625032595,
    -1.5938335555814951,
    -1.5909999999999986
  ],
  "theta2": [
    -0.955,
    -0.94838346884039693,
    -0.9407888687444308,
    -0.92326695453347585,
    -0.8989736682623598,
    -0.867694648625577,
    -0.83208534816953239,
    -0.79972307741145188,
    -0.76966564126961257,
    -0.73976412292934768,
    -0.70814615394785585,
    -0.67339205305590988,
    -0.63346227846176473,
    -0.58566715914259526,
    -0.525762266590292,
    -0.4490568983471751,
    -0.36262156877027929,
    -0.27535510617056297,
    -0.18808864357084659,
    -0.10082218097113019,
    -0.013555718371413662,
    0.073710744228303024,
    0.16097720682801961,
    0.24712397385347254,
    0.3298406499762076,
    0.4104952094726555,
    0.4901439855034857,
    0.56969335126311882,
    0.649973806602109,
    0.73210494267817816,
    0.81472922179535834,
    0.8910379549418006,
    0.96039232364055571,
    1.0227456193153959,
    1.0780737795306863,
    1.1265196599953029,
    1.1678105983372757,
    1.2022149834660307,
    1.2295033899595587,
    1.2499247033594976,
    1.2596205489988652,
    1.2675667459236295,
    1.2710000000000008
  ]
}