{
  "startPos": "intake",
  "finalPos": "score_mid_cube",
  "totalTime": 0.5593561317714321,
  "grannyFactor": 1.25,
  "theta1": [
    -2.405,
    -2.4054562781018283,
    -2.405415153395909,
    -2.402322512594296,
    -2.393316178764127,
    -2.3755195635364452,
    -2.3463080047319127,
    -2.3039497437308545,
    -2.2495357156600653,
    -2.1859718491711306,
    -2.116763136538955,
    -2.0456794141757366,
    -1.9766337402680014,
    -1.9135894664172914,
    -1.8605188094211533,
    -1.8213680889215877,
    -1.8000000000000003
  ],
  "theta2": [
    -0.9380000000000001,
    -0.9337272720916348,
    -0.9166363608593253,
    -0.882454539206449,
    -0.8269090812877059,
    -0.7499999895929035,
    -0.6559999895763021,
    -0.5491818079363763,
    -0.43381817176974896,
    -0.3141818083555277,
    -0.1945454450640627,
    -0.07918180930480802,
    0.027636371512782178,
    0.12163637001835752,
    0.1985454589328099,
    0.2540909111595158,
    0.284
  ]
}