{
  "startPos": "score_mid_cube",
  "finalPos": "intake",
  "totalTime": 0.5593561317713851,
  "grannyFactor": 1.25,
  "theta1": [
    -1.8000000000000003,
    -1.8038991234607205,
    -1.8189276689352527,
    -1.8473991407027222,
    -1.888507198469884,
    -1.9397221750840208,
    -1.9980431008866446,
    -2.0603173592664423,
    -2.123394559727645,
    -2.184275570216856,
    -2.240295161677379,
    -2.2892869869638743,
    -2.329798742212302,
    -2.361244923321806,
    -2.3838070653142496,
    -2.3981312606297522,
    -2.405
  ],
  "theta2": [
    0.284,
    0.2797272720916355,
    0.26263636085932907,
    0.2284545392064579,
    0.17290908128772153,
    0.09599998959292182,
    0.001999989576321484,
    -0.10481819206360429,
    -0.22018182823023225,
    -0.3398181916444545,
    -0.45945455493592086,
    -0.5748181906951773,
    -0.6816363715127696,
    -0.7756363700183477,
    -0.8525454589328034,
    -0.9080909111595128,
    -0.9380000000000001
  ]
}