{
  "startPos": "intake",
  "finalPos": "score_high_cone",
  "totalTime": 0.732663586319877,
  "grannyFactor": 1.25,
  "theta1": [
    -2.4,
    -2.4048944916052934,
    -2.4099761787476552,
    -2.405643251753606,
    -2.382293897641369,
    -2.3303263045108014,
    -2.240138668941597,
    -2.1101408062161777,
    -1.9499345269727926,
    -1.769121651138801,
    -1.5773040015683046,
    -1.3840834020623785,
    -1.1990616768047588,
    -1.0318406500804014,
    -0.8920221460501813,
    -0.7892079884557895,
    -0.733
  ],
  "theta2": [
    -0.9999999999999999,
    -0.9903981733676166,
    -0.9519908675195483,
    -0.8751762578609233,
    -0.7574444416013008,
    -0.6083972425523545,
    -0.437636485833421,
    -0.25476399690319596,
    -0.06938160125082984,
    0.10890887587613889,
    0.2705056101275901,
    0.40580677907645013,
    0.5052105664495122,
    0.5655299691857152,
    0.5963667981739476,
    0.6073228696875872,
    0.6080000000000001
  ]
}