{
  "startPos": "score_mid_cube",
  "finalPos": "intake",
  "totalTime": 0.5686604294692671,
  "grannyFactor": 1.25,
  "theta1": [
    -1.8000000000000003,
    -1.8042642137694735,
    -1.8209469503041094,
    -1.8530972101279175,
    -1.8990379006409916,
    -1.9554261091696268,
    -2.0186042067271246,
    -2.0848378707201203,
    -2.1504451539763507,
    -2.211988249590378,
    -2.2664445455136586,
    -2.311515566622482,
    -2.346152695234196,
    -2.3708068297436506,
    -2.386852850824394,
    -2.396020393152585,
    -2.4
  ],
  "theta2": [
    0.284,
    0.27951048885353064,
    0.2615524446822622,
    0.22563635717869804,
    0.16727271732864066,
    0.08646152770540201,
    -0.012307703080974572,
    -0.12454546513449449,
    -0.24576224814765862,
    -0.3714685416243613,
    -0.49717483497419374,
    -0.6183916175663315,
    -0.73062937876995,
    -0.82939860799464,
    -0.9102097947442952,
    -0.9685734287114145,
    -0.9999999999999999
  ]
}