{
  "startPos": "score_hybrid",
  "finalPos": "double_substation",
  "totalTime": 0.800807857671488,
  "grannyFactor": 1.25,
  "theta1": [
    -2.688,
    -2.6813924249135295,
    -2.649032176083448,
    -2.5783815562817027,
    -2.456902914845859,
    -2.287532800887216,
    -2.0828089766460054,
    -1.8552692896750203,
    -1.6174516132567978,
    -1.3818938323428396,
    -1.1611338382666627,
    -0.9677095262625576,
    -0.8141587941339278,
    -0.7130195272177452,
    -0.655971888080653,
    -0.6304780056686914,
    -0.6239999999999999
  ],
  "theta2": [
    -0.5160000000000001,
    -0.5034620942972353,
    -0.4533104737175448,
    -0.3608909889379846,
    -0.23874154250556637,
    -0.0994000387005773,
    0.044595617711377565,
    0.18070752184336325,
    0.2963977689297735,
    0.3791284546903186,
    0.41636167657798356,
    0.41066215244583376,
    0.3745677857652913,
    0.32061648169167023,
    0.26134614571997206,
    0.2092946833820463,
    0.17699999999999988
  ]
}