{
  "startPos": "intake",
  "finalPos": "defense",
  "totalTime": 0.3838813800335665,
  "grannyFactor": 1.25,
  "theta1": [
    -2.405,
    -2.406381119180501,
    -2.4119055957135664,
    -2.4229545483973696,
    -2.440909095440718,
    -2.465769235670925,
    -2.4961538510633603,
    -2.530681823007375,
    -2.5679720327047946,
    -2.6066433612714954,
    -2.6453146897803785,
    -2.682604899285927,
    -2.7171328708426246,
    -2.7475174855233724,
    -2.7723776244440463,
    -2.7903321688064717,
    -2.8
  ],
  "theta2": [
    -0.9380000000000001,
    -0.9374843177294357,
    -0.9357831973018684,
    -0.9329558899932241,
    -0.9292079995392907,
    -0.9248300876941015,
    -0.9201503920500104,
    -0.9154981700541875,
    -0.9111734699295302,
    -0.9074210749186775,
    -0.9044086875309302,
    -0.9022116266251987,
    -0.9008074987217928,
    -0.9000833650718482,
    -0.899855509749092,
    -0.8999007285762364,
    -0.9
  ]
}