{
  "startPos": "intake",
  "finalPos": "score_hybrid",
  "totalTime": 0.40793483553011867,
  "grannyFactor": 1.25,
  "theta1": [
    -2.3,
    -2.3015499855833763,
    -2.3076044701685934,
    -2.3194172069441983,
    -2.337838340462749,
    -2.36251519825411,
    -2.392423808829922,
    -2.426338066908109,
    -2.4629437903029503,
    -2.5008815966196307,
    -2.538768632980856,
    -2.575212499151661,
    -2.6088225289651157,
    -2.6382215201029653,
    -2.662061306377576,
    -2.6790486796905144,
    -2.688
  ],
  "theta2": [
    -0.9899999999999999,
    -0.9883426570045809,
    -0.9817132852362652,
    -0.9684545421313745,
    -0.9469090857917699,
    -0.9170769175417041,
    -0.8806153790713339,
    -0.8391818127325751,
    -0.7944335610891057,
    -0.748027966801662,
    -0.7016223725795091,
    -0.6568741211527105,
    -0.6154405552513295,
    -0.5789790175846311,
    -0.5491468508133518,
    -0.5276013975011696,
    -0.5160000000000001
  ]
}