{
  "startPos": "auto_start",
  "finalPos": "score_mid_cube",
  "totalTime": 0.92997824470846413,
  "grannyFactor": 1.25,
  "theta1": [
    -2.34,
    -2.3403569461117408,
    -2.3407138922234814,
    -2.3412157421883957,
    -2.3420830257076353,
    -2.3431158962272951,
    -2.3441573948268228,
    -2.3449149296428788,
    -2.3449732992905261,
    -2.3436920441397917,
    -2.3400860456924062,
    -2.3330614072212725,
    -2.3211054871675789,
    -2.302700368210524,
    -2.2777584090568554,
    -2.2466727366127586,
    -2.2111577490002294,
    -2.1715393258438911,
    -2.1278917475258523,
    -2.0805220948411844,
    -2.0296532119071258,
    -1.9752982535968973,
    -1.9178280136184656,
    -1.857260238488923,
    -1.793753661694609,
    -1.7272948260856098,
    -1.6602869198422243,
    -1.5967318525912249,
    -1.5376051130929549,
    -1.4838133418022394,
    -1.4360690182027396,
    -1.3949371235735422,
    -1.3600358574822287,
    -1.3402993290622176,
    -1.3380648732493323,
    -1.342915798201922,
    -1.3507880131112187,
    -1.3598227039965407,
    -1.3690073355957364,
    -1.3777387897324553,
    -1.3857682304275833,
    -1.3928029199579175,
    -1.3987620443129023,
    -1.4034331358482444,
    -1.4061416521181469,
    -1.4080858371971519,
    -1.4100300222761573,
    -1.411
  ],
  "theta2": [
    -0.422,
    -0.41258898283896972,
    -0.4031779656779394,
    -0.38972135000937558,
    -0.36571191866009711,
    -0.334280163894069,
    -0.2962664811571642,
    -0.25076270310552451,
    -0.19846212816885478,
    -0.13922331422379963,
    -0.072815644559268075,
    0.00046791893226119218,
    0.080739330579435359,
    0.16702598242707084,
    0.25429244502678738,
    0.34008616864570862,
    0.42112679559074734,
    0.49867446383433317,
    0.57393054226993168,
    0.64801553683400726,
    0.72131785182958852,
    0.79381238242245167,
    0.86535070062852548,
    0.93552427172878561,
    1.0038186728776193,
    1.0693478868339388,
    1.1289477231555169,
    1.1784559948109994,
    1.2166651529269803,
    1.2420092369611782,
    1.2526237244998253,
    1.2442232468017562,
    1.2032746948842148,
    1.1175076690994896,
    1.0303211387104496,
    0.946668156759535,
    0.86981477148726538,
    0.80000952994335428,
    0.737225823743995,
    0.68168411005345675,
    0.63261229534634811,
    0.59077786012059075,
    0.55587805728600559,
    0.52876196035128187,
    0.51307553548821483,
    0.50184043283425539,
    0.49060533018029606,
    0.485
  ]
}