{
  "startPos": "double_substation",
  "finalPos": "score_high_cone",
  "totalTime": 0.38258117925200463,
  "grannyFactor": 1.25,
  "theta1": [
    -0.8979999999999998,
    -0.897058630329939,
    -0.893677816300339,
    -0.8875805095945416,
    -0.8787864672714508,
    -0.8675518110440753,
    -0.8542895920360398,
    -0.8395101635699669,
    -0.8237812919625204,
    -0.8077005431278576,
    -0.7918744334360637,
    -0.7769009178712033,
    -0.7633529897437512,
    -0.7517617744131102,
    -0.7425978320552016,
    -0.736249752886956,
    -0.733
  ],
  "theta2": [
    0.21699999999999992,
    0.21836713316449083,
    0.22383566563479165,
    0.23477273019565184,
    0.25254545904643894,
    0.27715385102239615,
    0.3072307741070871,
    0.3414090957020201,
    0.3783216830224455,
    0.41660140319824557,
    0.4548811233166185,
    0.49179371044646925,
    0.5259720316567028,
    0.5560489540345173,
    0.5806573447097949,
    0.5984300708977864,
    0.6080000000000001
  ]
}