{
  "startPos": "intake",
  "finalPos": "score_mid_cone",
  "totalTime": 0.5833363995506455,
  "grannyFactor": 1.25,
  "theta1": [
    -2.405,
    -2.403506646330714,
    -2.3977843590403083,
    -2.3861830005602083,
    -2.3669824647471165,
    -2.3386745969966363,
    -2.3002885501052637,
    -2.2517885276967093,
    -2.1943247248980753,
    -2.130063781851985,
    -2.061857382178415,
    -1.9929970925798655,
    -1.9270022431620544,
    -1.867481737968015,
    -1.8180357448939084,
    -1.7821476088240833,
    -1.7629999999999995
  ],
  "theta2": [
    -0.9380000000000001,
    -0.9331538454625394,
    -0.9137692277489807,
    -0.8749999932046971,
    -0.8119999895359745,
    -0.7247692194506762,
    -0.6181538348172312,
    -0.4969999888572483,
    -0.3661538352253546,
    -0.23046152777464335,
    -0.09476922045744098,
    0.036076932731397525,
    0.1572307777970172,
    0.26384616078709183,
    0.35107692784852834,
    0.41407692532670054,
    0.4480000000000001
  ]
}