{
  "startPos": "defense",
  "finalPos": "score_high_cube",
  "totalTime": 0.6095022156722572,
  "grannyFactor": 1.25,
  "theta1": [
    -2.26,
    -2.254472027217312,
    -2.232360136562864,
    -2.1881363562177776,
    -2.116272715848915,
    -2.0167692184125126,
    -1.8951538337774136,
    -1.75695453328976,
    -1.6076992887684292,
    -1.4529160722489691,
    -1.298132855875263,
    -1.1488776118376234,
    -1.0106783123263627,
    -0.8890629294853637,
    -0.7895594353501748,
    -0.7176958017396731,
    -0.6790000000000004
  ],
  "theta2": [
    0.2700000000000002,
    0.2744399064197608,
    0.2904740920466726,
    0.3173147133829332,
    0.3519967527988638,
    0.39087251183279037,
    0.43005760602804616,
    0.4656493225740814,
    0.49393146088021816,
    0.5117470109176213,
    0.5176411560821362,
    0.5129178242379557,
    0.5003805214353991,
    0.483426803455336,
    0.46567666263339375,
    0.45074700814913915,
    0.44199999999999995
  ]
}