{
  "startPos": "score_mid_cone",
  "finalPos": "score_mid_cube",
  "totalTime": 0.25516280526649326,
  "grannyFactor": 1.25,
  "theta1": [
    -1.7629999999999997,
    -1.7632110698390626,
    -1.7639485182606882,
    -1.7652643792050482,
    -1.7671603231617303,
    -1.7695945888676392,
    -1.7724910918366754,
    -1.7757482284334274,
    -1.7792464150616685,
    -1.7828543536221733,
    -1.7864343493467418,
    -1.7898470591949778,
    -1.792956023687297,
    -1.7956323075916094,
    -1.797759558690903,
    -1.7992397665765132,
    -1.8000000000000003
  ],
  "theta2": [
    0.39999999999999997,
    0.3995944054621339,
    0.39797202739414617,
    0.39472727142708874,
    0.38945454345240493,
    0.3821538439882043,
    0.37323076706167224,
    0.3630909069589054,
    0.3521398580488523,
    0.3407832147384349,
    0.32942657145356247,
    0.3184755226282811,
    0.30833566269663715,
    0.2994125860845396,
    0.29211188719891057,
    0.2868391604086985,
    0.284
  ]
}