{
  "startPos": "hold",
  "finalPos": "intake",
  "totalTime": 1.1247446509167225,
  "grannyFactor": 1.25,
  "theta1": [
    -1.5909999999999986,
    -1.5562622359502198,
    -1.4835047848529117,
    -1.4031017070697847,
    -1.3434558641363963,
    -1.3290365798950052,
    -1.3750077714967204,
    -1.477652973927415,
    -1.6214685620064397,
    -1.7868953176555702,
    -1.9532499586622236,
    -2.1005581719610147,
    -2.211867407814591,
    -2.2780454906161975,
    -2.3047237389903574,
    -2.3063858381483917,
    -2.3
  ],
  "theta2": [
    1.2710000000000008,
    1.2362622359746895,
    1.1617615288739938,
    1.0744690318162833,
    0.994895882520441,
    0.9275719869577772,
    0.8613565530742999,
    0.7802049232122581,
    0.6679397999137483,
    0.5118499841927165,
    0.3081086159908795,
    0.06627086013275851,
    -0.19498949116208417,
    -0.4525876260507849,
    -0.6816963091565716,
    -0.8571996717024207,
    -0.955
  ]
}