{
  "frame_width_inches": 24.0,
  "bumper_width_inches": 30.5,
  "origin": [
    0.343,
    1.27
  ],
  "shoulder": {
    "mass": 0.90718474,
    "length": 0.5206999999999999,
    "moi": 0.153,
    "cgRadius": 0.12382499999999999,
    "minAngle": -3.0,
    "maxAngle": 0,
    "motor": {
      "type": "falcon",
      "count": 1,
      "reduction": 72.0
    }
  },
  "elbow": {
    "mass": 1.1339809250000001,
    "length": 0.5334,
    "moi": 0.013,
    "cgRadius": 0.4064,
    "minAngle": -1.57,
    "maxAngle": 3.0,
    "motor": {
      "type": "falcon",
      "count": 1,
      "reduction": 64.0
    }
  },
  "wrist": {
    "mass": 1.270058636,
    "length": 0.2032,
    "moi": 0.8,
    "cgRadius": 0.038099999999999995
  },
  "cone": {
    "mass": 0.652039031875,
    "length": 0.0,
    "moi": 0.019,
    "cgRadius": 0.0
  }
}