{
  "auto_start": {
    "fileIdx": 8,
    "xy": [
      12.0,
      24.0
    ],
    "theta1": -2.421413343336338,
    "theta2": -0.4111429452100112
  },
  "defense": {
    "fileIdx": 0,
    "xy": [
      12.0,
      25.0
    ],
    "theta1": -2.437295915269322,
    "theta2": -0.3754700524593536
  },
  "intake": {
    "fileIdx": 1,
    "xy": [
      14.0,
      20.0
    ],
    "theta1": -2.2827353593910074,
    "theta2": -0.4850618938336711
  },
  "double_substation": {
    "fileIdx": 2,
    "xy": [
      54.0,
      41.0
    ],
    "theta1": -0.6556307182272735,
    "theta2": 0.37249615095063815
  },
  "score_hybrid": {
    "fileIdx": 3,
    "xy": [
      23.75,
      6.0
    ],
    "theta1": -1.6142355697109911,
    "theta2": -0.9800239925461209
  },
  "score_mid_cube": {
    "fileIdx": 4,
    "xy": [
      38.0,
      29.5
    ],
    "theta1": -1.387959739982848,
    "theta2": 0.2995811798854619
  },
  "score_high_cube": {
    "fileIdx": 5,
    "xy": [
      55.375,
      41.5
    ],
    "theta1": -0.5899677671500646,
    "theta2": 0.3237233987089633
  },
  "score_mid_cone": {
    "fileIdx": 6,
    "xy": [
      38.0,
      40.0
    ],
    "theta1": -1.1744436347926819,
    "theta2": 0.8141792826469818
  },
  "score_high_cone": {
    "fileIdx": 7,
    "xy": [
      55.0,
      52.0
    ],
    "theta1": -0.3866162845931893,
    "theta2": 0.6362359977684038
  }
}