{
  "auto_start": {
    "fileIdx": 8,
    "theta1": -2.381,
    "theta2": 0.308,
    "xy": [
      13.479698564664199,
      37.60216956879817
    ]
  },
  "defense": {
    "fileIdx": 0,
    "theta1": -2.282,
    "theta2": 0.0,
    "xy": [
      16.37979180909816,
      29.545428236883918
    ]
  },
  "intake": {
    "fileIdx": 1,
    "theta1": -2.048,
    "theta2": -0.524,
    "xy": [
      18.852323573164934,
      15.759243735181833
    ]
  },
  "double_substation": {
    "fileIdx": 2,
    "theta1": -0.603,
    "theta2": 0.472,
    "xy": [
      54.00070738888733,
      44.00857429519952
    ]
  },
  "score_hybrid": {
    "fileIdx": 3,
    "theta1": -2.0,
    "theta2": 0.0,
    "xy": [
      22.76797242110117,
      25.448969475706598
    ]
  },
  "score_mid_cube": {
    "fileIdx": 4,
    "theta1": -1.453,
    "theta2": 0.4,
    "xy": [
      35.558837885117086,
      31.170185164172725
    ]
  },
  "score_high_cube": {
    "fileIdx": 5,
    "theta1": -0.613,
    "theta2": 0.398,
    "xy": [
      54.48561046283925,
      42.41155336637508
    ]
  },
  "score_mid_cone": {
    "fileIdx": 6,
    "theta1": -1.336,
    "theta2": 0.847,
    "xy": [
      33.36114674115471,
      39.101422981191675
    ]
  },
  "score_high_cone": {
    "fileIdx": 7,
    "theta1": -0.528,
    "theta2": 0.815,
    "xy": [
      50.88728216829526,
      51.315593408297985
    ]
  }
}