{
  "auto_start": {
    "fileIdx": 8,
    "theta1": -2.592,
    "theta2": -0.882,
    "xy": [
      14.455464404863259,
      16.903694261226054
    ]
  },
  "defense": {
    "fileIdx": 0,
    "theta1": -2.703,
    "theta2": -0.915,
    "xy": [
      12.628184361449264,
      18.31003721493352
    ]
  },
  "intake": {
    "fileIdx": 1,
    "theta1": -2.405,
    "theta2": -0.938,
    "xy": [
      15.468976965302371,
      12.843830035948196
    ]
  },
  "hold": {
    "fileIdx": 9,
    "theta1": -1.591,
    "theta2": 1.271,
    "xy": [
      21.65423298208695,
      57.21068689577275
    ]
  },
  "double_substation": {
    "fileIdx": 2,
    "theta1": -0.624,
    "theta2": 0.177,
    "xy": [
      58.6875813863305,
      43.12837663627221
    ]
  },
  "score_hybrid": {
    "fileIdx": 3,
    "theta1": -2.688,
    "theta2": -0.516,
    "xy": [
      20.30111823745692,
      26.70820488597463
    ]
  },
  "score_mid_cube": {
    "fileIdx": 4,
    "theta1": -1.8,
    "theta2": 0.284,
    "xy": [
      36.68462164336619,
      38.16185539448912
    ]
  },
  "score_high_cube": {
    "fileIdx": 5,
    "theta1": -0.727,
    "theta2": 0.322,
    "xy": [
      56.330483155093226,
      45.552529788661786
    ]
  },
  "score_mid_cone": {
    "fileIdx": 6,
    "theta1": -1.763,
    "theta2": 0.448,
    "xy": [
      35.726118487217974,
      42.43924317470239
    ]
  },
  "score_high_cone": {
    "fileIdx": 7,
    "theta1": -0.733,
    "theta2": 0.608,
    "xy": [
      52.54190236110744,
      52.848989407370354
    ]
  }
}