{
  "auto_start": {
    "fileIdx": 8,
    "theta1": -2.64,
    "theta2": -0.94,
    "xy": [
      12.633022980693097,
      16.723951480984407
    ]
  },
  "defense": {
    "fileIdx": 0,
    "theta1": -2.933,
    "theta2": -0.815,
    "xy": [
      13.338492330168203,
      24.650750696566252
    ]
  },
  "intake": {
    "fileIdx": 1,
    "theta1": -2.4,
    "theta2": -1.0,
    "xy": [
      14.05613270945454,
      11.75034623927241
    ]
  },
  "hold": {
    "fileIdx": 9,
    "theta1": -1.591,
    "theta2": 1.271,
    "xy": [
      21.65423298208695,
      57.21068689577275
    ]
  },
  "double_substation": {
    "fileIdx": 2,
    "theta1": -0.898,
    "theta2": 0.29,
    "xy": [
      54.06810464317444,
      42.25993098877784
    ]
  },
  "score_hybrid": {
    "fileIdx": 3,
    "theta1": -2.688,
    "theta2": -0.516,
    "xy": [
      20.30111823745692,
      26.70820488597463
    ]
  },
  "score_mid_cube": {
    "fileIdx": 4,
    "theta1": -1.8,
    "theta2": 0.284,
    "xy": [
      36.68462164336619,
      38.16185539448912
    ]
  },
  "score_high_cube": {
    "fileIdx": 5,
    "theta1": -0.727,
    "theta2": 0.322,
    "xy": [
      56.330483155093226,
      45.552529788661786
    ]
  },
  "score_mid_cone": {
    "fileIdx": 6,
    "theta1": -1.763,
    "theta2": 0.4,
    "xy": [
      36.29874558682875,
      41.170625737539325
    ]
  },
  "score_high_cone": {
    "fileIdx": 7,
    "theta1": -0.733,
    "theta2": 0.55,
    "xy": [
      53.46214223234843,
      51.441335483089105
    ]
  }
}