{
  "defense": {
    "fileIdx": 0,
    "xy": [
      6.0,
      25.0
    ],
    "theta1": -2.7577260497522804,
    "theta2": -0.7040580585253265
  },
  "intake": {
    "fileIdx": 1,
    "xy": [
      14.0,
      15.0
    ],
    "theta1": -2.2732553541534206,
    "theta2": -0.6760840520750974
  },
  "double_substation": {
    "fileIdx": 2,
    "xy": [
      22.25,
      37.3
    ],
    "theta1": -1.9849235575653013,
    "theta2": 0.5497871450382104
  },
  "score_hybrid": {
    "fileIdx": 3,
    "xy": [
      23.75,
      6.0
    ],
    "theta1": -1.7482893859165045,
    "theta2": -0.8595873847953799
  },
  "score_mid_cube": {
    "fileIdx": 4,
    "xy": [
      38.0,
      29.5
    ],
    "theta1": -1.4817013692885421,
    "theta2": 0.28166202882200936
  },
  "score_high_cube": {
    "fileIdx": 5,
    "xy": [
      55.375,
      41.5
    ],
    "theta1": -0.6996351633519103,
    "theta2": 0.396684800058352
  },
  "score_mid_cone": {
    "fileIdx": 6,
    "xy": [
      38.0,
      40.0
    ],
    "theta1": -1.2768810150903604,
    "theta2": 0.7598179165872734
  },
  "score_high_cone": {
    "fileIdx": 7,
    "xy": [
      55.0,
      52.0
    ],
    "theta1": -0.4903212677616144,
    "theta2": 0.6941900251163396
  }
}