{
  "auto_start": {
    "fileIdx": 8,
    "xy": [
      13.483,
      37.597
    ],
    "theta1": -2.249998154669934,
    "theta2": 0.470009928821602
  },
  "defense": {
    "fileIdx": 0,
    "xy": [
      13.916,
      32.975
    ],
    "theta1": -2.320003283300492,
    "theta2": 0.14499108801996527
  },
  "intake": {
    "fileIdx": 1,
    "xy": [
      13.79,
      18.725
    ],
    "theta1": -2.2099994509633594,
    "theta2": -0.5300267723780133
  },
  "double_substation": {
    "fileIdx": 2,
    "xy": [
      54.0,
      41.0
    ],
    "theta1": -0.5882131217117563,
    "theta2": 0.3202700177775532
  },
  "score_hybrid": {
    "fileIdx": 3,
    "xy": [
      23.75,
      6.0
    ],
    "theta1": -1.500531339035961,
    "theta2": -1.115756186246995
  },
  "score_mid_cube": {
    "fileIdx": 4,
    "xy": [
      38.0,
      29.5
    ],
    "theta1": -1.3321594810190756,
    "theta2": 0.3066159918717787
  },
  "score_high_cube": {
    "fileIdx": 5,
    "xy": [
      55.375,
      41.5
    ],
    "theta1": -0.5155623663182637,
    "theta2": 0.2560330391075301
  },
  "score_mid_cone": {
    "fileIdx": 6,
    "xy": [
      38.0,
      40.0
    ],
    "theta1": -1.114026837544003,
    "theta2": 0.846632062171126
  },
  "score_high_cone": {
    "fileIdx": 7,
    "xy": [
      55.0,
      52.0
    ],
    "theta1": -0.3189313004230045,
    "theta2": 0.583366716712705
  }
}