{
  "auto_start": {
    "fileIdx": 8,
    "theta1": -2.34,
    "theta2": -0.422,
    "xy": [
      13.425294865713918,
      22.204941395990364
    ]
  },
  "defense": {
    "fileIdx": 0,
    "theta1": -2.282,
    "theta2": 0.0,
    "xy": [
      16.37979180909816,
      29.545428236883918
    ]
  },
  "intake": {
    "fileIdx": 1,
    "theta1": -2.048,
    "theta2": -0.524,
    "xy": [
      18.852323573164934,
      15.759243735181833
    ]
  },
  "double_substation": {
    "fileIdx": 2,
    "theta1": -0.603,
    "theta2": 0.472,
    "xy": [
      54.00070738888733,
      44.00857429519952
    ]
  },
  "score_hybrid": {
    "fileIdx": 3,
    "theta1": -2.1,
    "theta2": 0.0,
    "xy": [
      20.373092183677862,
      26.693347100480416
    ]
  },
  "score_mid_cube": {
    "fileIdx": 4,
    "theta1": -1.411,
    "theta2": 0.485,
    "xy": [
      35.93593601688584,
      32.90125915148258
    ]
  },
  "score_high_cube": {
    "fileIdx": 5,
    "theta1": -0.679,
    "theta2": 0.442,
    "xy": [
      53.04527582051523,
      41.81242766391655
    ]
  },
  "score_mid_cone": {
    "fileIdx": 6,
    "theta1": -1.3,
    "theta2": 0.938,
    "xy": [
      32.850145572617784,
      40.51465564926416
    ]
  },
  "score_high_cone": {
    "fileIdx": 7,
    "theta1": -0.487,
    "theta2": 0.852,
    "xy": [
      50.86376258201263,
      52.79290384855669
    ]
  }
}