{
  "auto_start": {
    "fileIdx": 8,
    "xy": [
      13.483,
      37.597
    ],
    "theta1": -2.249998154669934,
    "theta2": 0.470009928821602
  },
  "defense": {
    "fileIdx": 0,
    "xy": [
      13.916,
      32.975
    ],
    "theta1": -2.320003283300492,
    "theta2": 0.14499108801996527
  },
  "intake": {
    "fileIdx": 1,
    "xy": [
      13.79,
      18.725
    ],
    "theta1": -2.2099994509633594,
    "theta2": -0.5300267723780133
  },
  "double_substation": {
    "fileIdx": 2,
    "xy": [
      54.0,
      44.0
    ],
    "theta1": -0.5379575123118848,
    "theta2": 0.4250143153744011
  },
  "score_hybrid": {
    "fileIdx": 3,
    "xy": [
      23.75,
      18.0
    ],
    "theta1": -1.8614304566562887,
    "theta2": -0.3286372405606191
  },
  "score_mid_cube": {
    "fileIdx": 4,
    "xy": [
      38.0,
      35.5
    ],
    "theta1": -1.2318123246322286,
    "theta2": 0.6150837147338291
  },
  "score_high_cube": {
    "fileIdx": 5,
    "xy": [
      55.375,
      47.5
    ],
    "theta1": -0.41002678542253845,
    "theta2": 0.4499281054596012
  },
  "score_mid_cone": {
    "fileIdx": 6,
    "xy": [
      38.0,
      46.0
    ],
    "theta1": -0.9081675339912049,
    "theta2": 1.142801826921316
  },
  "score_high_cone": {
    "fileIdx": 7,
    "xy": [
      55.0,
      58.0
    ],
    "theta1": -0.14623362786212193,
    "theta2": 0.679132799003892
  }
}