{
  "defense": {
    "fileIdx": 0,
    "xy": [
      6.0,
      25.0
    ],
    "theta1": -2.6340144613357515,
    "theta2": -0.6357933519361959
  },
  "intake": {
    "fileIdx": 1,
    "xy": [
      14.0,
      15.0
    ],
    "theta1": -2.1620322873535565,
    "theta2": -0.6804710812514777
  },
  "double_substation": {
    "fileIdx": 2,
    "xy": [
      22.25,
      37.3
    ],
    "theta1": -1.7898455617793574,
    "theta2": 0.7515075820083679
  },
  "score_hybrid": {
    "fileIdx": 3,
    "xy": [
      23.75,
      6.0
    ],
    "theta1": -1.5814308552511425,
    "theta2": -1.0161302228651823
  },
  "score_mid_cube": {
    "fileIdx": 4,
    "xy": [
      38.0,
      29.5
    ],
    "theta1": -1.3693308637888624,
    "theta2": 0.30227770934526754
  },
  "score_high_cube": {
    "fileIdx": 5,
    "xy": [
      55.375,
      41.5
    ],
    "theta1": -0.5661724907093407,
    "theta2": 0.3037993493337738
  },
  "score_mid_cone": {
    "fileIdx": 6,
    "xy": [
      38.0,
      40.0
    ],
    "theta1": -1.1542239777639787,
    "theta2": 0.8250027764654583
  },
  "score_high_cone": {
    "fileIdx": 7,
    "xy": [
      55.0,
      52.0
    ],
    "theta1": -0.36466568672996696,
    "theta2": 0.6205220039989158
  }
}