{
  "auto_start": {
    "fileIdx": 8,
    "theta1": -2.34,
    "theta2": -0.422,
    "xy": [
      13.425294865713918,
      22.204941395990364
    ]
  },
  "defense": {
    "fileIdx": 0,
    "theta1": -2.26,
    "theta2": 0.27,
    "xy": [
      16.091324335336708,
      34.63067257757764
    ]
  },
  "intake": {
    "fileIdx": 1,
    "theta1": -2.04,
    "theta2": -0.487,
    "xy": [
      19.41186628513903,
      16.32440252136499
    ]
  },
  "double_substation": {
    "fileIdx": 2,
    "theta1": -0.603,
    "theta2": 0.472,
    "xy": [
      54.00070738888733,
      44.00857429519952
    ]
  },
  "score_hybrid": {
    "fileIdx": 3,
    "theta1": -2.1,
    "theta2": 0.0,
    "xy": [
      20.373092183677862,
      26.693347100480416
    ]
  },
  "score_mid_cube": {
    "fileIdx": 4,
    "theta1": -1.411,
    "theta2": 0.485,
    "xy": [
      35.93593601688584,
      32.90125915148258
    ]
  },
  "score_high_cube": {
    "fileIdx": 5,
    "theta1": -0.679,
    "theta2": 0.442,
    "xy": [
      53.04527582051523,
      41.81242766391655
    ]
  },
  "score_mid_cone": {
    "fileIdx": 6,
    "theta1": -1.33,
    "theta2": 1.08,
    "xy": [
      29.60502191614621,
      41.85912883727322
    ]
  },
  "score_high_cone": {
    "fileIdx": 7,
    "theta1": -0.45,
    "theta2": 1.04,
    "xy": [
      48.19352404466825,
      55.93521723748523
    ]
  }
}